match_id,format,date,season,year,venue,city,country,team_1,team_2,india_involved,india_opponent,toss_winner,toss_decision,innings,result,winner,match_status,source,source_type
63963,TEST,2001-12-19,2001/02,2001,"M Chinnaswamy Stadium, Bangalore",Bengaluru,,England,India,True,England,England,bat,"[{""batting_team"":""England"",""declared"":false,""forfeited"":false,""innings_number"":1,""legal_deliveries"":741,""runs"":336,""super_over"":false,""target_overs"":null,""target_runs"":null,""wickets"":10},{""batting_team"":""India"",""declared"":false,""forfeited"":false,""innings_number"":2,""legal_deliveries"":567,""runs"":238,""super_over"":false,""target_overs"":null,""target_runs"":null,""wickets"":10},{""batting_team"":""England"",""declared"":false,""forfeited"":false,""innings_number"":3,""legal_deliveries"":43,""runs"":33,""super_over"":false,""target_overs"":null,""target_runs"":null,""wickets"":0}]",DRAW,,DRAWN,Cricsheet,HISTORICAL_DATA
66284,ODI,2002-06-29,2002,2002,"Lord's, London",London,,England,India,True,England,England,bat,"[{""batting_team"":""England"",""declared"":false,""forfeited"":false,""innings_number"":1,""legal_deliveries"":300,""runs"":271,""super_over"":false,""target_overs"":null,""target_runs"":null,""wickets"":7},{""batting_team"":""India"",""declared"":false,""forfeited"":false,""innings_number"":2,""legal_deliveries"":293,""runs"":272,""super_over"":false,""target_overs"":50,""target_runs"":272,""wickets"":4}]",INDIA_WIN,India,COMPLETED,Cricsheet,HISTORICAL_DATA
64814,ODI,2002-12-29,2002/03,2002,"McLean Park, Napier",Napier,,New Zealand,India,True,New Zealand,India,field,"[{""batting_team"":""New Zealand"",""declared"":false,""forfeited"":false,""innings_number"":1,""legal_deliveries"":300,""runs"":254,""super_over"":false,""target_overs"":null,""target_runs"":null,""wickets"":9},{""batting_team"":""India"",""declared"":false,""forfeited"":false,""innings_number"":2,""legal_deliveries"":262,""runs"":219,""super_over"":false,""target_overs"":48,""target_runs"":255,""wickets"":10}]",OPPONENT_WIN,New Zealand,COMPLETED,Cricsheet,HISTORICAL_DATA
64815,ODI,2003-01-01,2002/03,2003,"Jade Stadium, Christchurch",Christchurch,,India,New Zealand,True,New Zealand,India,bat,"[{""batting_team"":""India"",""declared"":false,""forfeited"":false,""innings_number"":1,""legal_deliveries"":247,""runs"":108,""super_over"":false,""target_overs"":null,""target_runs"":null,""wickets"":10},{""batting_team"":""New Zealand"",""declared"":false,""forfeited"":false,""innings_number"":2,""legal_deliveries"":161,""runs"":109,""super_over"":false,""target_overs"":50,""target_runs"":109,""wickets"":5}]",OPPONENT_WIN,New Zealand,COMPLETED,Cricsheet,HISTORICAL_DATA
64816,ODI,2003-01-04,2002/03,2003,"Davies Park, Queenstown",Queenstown,,India,New Zealand,True,New Zealand,New Zealand,field,"[{""batting_team"":""India"",""declared"":false,""forfeited"":false,""innings_number"":1,""legal_deliveries"":262,""runs"":122,""super_over"":false,""target_overs"":null,""target_runs"":null,""wickets"":10},{""batting_team"":""New Zealand"",""declared"":false,""forfeited"":false,""innings_number"":2,""legal_deliveries"":154,""runs"":123,""super_over"":false,""target_overs"":50,""target_runs"":123,""wickets"":3}]",OPPONENT_WIN,New Zealand,COMPLETED,Cricsheet,HISTORICAL_DATA
64817,ODI,2003-01-08,2002/03,2003,"Westpac Stadium, Wellington",Wellington,,New Zealand,India,True,New Zealand,New Zealand,bat,"[{""batting_team"":""New Zealand"",""declared"":false,""forfeited"":false,""innings_number"":1,""legal_deliveries"":256,""runs"":168,""super_over"":false,""target_overs"":null,""target_runs"":null,""wickets"":10},{""batting_team"":""India"",""declared"":false,""forfeited"":false,""innings_number"":2,""legal_deliveries"":260,""runs"":169,""super_over"":false,""target_overs"":50,""target_runs"":169,""wickets"":8}]",INDIA_WIN,India,COMPLETED,Cricsheet,HISTORICAL_DATA
64819,ODI,2003-01-14,2002/03,2003,"Westpac Park, Hamilton",Hamilton,,India,New Zealand,True,New Zealand,New Zealand,field,"[{""batting_team"":""India"",""declared"":false,""forfeited"":false,""innings_number"":1,""legal_deliveries"":269,""runs"":122,""super_over"":false,""target_overs"":null,""target_runs"":null,""wickets"":10},{""batting_team"":""New Zealand"",""declared"":false,""forfeited"":false,""innings_number"":2,""legal_deliveries"":172,""runs"":125,""super_over"":false,""target_overs"":50,""target_runs"":123,""wickets"":4}]",OPPONENT_WIN,New Zealand,COMPLETED,Cricsheet,HISTORICAL_DATA
65241,ODI,2003-02-12,2002/03,2003,"Boland Bank Park, Paarl",Paarl,,India,Netherlands,True,Netherlands,India,bat,"[{""batting_team"":""India"",""declared"":false,""forfeited"":false,""innings_number"":1,""legal_deliveries"":293,""runs"":204,""super_over"":false,""target_overs"":null,""target_runs"":null,""wickets"":10},{""batting_team"":""Netherlands"",""declared"":false,""forfeited"":false,""innings_number"":2,""legal_deliveries"":289,""runs"":136,""super_over"":false,""target_overs"":50,""target_runs"":205,""wickets"":10}]",INDIA_WIN,India,COMPLETED,Cricsheet,HISTORICAL_DATA
65244,ODI,2003-02-15,2002/03,2003,"SuperSport Park, Centurion",Centurion,,India,Australia,True,Australia,India,bat,"[{""batting_team"":""India"",""declared"":false,""forfeited"":false,""innings_number"":1,""legal_deliveries"":250,""runs"":125,""super_over"":false,""target_overs"":null,""target_runs"":null,""wickets"":10},{""batting_team"":""Australia"",""declared"":false,""forfeited"":false,""innings_number"":2,""legal_deliveries"":134,""runs"":128,""super_over"":false,""target_overs"":50,""target_runs"":126,""wickets"":1}]",OPPONENT_WIN,Australia,COMPLETED,Cricsheet,HISTORICAL_DATA
65250,ODI,2003-02-19,2002/03,2003,Harare Sports Club,Harare,,India,Zimbabwe,True,Zimbabwe,Zimbabwe,field,"[{""batting_team"":""India"",""declared"":false,""forfeited"":false,""innings_number"":1,""legal_deliveries"":299,""runs"":255,""super_over"":false,""target_overs"":null,""target_runs"":null,""wickets"":7},{""batting_team"":""Zimbabwe"",""declared"":false,""forfeited"":false,""innings_number"":2,""legal_deliveries"":268,""runs"":172,""super_over"":false,""target_overs"":50,""target_runs"":256,""wickets"":10}]",INDIA_WIN,India,COMPLETED,Cricsheet,HISTORICAL_DATA
65257,ODI,2003-02-23,2002/03,2003,"City Oval, Pietermaritzburg",Pietermaritzburg,,India,Namibia,True,Namibia,Namibia,field,"[{""batting_team"":""India"",""declared"":false,""forfeited"":false,""innings_number"":1,""legal_deliveries"":300,""runs"":311,""super_over"":false,""target_overs"":null,""target_runs"":null,""wickets"":2},{""batting_team"":""Namibia"",""declared"":false,""forfeited"":false,""innings_number"":2,""legal_deliveries"":255,""runs"":130,""super_over"":false,""target_overs"":50,""target_runs"":312,""wickets"":10}]",INDIA_WIN,India,COMPLETED,Cricsheet,HISTORICAL_DATA
65262,ODI,2003-02-26,2002/03,2003,"Kingsmead, Durban",Durban,,India,England,True,England,India,bat,"[{""batting_team"":""India"",""declared"":false,""forfeited"":false,""innings_number"":1,""legal_deliveries"":300,""runs"":250,""super_over"":false,""target_overs"":null,""target_runs"":null,""wickets"":9},{""batting_team"":""England"",""declared"":false,""forfeited"":false,""innings_number"":2,""legal_deliveries"":273,""runs"":168,""super_over"":false,""target_overs"":50,""target_runs"":251,""wickets"":10}]",INDIA_WIN,India,COMPLETED,Cricsheet,HISTORICAL_DATA
65268,ODI,2003-03-01,2002/03,2003,"SuperSport Park, Centurion",Centurion,,Pakistan,India,True,Pakistan,Pakistan,bat,"[{""batting_team"":""Pakistan"",""declared"":false,""forfeited"":false,""innings_number"":1,""legal_deliveries"":300,""runs"":273,""super_over"":false,""target_overs"":null,""target_runs"":null,""wickets"":7},{""batting_team"":""India"",""declared"":false,""forfeited"":false,""innings_number"":2,""legal_deliveries"":274,""runs"":276,""super_over"":false,""target_overs"":50,""target_runs"":274,""wickets"":4}]",INDIA_WIN,India,COMPLETED,Cricsheet,HISTORICAL_DATA
65276,ODI,2003-03-07,2002/03,2003,"Newlands, Cape Town",Cape Town,,Kenya,India,True,Kenya,Kenya,bat,"[{""batting_team"":""Kenya"",""declared"":false,""forfeited"":false,""innings_number"":1,""legal_deliveries"":300,""runs"":225,""super_over"":false,""target_overs"":null,""target_runs"":null,""wickets"":6},{""batting_team"":""India"",""declared"":false,""forfeited"":false,""innings_number"":2,""legal_deliveries"":287,""runs"":226,""super_over"":false,""target_overs"":50,""target_runs"":226,""wickets"":4}]",INDIA_WIN,India,COMPLETED,Cricsheet,HISTORICAL_DATA
65278,ODI,2003-03-10,2002/03,2003,"New Wanderers Stadium, Johannesburg",Johannesburg,,India,Sri Lanka,True,Sri Lanka,Sri Lanka,field,"[{""batting_team"":""India"",""declared"":false,""forfeited"":false,""innings_number"":1,""legal_deliveries"":300,""runs"":292,""super_over"":false,""target_overs"":null,""target_runs"":null,""wickets"":6},{""batting_team"":""Sri Lanka"",""declared"":false,""forfeited"":false,""innings_number"":2,""legal_deliveries"":138,""runs"":109,""super_over"":false,""target_overs"":50,""target_runs"":293,""wickets"":10}]",INDIA_WIN,India,COMPLETED,Cricsheet,HISTORICAL_DATA
65281,ODI,2003-03-14,2002/03,2003,"SuperSport Park, Centurion",Centurion,,New Zealand,India,True,New Zealand,India,field,"[{""batting_team"":""New Zealand"",""declared"":false,""forfeited"":false,""innings_number"":1,""legal_deliveries"":271,""runs"":146,""super_over"":false,""target_overs"":null,""target_runs"":null,""wickets"":10},{""batting_team"":""India"",""declared"":false,""forfeited"":false,""innings_number"":2,""legal_deliveries"":244,""runs"":150,""super_over"":false,""target_overs"":50,""target_runs"":147,""wickets"":3}]",INDIA_WIN,India,COMPLETED,Cricsheet,HISTORICAL_DATA
65285,ODI,2003-03-20,2002/03,2003,"Kingsmead, Durban",Durban,,India,Kenya,True,Kenya,India,bat,"[{""batting_team"":""India"",""declared"":false,""forfeited"":false,""innings_number"":1,""legal_deliveries"":300,""runs"":270,""super_over"":false,""target_overs"":null,""target_runs"":null,""wickets"":4},{""batting_team"":""Kenya"",""declared"":false,""forfeited"":false,""innings_number"":2,""legal_deliveries"":278,""runs"":179,""super_over"":false,""target_overs"":50,""target_runs"":271,""wickets"":10}]",INDIA_WIN,India,COMPLETED,Cricsheet,HISTORICAL_DATA
65286,ODI,2003-03-23,2002/03,2003,"New Wanderers Stadium, Johannesburg",Johannesburg,,Australia,India,True,Australia,India,field,"[{""batting_team"":""Australia"",""declared"":false,""forfeited"":false,""innings_number"":1,""legal_deliveries"":300,""runs"":359,""super_over"":false,""target_overs"":null,""target_runs"":null,""wickets"":2},{""batting_team"":""India"",""declared"":false,""forfeited"":false,""innings_number"":2,""legal_deliveries"":236,""runs"":234,""super_over"":false,""target_overs"":50,""target_runs"":360,""wickets"":10}]",OPPONENT_WIN,Australia,COMPLETED,Cricsheet,HISTORICAL_DATA
66356,ODI,2003-04-21,2003,2003,"Bangabandhu National Stadium, Dhaka",Dhaka,,India,South Africa,True,South Africa,India,bat,"[{""batting_team"":""India"",""declared"":false,""forfeited"":false,""innings_number"":1,""legal_deliveries"":103,""runs"":46,""super_over"":false,""target_overs"":null,""target_runs"":null,""wickets"":3}]",,,NO_RESULT,Cricsheet,HISTORICAL_DATA
64047,TEST,2003-10-16,2003/04,2003,"Punjab Cricket Association Stadium, Mohali, Chandigarh",Chandigarh,,New Zealand,India,True,New Zealand,New Zealand,bat,"[{""batting_team"":""New Zealand"",""declared"":true,""forfeited"":false,""innings_number"":1,""legal_deliveries"":1191,""runs"":630,""super_over"":false,""target_overs"":null,""target_runs"":null,""wickets"":6},{""batting_team"":""India"",""declared"":false,""forfeited"":false,""innings_number"":2,""legal_deliveries"":1032,""runs"":424,""super_over"":false,""target_overs"":null,""target_runs"":null,""wickets"":10},{""batting_team"":""India"",""declared"":false,""forfeited"":false,""innings_number"":3,""legal_deliveries"":414,""runs"":136,""super_over"":false,""target_overs"":null,""target_runs"":null,""wickets"":4}]",DRAW,,DRAWN,Cricsheet,HISTORICAL_DATA
66364,ODI,2003-10-23,2003/04,2003,"MA Chidambaram Stadium, Chepauk, Chennai",Chennai,,India,New Zealand,True,New Zealand,India,bat,"[{""batting_team"":""India"",""declared"":false,""forfeited"":false,""innings_number"":1,""legal_deliveries"":161,""runs"":141,""super_over"":false,""target_overs"":null,""target_runs"":null,""wickets"":3}]",,,NO_RESULT,Cricsheet,HISTORICAL_DATA
66365,ODI,2003-10-26,2003/04,2003,"Captain Roop Singh Stadium, Gwalior",Gwalior,,India,Australia,True,Australia,India,bat,"[{""batting_team"":""India"",""declared"":false,""forfeited"":false,""innings_number"":1,""legal_deliveries"":300,""runs"":283,""super_over"":false,""target_overs"":null,""target_runs"":null,""wickets"":5},{""batting_team"":""Australia"",""declared"":false,""forfeited"":false,""innings_number"":2,""legal_deliveries"":300,""runs"":246,""super_over"":false,""target_overs"":50,""target_runs"":284,""wickets"":9}]",INDIA_WIN,India,COMPLETED,Cricsheet,HISTORICAL_DATA
66367,ODI,2003-11-01,2003/04,2003,"Wankhede Stadium, Mumbai",Mumbai,,Australia,India,True,Australia,Australia,bat,"[{""batting_team"":""Australia"",""declared"":false,""forfeited"":false,""innings_number"":1,""legal_deliveries"":300,""runs"":286,""super_over"":false,""target_overs"":null,""target_runs"":null,""wickets"":8},{""batting_team"":""India"",""declared"":false,""forfeited"":false,""innings_number"":2,""legal_deliveries"":278,""runs"":209,""super_over"":false,""target_overs"":50,""target_runs"":287,""wickets"":10}]",OPPONENT_WIN,Australia,COMPLETED,Cricsheet,HISTORICAL_DATA
66369,ODI,2003-11-06,2003/04,2003,"Barabati Stadium, Cuttack",Cuttack,,India,New Zealand,True,New Zealand,India,bat,"[{""batting_team"":""India"",""declared"":false,""forfeited"":false,""innings_number"":1,""legal_deliveries"":300,""runs"":246,""super_over"":false,""target_overs"":null,""target_runs"":null,""wickets"":9},{""batting_team"":""New Zealand"",""declared"":false,""forfeited"":false,""innings_number"":2,""legal_deliveries"":285,""runs"":249,""super_over"":false,""target_overs"":50,""target_runs"":247,""wickets"":6}]",OPPONENT_WIN,New Zealand,COMPLETED,Cricsheet,HISTORICAL_DATA
66372,ODI,2003-11-15,2003/04,2003,"Lal Bahadur Shastri Stadium, Hyderabad, Deccan",Hyderabad,,India,New Zealand,True,New Zealand,India,bat,"[{""batting_team"":""India"",""declared"":false,""forfeited"":false,""innings_number"":1,""legal_deliveries"":300,""runs"":353,""super_over"":false,""target_overs"":null,""target_runs"":null,""wickets"":5},{""batting_team"":""New Zealand"",""declared"":false,""forfeited"":false,""innings_number"":2,""legal_deliveries"":282,""runs"":208,""super_over"":false,""target_overs"":50,""target_runs"":354,""wickets"":10}]",INDIA_WIN,India,COMPLETED,Cricsheet,HISTORICAL_DATA
64059,TEST,2003-12-04,2003/04,2003,"Brisbane Cricket Ground, Woolloongabba, Brisbane",Brisbane,,Australia,India,True,Australia,India,field,"[{""batting_team"":""Australia"",""declared"":false,""forfeited"":false,""innings_number"":1,""legal_deliveries"":469,""runs"":323,""super_over"":false,""target_overs"":null,""target_runs"":null,""wickets"":10},{""batting_team"":""India"",""declared"":false,""forfeited"":false,""innings_number"":2,""legal_deliveries"":721,""runs"":409,""super_over"":false,""target_overs"":null,""target_runs"":null,""wickets"":10},{""batting_team"":""Australia"",""declared"":true,""forfeited"":false,""innings_number"":3,""legal_deliveries"":372,""runs"":284,""super_over"":false,""target_overs"":null,""target_runs"":null,""wickets"":3},{""batting_team"":""India"",""declared"":false,""forfeited"":false,""innings_number"":4,""legal_deliveries"":96,""runs"":73,""super_over"":false,""target_overs"":null,""target_runs"":null,""wickets"":2}]",DRAW,,DRAWN,Cricsheet,HISTORICAL_DATA
64062,TEST,2004-01-02,2003/04,2004,Sydney Cricket Ground,Sydney,,India,Australia,True,Australia,India,bat,"[{""batting_team"":""India"",""declared"":true,""forfeited"":false,""innings_number"":1,""legal_deliveries"":1125,""runs"":705,""super_over"":false,""target_overs"":null,""target_runs"":null,""wickets"":7},{""batting_team"":""Australia"",""declared"":false,""forfeited"":false,""innings_number"":2,""legal_deliveries"":707,""runs"":474,""super_over"":false,""target_overs"":null,""target_runs"":null,""wickets"":10},{""batting_team"":""India"",""declared"":true,""forfeited"":false,""innings_number"":3,""legal_deliveries"":260,""runs"":211,""super_over"":false,""target_overs"":null,""target_runs"":null,""wickets"":2},{""batting_team"":""Australia"",""declared"":false,""forfeited"":false,""innings_number"":4,""legal_deliveries"":563,""runs"":357,""super_over"":false,""target_overs"":null,""target_runs"":null,""wickets"":6}]",DRAW,,DRAWN,Cricsheet,HISTORICAL_DATA
65643,ODI,2004-01-09,2003/04,2004,Melbourne Cricket Ground,Melbourne,,Australia,India,True,Australia,Australia,bat,"[{""batting_team"":""Australia"",""declared"":false,""forfeited"":false,""innings_number"":1,""legal_deliveries"":291,""runs"":288,""super_over"":false,""target_overs"":null,""target_runs"":null,""wickets"":10},{""batting_team"":""India"",""declared"":false,""forfeited"":false,""innings_number"":2,""legal_deliveries"":294,""runs"":270,""super_over"":false,""target_overs"":50,""target_runs"":289,""wickets"":10}]",OPPONENT_WIN,Australia,COMPLETED,Cricsheet,HISTORICAL_DATA
65645,ODI,2004-01-14,2003/04,2004,Bellerive Oval,Hobart,,Zimbabwe,India,True,Zimbabwe,Zimbabwe,bat,"[{""batting_team"":""Zimbabwe"",""declared"":false,""forfeited"":false,""innings_number"":1,""legal_deliveries"":300,""runs"":208,""super_over"":false,""target_overs"":null,""target_runs"":null,""wickets"":6},{""batting_team"":""India"",""declared"":false,""forfeited"":false,""innings_number"":2,""legal_deliveries"":225,""runs"":211,""super_over"":false,""target_overs"":50,""target_runs"":209,""wickets"":3}]",INDIA_WIN,India,COMPLETED,Cricsheet,HISTORICAL_DATA
65647,ODI,2004-01-18,2003/04,2004,Brisbane Cricket Ground,Brisbane,,India,Australia,True,Australia,India,bat,"[{""batting_team"":""India"",""declared"":false,""forfeited"":false,""innings_number"":1,""legal_deliveries"":300,""runs"":303,""super_over"":false,""target_overs"":null,""target_runs"":null,""wickets"":4},{""batting_team"":""Australia"",""declared"":false,""forfeited"":false,""innings_number"":2,""legal_deliveries"":298,""runs"":284,""super_over"":false,""target_overs"":50,""target_runs"":304,""wickets"":10}]",INDIA_WIN,India,COMPLETED,Cricsheet,HISTORICAL_DATA
65648,ODI,2004-01-20,2003/04,2004,Brisbane Cricket Ground,Brisbane,,India,Zimbabwe,True,Zimbabwe,India,bat,"[{""batting_team"":""India"",""declared"":false,""forfeited"":false,""innings_number"":1,""legal_deliveries"":300,""runs"":255,""super_over"":false,""target_overs"":null,""target_runs"":null,""wickets"":6},{""batting_team"":""Zimbabwe"",""declared"":false,""forfeited"":false,""innings_number"":2,""legal_deliveries"":283,""runs"":231,""super_over"":false,""target_overs"":50,""target_runs"":256,""wickets"":9}]",INDIA_WIN,India,COMPLETED,Cricsheet,HISTORICAL_DATA
65649,ODI,2004-01-22,2003/04,2004,Sydney Cricket Ground,Sydney,,India,Australia,True,Australia,India,bat,"[{""batting_team"":""India"",""declared"":false,""forfeited"":false,""innings_number"":1,""legal_deliveries"":300,""runs"":296,""super_over"":false,""target_overs"":null,""target_runs"":null,""wickets"":4},{""batting_team"":""Australia"",""declared"":false,""forfeited"":false,""innings_number"":2,""legal_deliveries"":203,""runs"":225,""super_over"":false,""target_overs"":34,""target_runs"":225,""wickets"":8}]",OPPONENT_WIN,Australia,COMPLETED,Cricsheet,HISTORICAL_DATA
65653,ODI,2004-02-01,2003/04,2004,W.A.C.A. Ground,Perth,,India,Australia,True,Australia,India,bat,"[{""batting_team"":""India"",""declared"":false,""forfeited"":false,""innings_number"":1,""legal_deliveries"":294,""runs"":203,""super_over"":false,""target_overs"":null,""target_runs"":null,""wickets"":10},{""batting_team"":""Australia"",""declared"":false,""forfeited"":false,""innings_number"":2,""legal_deliveries"":192,""runs"":204,""super_over"":false,""target_overs"":50,""target_runs"":204,""wickets"":5}]",OPPONENT_WIN,Australia,COMPLETED,Cricsheet,HISTORICAL_DATA
65655,ODI,2004-02-06,2003/04,2004,Melbourne Cricket Ground,Melbourne,,India,Australia,True,Australia,India,bat,"[{""batting_team"":""India"",""declared"":false,""forfeited"":false,""innings_number"":1,""legal_deliveries"":294,""runs"":222,""super_over"":false,""target_overs"":null,""target_runs"":null,""wickets"":10},{""batting_team"":""Australia"",""declared"":false,""forfeited"":false,""innings_number"":2,""legal_deliveries"":241,""runs"":224,""super_over"":false,""target_overs"":50,""target_runs"":223,""wickets"":3}]",OPPONENT_WIN,Australia,COMPLETED,Cricsheet,HISTORICAL_DATA
65656,ODI,2004-02-08,2003/04,2004,Sydney Cricket Ground,Sydney,,Australia,India,True,Australia,Australia,bat,"[{""batting_team"":""Australia"",""declared"":false,""forfeited"":false,""innings_number"":1,""legal_deliveries"":300,""runs"":359,""super_over"":false,""target_overs"":null,""target_runs"":null,""wickets"":5},{""batting_team"":""India"",""declared"":false,""forfeited"":false,""innings_number"":2,""legal_deliveries"":200,""runs"":151,""super_over"":false,""target_overs"":50,""target_runs"":360,""wickets"":10}]",OPPONENT_WIN,Australia,COMPLETED,Cricsheet,HISTORICAL_DATA
64882,ODI,2004-03-16,2003/04,2004,Rawalpindi Cricket Stadium,Rawalpindi,,Pakistan,India,True,Pakistan,Pakistan,bat,"[{""batting_team"":""Pakistan"",""declared"":false,""forfeited"":false,""innings_number"":1,""legal_deliveries"":300,""runs"":329,""super_over"":false,""target_overs"":null,""target_runs"":null,""wickets"":6},{""batting_team"":""India"",""declared"":false,""forfeited"":false,""innings_number"":2,""legal_deliveries"":292,""runs"":317,""super_over"":false,""target_overs"":50,""target_runs"":330,""wickets"":10}]",OPPONENT_WIN,Pakistan,COMPLETED,Cricsheet,HISTORICAL_DATA
64883,ODI,2004-03-19,2003/04,2004,Arbab Niaz Stadium,Peshawar,,India,Pakistan,True,Pakistan,Pakistan,field,"[{""batting_team"":""India"",""declared"":false,""forfeited"":false,""innings_number"":1,""legal_deliveries"":300,""runs"":244,""super_over"":false,""target_overs"":null,""target_runs"":null,""wickets"":9},{""batting_team"":""Pakistan"",""declared"":false,""forfeited"":false,""innings_number"":2,""legal_deliveries"":284,""runs"":247,""super_over"":false,""target_overs"":50,""target_runs"":245,""wickets"":6}]",OPPONENT_WIN,Pakistan,COMPLETED,Cricsheet,HISTORICAL_DATA
64884,ODI,2004-03-21,2003/04,2004,Gaddafi Stadium,Lahore,,Pakistan,India,True,Pakistan,Pakistan,bat,"[{""batting_team"":""Pakistan"",""declared"":false,""forfeited"":false,""innings_number"":1,""legal_deliveries"":300,""runs"":293,""super_over"":false,""target_overs"":null,""target_runs"":null,""wickets"":9},{""batting_team"":""India"",""declared"":false,""forfeited"":false,""innings_number"":2,""legal_deliveries"":270,""runs"":294,""super_over"":false,""target_overs"":50,""target_runs"":294,""wickets"":5}]",INDIA_WIN,India,COMPLETED,Cricsheet,HISTORICAL_DATA
64885,ODI,2004-03-24,2003/04,2004,Gaddafi Stadium,Lahore,,India,Pakistan,True,Pakistan,Pakistan,field,"[{""batting_team"":""India"",""declared"":false,""forfeited"":false,""innings_number"":1,""legal_deliveries"":300,""runs"":293,""super_over"":false,""target_overs"":null,""target_runs"":null,""wickets"":7},{""batting_team"":""Pakistan"",""declared"":false,""forfeited"":false,""innings_number"":2,""legal_deliveries"":287,""runs"":253,""super_over"":false,""target_overs"":50,""target_runs"":294,""wickets"":10}]",INDIA_WIN,India,COMPLETED,Cricsheet,HISTORICAL_DATA
64083,TEST,2004-04-13,2003/04,2004,Rawalpindi Cricket Stadium,Rawalpindi,,Pakistan,India,True,Pakistan,India,field,"[{""batting_team"":""Pakistan"",""declared"":false,""forfeited"":false,""innings_number"":1,""legal_deliveries"":437,""runs"":224,""super_over"":false,""target_overs"":null,""target_runs"":null,""wickets"":10},{""batting_team"":""India"",""declared"":false,""forfeited"":false,""innings_number"":2,""legal_deliveries"":1064,""runs"":600,""super_over"":false,""target_overs"":null,""target_runs"":null,""wickets"":10},{""batting_team"":""Pakistan"",""declared"":false,""forfeited"":false,""innings_number"":3,""legal_deliveries"":324,""runs"":245,""super_over"":false,""target_overs"":null,""target_runs"":null,""wickets"":10}]",INDIA_WIN,India,COMPLETED,Cricsheet,HISTORICAL_DATA
65716,ODI,2004-07-27,2004,2004,R.Premadasa Stadium,Colombo,,India,Sri Lanka,True,Sri Lanka,India,bat,"[{""batting_team"":""India"",""declared"":false,""forfeited"":false,""innings_number"":1,""legal_deliveries"":300,""runs"":271,""super_over"":false,""target_overs"":null,""target_runs"":null,""wickets"":6},{""batting_team"":""Sri Lanka"",""declared"":false,""forfeited"":false,""innings_number"":2,""legal_deliveries"":300,""runs"":267,""super_over"":false,""target_overs"":50,""target_runs"":272,""wickets"":9}]",INDIA_WIN,India,COMPLETED,Cricsheet,HISTORICAL_DATA
65718,ODI,2004-08-01,2004,2004,R.Premadasa Stadium,Colombo,,Sri Lanka,India,True,Sri Lanka,Sri Lanka,bat,"[{""batting_team"":""Sri Lanka"",""declared"":false,""forfeited"":false,""innings_number"":1,""legal_deliveries"":300,""runs"":228,""super_over"":false,""target_overs"":null,""target_runs"":null,""wickets"":9},{""batting_team"":""India"",""declared"":false,""forfeited"":false,""innings_number"":2,""legal_deliveries"":300,""runs"":203,""super_over"":false,""target_overs"":50,""target_runs"":229,""wickets"":9}]",OPPONENT_WIN,Sri Lanka,COMPLETED,Cricsheet,HISTORICAL_DATA
66374,ODI,2004-08-21,2004,2004,VRA Cricket Ground,Amstelveen,,Pakistan,India,True,Pakistan,India,field,"[{""batting_team"":""Pakistan"",""declared"":false,""forfeited"":false,""innings_number"":1,""legal_deliveries"":198,""runs"":192,""super_over"":false,""target_overs"":null,""target_runs"":null,""wickets"":6},{""batting_team"":""India"",""declared"":false,""forfeited"":false,""innings_number"":2,""legal_deliveries"":162,""runs"":127,""super_over"":false,""target_overs"":33,""target_runs"":194,""wickets"":10}]",OPPONENT_WIN,Pakistan,COMPLETED,Cricsheet,HISTORICAL_DATA
66375,ODI,2004-08-23,2004,2004,VRA Cricket Ground,Amstelveen,,Australia,India,True,Australia,Australia,bat,"[{""batting_team"":""Australia"",""declared"":false,""forfeited"":false,""innings_number"":1,""legal_deliveries"":190,""runs"":175,""super_over"":false,""target_overs"":null,""target_runs"":null,""wickets"":7}]",,,NO_RESULT,Cricsheet,HISTORICAL_DATA
65032,ODI,2004-09-01,2004,2004,Trent Bridge,Nottingham,,India,England,True,England,England,field,"[{""batting_team"":""India"",""declared"":false,""forfeited"":false,""innings_number"":1,""legal_deliveries"":263,""runs"":170,""super_over"":false,""target_overs"":null,""target_runs"":null,""wickets"":10},{""batting_team"":""England"",""declared"":false,""forfeited"":false,""innings_number"":2,""legal_deliveries"":194,""runs"":171,""super_over"":false,""target_overs"":50,""target_runs"":171,""wickets"":3}]",OPPONENT_WIN,England,COMPLETED,Cricsheet,HISTORICAL_DATA
65033,ODI,2004-09-03,2004,2004,Kennington Oval,London,,England,India,True,England,India,field,"[{""batting_team"":""England"",""declared"":false,""forfeited"":false,""innings_number"":1,""legal_deliveries"":300,""runs"":307,""super_over"":false,""target_overs"":null,""target_runs"":null,""wickets"":5},{""batting_team"":""India"",""declared"":false,""forfeited"":false,""innings_number"":2,""legal_deliveries"":279,""runs"":237,""super_over"":false,""target_overs"":50,""target_runs"":308,""wickets"":10}]",OPPONENT_WIN,England,COMPLETED,Cricsheet,HISTORICAL_DATA
65034,ODI,2004-09-05,2004,2004,Lord's,London,,India,England,True,England,India,bat,"[{""batting_team"":""India"",""declared"":false,""forfeited"":false,""innings_number"":1,""legal_deliveries"":297,""runs"":204,""super_over"":false,""target_overs"":null,""target_runs"":null,""wickets"":10},{""batting_team"":""England"",""declared"":false,""forfeited"":false,""innings_number"":2,""legal_deliveries"":290,""runs"":181,""super_over"":false,""target_overs"":50,""target_runs"":205,""wickets"":10}]",INDIA_WIN,India,COMPLETED,Cricsheet,HISTORICAL_DATA
66198,ODI,2004-09-11,2004,2004,The Rose Bowl,Southampton,,India,Kenya,True,Kenya,Kenya,field,"[{""batting_team"":""India"",""declared"":false,""forfeited"":false,""innings_number"":1,""legal_deliveries"":300,""runs"":290,""super_over"":false,""target_overs"":null,""target_runs"":null,""wickets"":4},{""batting_team"":""Kenya"",""declared"":false,""forfeited"":false,""innings_number"":2,""legal_deliveries"":300,""runs"":192,""super_over"":false,""target_overs"":50,""target_runs"":291,""wickets"":7}]",INDIA_WIN,India,COMPLETED,Cricsheet,HISTORICAL_DATA
66207,ODI,2004-09-19,2004,2004,Edgbaston,Birmingham,,India,Pakistan,True,Pakistan,Pakistan,field,"[{""batting_team"":""India"",""declared"":false,""forfeited"":false,""innings_number"":1,""legal_deliveries"":299,""runs"":200,""super_over"":false,""target_overs"":null,""target_runs"":null,""wickets"":10},{""batting_team"":""Pakistan"",""declared"":false,""forfeited"":false,""innings_number"":2,""legal_deliveries"":296,""runs"":201,""super_over"":false,""target_overs"":50,""target_runs"":201,""wickets"":7}]",OPPONENT_WIN,Pakistan,COMPLETED,Cricsheet,HISTORICAL_DATA
64100,TEST,2004-10-14,2004/05,2004,MA Chidambaram Stadium,Chennai,,Australia,India,True,Australia,Australia,bat,"[{""batting_team"":""Australia"",""declared"":false,""forfeited"":false,""innings_number"":1,""legal_deliveries"":429,""runs"":235,""super_over"":false,""target_overs"":null,""target_runs"":null,""wickets"":10},{""batting_team"":""India"",""declared"":false,""forfeited"":false,""innings_number"":2,""legal_deliveries"":807,""runs"":376,""super_over"":false,""target_overs"":null,""target_runs"":null,""wickets"":10},{""batting_team"":""Australia"",""declared"":false,""forfeited"":false,""innings_number"":3,""legal_deliveries"":803,""runs"":369,""super_over"":false,""target_overs"":null,""target_runs"":null,""wickets"":10},{""batting_team"":""India"",""declared"":false,""forfeited"":false,""innings_number"":4,""legal_deliveries"":18,""runs"":19,""super_over"":false,""target_overs"":null,""target_runs"":null,""wickets"":0}]",DRAW,,DRAWN,Cricsheet,HISTORICAL_DATA
64102,TEST,2004-11-03,2004/05,2004,Wankhede Stadium,Mumbai,,India,Australia,True,Australia,India,bat,"[{""batting_team"":""India"",""declared"":false,""forfeited"":false,""innings_number"":1,""legal_deliveries"":249,""runs"":104,""super_over"":false,""target_overs"":null,""target_runs"":null,""wickets"":10},{""batting_team"":""Australia"",""declared"":false,""forfeited"":false,""innings_number"":2,""legal_deliveries"":369,""runs"":203,""super_over"":false,""target_overs"":null,""target_runs"":null,""wickets"":10},{""batting_team"":""India"",""declared"":false,""forfeited"":false,""innings_number"":3,""legal_deliveries"":410,""runs"":205,""super_over"":false,""target_overs"":null,""target_runs"":null,""wickets"":10},{""batting_team"":""Australia"",""declared"":false,""forfeited"":false,""innings_number"":4,""legal_deliveries"":185,""runs"":93,""super_over"":false,""target_overs"":null,""target_runs"":null,""wickets"":10}]",INDIA_WIN,India,COMPLETED,Cricsheet,HISTORICAL_DATA
64109,TEST,2004-11-20,2004/05,2004,Green Park,Kanpur,,South Africa,India,True,South Africa,South Africa,bat,"[{""batting_team"":""South Africa"",""declared"":true,""forfeited"":false,""innings_number"":1,""legal_deliveries"":1144,""runs"":510,""super_over"":false,""target_overs"":null,""target_runs"":null,""wickets"":9},{""batting_team"":""India"",""declared"":false,""forfeited"":false,""innings_number"":2,""legal_deliveries"":808,""runs"":466,""super_over"":false,""target_overs"":null,""target_runs"":null,""wickets"":10},{""batting_team"":""South Africa"",""declared"":false,""forfeited"":false,""innings_number"":3,""legal_deliveries"":384,""runs"":169,""super_over"":false,""target_overs"":null,""target_runs"":null,""wickets"":4}]",DRAW,,DRAWN,Cricsheet,HISTORICAL_DATA
64110,TEST,2004-11-28,2004/05,2004,Eden Gardens,Kolkata,,South Africa,India,True,South Africa,South Africa,bat,"[{""batting_team"":""South Africa"",""declared"":false,""forfeited"":false,""innings_number"":1,""legal_deliveries"":729,""runs"":305,""super_over"":false,""target_overs"":null,""target_runs"":null,""wickets"":10},{""batting_team"":""India"",""declared"":false,""forfeited"":false,""innings_number"":2,""legal_deliveries"":901,""runs"":411,""super_over"":false,""target_overs"":null,""target_runs"":null,""wickets"":10},{""batting_team"":""South Africa"",""declared"":false,""forfeited"":false,""innings_number"":3,""legal_deliveries"":448,""runs"":222,""super_over"":false,""target_overs"":null,""target_runs"":null,""wickets"":10},{""batting_team"":""India"",""declared"":false,""forfeited"":false,""innings_number"":4,""legal_deliveries"":238,""runs"":120,""super_over"":false,""target_overs"":null,""target_runs"":null,""wickets"":2}]",INDIA_WIN,India,COMPLETED,Cricsheet,HISTORICAL_DATA
64111,TEST,2004-12-10,2004/05,2004,Bangabandhu National Stadium,Dhaka,,Bangladesh,India,True,Bangladesh,India,field,"[{""batting_team"":""Bangladesh"",""declared"":false,""forfeited"":false,""innings_number"":1,""legal_deliveries"":347,""runs"":184,""super_over"":false,""target_overs"":null,""target_runs"":null,""wickets"":10},{""batting_team"":""India"",""declared"":false,""forfeited"":false,""innings_number"":2,""legal_deliveries"":821,""runs"":526,""super_over"":false,""target_overs"":null,""target_runs"":null,""wickets"":10},{""batting_team"":""Bangladesh"",""declared"":false,""forfeited"":false,""innings_number"":3,""legal_deliveries"":320,""runs"":202,""super_over"":false,""target_overs"":null,""target_runs"":null,""wickets"":10}]",INDIA_WIN,India,COMPLETED,Cricsheet,HISTORICAL_DATA
64914,ODI,2004-12-23,2004/05,2004,MA Aziz Stadium,Chattogram,,India,Bangladesh,True,Bangladesh,Bangladesh,field,"[{""batting_team"":""India"",""declared"":false,""forfeited"":false,""innings_number"":1,""legal_deliveries"":300,""runs"":245,""super_over"":false,""target_overs"":null,""target_runs"":null,""wickets"":8},{""batting_team"":""Bangladesh"",""declared"":false,""forfeited"":false,""innings_number"":2,""legal_deliveries"":300,""runs"":234,""super_over"":false,""target_overs"":50,""target_runs"":246,""wickets"":8}]",INDIA_WIN,India,COMPLETED,Cricsheet,HISTORICAL_DATA
64917,ODI,2004-12-27,2004/05,2004,Bangabandhu National Stadium,Dhaka,,India,Bangladesh,True,Bangladesh,India,bat,"[{""batting_team"":""India"",""declared"":false,""forfeited"":false,""innings_number"":1,""legal_deliveries"":300,""runs"":348,""super_over"":false,""target_overs"":null,""target_runs"":null,""wickets"":5},{""batting_team"":""Bangladesh"",""declared"":false,""forfeited"":false,""innings_number"":2,""legal_deliveries"":300,""runs"":257,""super_over"":false,""target_overs"":50,""target_runs"":349,""wickets"":9}]",INDIA_WIN,India,COMPLETED,Cricsheet,HISTORICAL_DATA
64939,ODI,2005-04-05,2004/05,2005,Dr. Y.S. Rajasekhara Reddy ACA-VDCA Cricket Stadium,Visakhapatnam,,India,Pakistan,True,Pakistan,India,bat,"[{""batting_team"":""India"",""declared"":false,""forfeited"":false,""innings_number"":1,""legal_deliveries"":300,""runs"":356,""super_over"":false,""target_overs"":null,""target_runs"":null,""wickets"":9},{""batting_team"":""Pakistan"",""declared"":false,""forfeited"":false,""innings_number"":2,""legal_deliveries"":265,""runs"":298,""super_over"":false,""target_overs"":50,""target_runs"":357,""wickets"":10}]",INDIA_WIN,India,COMPLETED,Cricsheet,HISTORICAL_DATA
64941,ODI,2005-04-12,2004/05,2005,"Sardar Patel (Gujarat) Stadium, Motera",Ahmedabad,,India,Pakistan,True,Pakistan,India,bat,"[{""batting_team"":""India"",""declared"":false,""forfeited"":false,""innings_number"":1,""legal_deliveries"":288,""runs"":315,""super_over"":false,""target_overs"":null,""target_runs"":null,""wickets"":6},{""batting_team"":""Pakistan"",""declared"":false,""forfeited"":false,""innings_number"":2,""legal_deliveries"":288,""runs"":319,""super_over"":false,""target_overs"":48,""target_runs"":316,""wickets"":7}]",OPPONENT_WIN,Pakistan,COMPLETED,Cricsheet,HISTORICAL_DATA
64942,ODI,2005-04-15,2004/05,2005,Green Park,Kanpur,,India,Pakistan,True,Pakistan,India,bat,"[{""batting_team"":""India"",""declared"":false,""forfeited"":false,""innings_number"":1,""legal_deliveries"":300,""runs"":249,""super_over"":false,""target_overs"":null,""target_runs"":null,""wickets"":6},{""batting_team"":""Pakistan"",""declared"":false,""forfeited"":false,""innings_number"":2,""legal_deliveries"":253,""runs"":252,""super_over"":false,""target_overs"":50,""target_runs"":250,""wickets"":5}]",OPPONENT_WIN,Pakistan,COMPLETED,Cricsheet,HISTORICAL_DATA
64943,ODI,2005-04-17,2004/05,2005,Arun Jaitley Stadium,Delhi,,Pakistan,India,True,Pakistan,Pakistan,bat,"[{""batting_team"":""Pakistan"",""declared"":false,""forfeited"":false,""innings_number"":1,""legal_deliveries"":300,""runs"":303,""super_over"":false,""target_overs"":null,""target_runs"":null,""wickets"":8},{""batting_team"":""India"",""declared"":false,""forfeited"":false,""innings_number"":2,""legal_deliveries"":222,""runs"":144,""super_over"":false,""target_overs"":50,""target_runs"":304,""wickets"":10}]",OPPONENT_WIN,Pakistan,COMPLETED,Cricsheet,HISTORICAL_DATA
214742,ODI,2005-07-31,2005,2005,Rangiri Dambulla International Stadium,,,West Indies,India,True,West Indies,West Indies,bat,"[{""batting_team"":""West Indies"",""declared"":false,""forfeited"":false,""innings_number"":1,""legal_deliveries"":286,""runs"":178,""super_over"":false,""target_overs"":null,""target_runs"":null,""wickets"":10},{""batting_team"":""India"",""declared"":false,""forfeited"":false,""innings_number"":2,""legal_deliveries"":216,""runs"":180,""super_over"":false,""target_overs"":50,""target_runs"":179,""wickets"":4}]",INDIA_WIN,India,COMPLETED,Cricsheet,HISTORICAL_DATA
217481,ODI,2005-08-29,2005,2005,Harare Sports Club,,,India,Zimbabwe,True,Zimbabwe,Zimbabwe,field,"[{""batting_team"":""India"",""declared"":false,""forfeited"":false,""innings_number"":1,""legal_deliveries"":300,""runs"":226,""super_over"":false,""target_overs"":null,""target_runs"":null,""wickets"":6},{""batting_team"":""Zimbabwe"",""declared"":false,""forfeited"":false,""innings_number"":2,""legal_deliveries"":147,""runs"":65,""super_over"":false,""target_overs"":50,""target_runs"":227,""wickets"":10}]",INDIA_WIN,India,COMPLETED,Cricsheet,HISTORICAL_DATA
217979,ODI,2005-09-04,2005,2005,Harare Sports Club,,,Zimbabwe,India,True,Zimbabwe,India,field,"[{""batting_team"":""Zimbabwe"",""declared"":false,""forfeited"":false,""innings_number"":1,""legal_deliveries"":300,""runs"":250,""super_over"":false,""target_overs"":null,""target_runs"":null,""wickets"":10},{""batting_team"":""India"",""declared"":false,""forfeited"":false,""innings_number"":2,""legal_deliveries"":289,""runs"":255,""super_over"":false,""target_overs"":50,""target_runs"":251,""wickets"":6}]",INDIA_WIN,India,COMPLETED,Cricsheet,HISTORICAL_DATA
218250,ODI,2005-09-06,2005,2005,Harare Sports Club,,,India,New Zealand,True,New Zealand,India,bat,"[{""batting_team"":""India"",""declared"":false,""forfeited"":false,""innings_number"":1,""legal_deliveries"":297,""runs"":276,""super_over"":false,""target_overs"":null,""target_runs"":null,""wickets"":10},{""batting_team"":""New Zealand"",""declared"":false,""forfeited"":false,""innings_number"":2,""legal_deliveries"":289,""runs"":278,""super_over"":false,""target_overs"":50,""target_runs"":277,""wickets"":4}]",OPPONENT_WIN,New Zealand,COMPLETED,Cricsheet,HISTORICAL_DATA
219062,TEST,2005-09-13,2005,2005,Queens Sports Club,Bulawayo,,Zimbabwe,India,True,Zimbabwe,Zimbabwe,bat,"[{""batting_team"":""Zimbabwe"",""declared"":false,""forfeited"":false,""innings_number"":1,""legal_deliveries"":593,""runs"":279,""super_over"":false,""target_overs"":null,""target_runs"":null,""wickets"":10},{""batting_team"":""India"",""declared"":false,""forfeited"":false,""innings_number"":2,""legal_deliveries"":908,""runs"":554,""super_over"":false,""target_overs"":null,""target_runs"":null,""wickets"":10},{""batting_team"":""Zimbabwe"",""declared"":false,""forfeited"":false,""innings_number"":3,""legal_deliveries"":287,""runs"":185,""super_over"":false,""target_overs"":null,""target_runs"":null,""wickets"":10}]",INDIA_WIN,India,COMPLETED,Cricsheet,HISTORICAL_DATA
223018,ODI,2005-10-25,2005/06,2005,Vidarbha C.A. Ground,Nagpur,,India,Sri Lanka,True,Sri Lanka,India,bat,"[{""batting_team"":""India"",""declared"":false,""forfeited"":false,""innings_number"":1,""legal_deliveries"":300,""runs"":350,""super_over"":false,""target_overs"":null,""target_runs"":null,""wickets"":6},{""batting_team"":""Sri Lanka"",""declared"":false,""forfeited"":false,""innings_number"":2,""legal_deliveries"":214,""runs"":198,""super_over"":false,""target_overs"":50,""target_runs"":351,""wickets"":10}]",INDIA_WIN,India,COMPLETED,Cricsheet,HISTORICAL_DATA
223334,ODI,2005-10-28,2005/06,2005,"Punjab Cricket Association IS Bindra Stadium, Mohali",Chandigarh,,Sri Lanka,India,True,Sri Lanka,India,field,"[{""batting_team"":""Sri Lanka"",""declared"":false,""forfeited"":false,""innings_number"":1,""legal_deliveries"":214,""runs"":122,""super_over"":false,""target_overs"":null,""target_runs"":null,""wickets"":10},{""batting_team"":""India"",""declared"":false,""forfeited"":false,""innings_number"":2,""legal_deliveries"":122,""runs"":123,""super_over"":false,""target_overs"":50,""target_runs"":123,""wickets"":2}]",INDIA_WIN,India,COMPLETED,Cricsheet,HISTORICAL_DATA
223902,ODI,2005-11-03,2005/06,2005,Nehru Stadium,Pune,,Sri Lanka,India,True,Sri Lanka,India,field,"[{""batting_team"":""Sri Lanka"",""declared"":false,""forfeited"":false,""innings_number"":1,""legal_deliveries"":299,""runs"":261,""super_over"":false,""target_overs"":null,""target_runs"":null,""wickets"":10},{""batting_team"":""India"",""declared"":false,""forfeited"":false,""innings_number"":2,""legal_deliveries"":274,""runs"":262,""super_over"":false,""target_overs"":50,""target_runs"":262,""wickets"":6}]",INDIA_WIN,India,COMPLETED,Cricsheet,HISTORICAL_DATA
224231,ODI,2005-11-06,2005/06,2005,"Sardar Patel (Gujarat) Stadium, Motera",Ahmedabad,,India,Sri Lanka,True,Sri Lanka,Sri Lanka,field,"[{""batting_team"":""India"",""declared"":false,""forfeited"":false,""innings_number"":1,""legal_deliveries"":300,""runs"":285,""super_over"":false,""target_overs"":null,""target_runs"":null,""wickets"":8},{""batting_team"":""Sri Lanka"",""declared"":false,""forfeited"":false,""innings_number"":2,""legal_deliveries"":286,""runs"":286,""super_over"":false,""target_overs"":50,""target_runs"":286,""wickets"":5}]",OPPONENT_WIN,Sri Lanka,COMPLETED,Cricsheet,HISTORICAL_DATA
224556,ODI,2005-11-09,2005/06,2005,Madhavrao Scindia Cricket Ground,Rajkot,,Sri Lanka,India,True,Sri Lanka,India,field,"[{""batting_team"":""Sri Lanka"",""declared"":false,""forfeited"":false,""innings_number"":1,""legal_deliveries"":257,""runs"":196,""super_over"":false,""target_overs"":null,""target_runs"":null,""wickets"":10},{""batting_team"":""India"",""declared"":false,""forfeited"":false,""innings_number"":2,""legal_deliveries"":209,""runs"":197,""super_over"":false,""target_overs"":50,""target_runs"":197,""wickets"":3}]",INDIA_WIN,India,COMPLETED,Cricsheet,HISTORICAL_DATA
225437,ODI,2005-11-12,2005/06,2005,Reliance Stadium,Vadodara,,Sri Lanka,India,True,Sri Lanka,Sri Lanka,bat,"[{""batting_team"":""Sri Lanka"",""declared"":false,""forfeited"":false,""innings_number"":1,""legal_deliveries"":300,""runs"":244,""super_over"":false,""target_overs"":null,""target_runs"":null,""wickets"":9},{""batting_team"":""India"",""declared"":false,""forfeited"":false,""innings_number"":2,""legal_deliveries"":237,""runs"":245,""super_over"":false,""target_overs"":50,""target_runs"":245,""wickets"":5}]",INDIA_WIN,India,COMPLETED,Cricsheet,HISTORICAL_DATA
225959,ODI,2005-11-16,2005/06,2005,"Rajiv Gandhi International Stadium, Uppal",Hyderabad,,India,South Africa,True,South Africa,South Africa,field,"[{""batting_team"":""India"",""declared"":false,""forfeited"":false,""innings_number"":1,""legal_deliveries"":300,""runs"":249,""super_over"":false,""target_overs"":null,""target_runs"":null,""wickets"":9},{""batting_team"":""South Africa"",""declared"":false,""forfeited"":false,""innings_number"":2,""legal_deliveries"":293,""runs"":252,""super_over"":false,""target_overs"":50,""target_runs"":250,""wickets"":5}]",OPPONENT_WIN,South Africa,COMPLETED,Cricsheet,HISTORICAL_DATA
226359,ODI,2005-11-28,2005/06,2005,Wankhede Stadium,Mumbai,,South Africa,India,True,South Africa,India,field,"[{""batting_team"":""South Africa"",""declared"":false,""forfeited"":false,""innings_number"":1,""legal_deliveries"":300,""runs"":221,""super_over"":false,""target_overs"":null,""target_runs"":null,""wickets"":6},{""batting_team"":""India"",""declared"":false,""forfeited"":false,""innings_number"":2,""legal_deliveries"":285,""runs"":224,""super_over"":false,""target_overs"":50,""target_runs"":222,""wickets"":5}]",INDIA_WIN,India,COMPLETED,Cricsheet,HISTORICAL_DATA
226363,TEST,2005-12-18,2005/06,2005,Sardar Patel Stadium,Ahmedabad,,India,Sri Lanka,True,Sri Lanka,India,bat,"[{""batting_team"":""India"",""declared"":false,""forfeited"":false,""innings_number"":1,""legal_deliveries"":736,""runs"":398,""super_over"":false,""target_overs"":null,""target_runs"":null,""wickets"":10},{""batting_team"":""Sri Lanka"",""declared"":false,""forfeited"":false,""innings_number"":2,""legal_deliveries"":380,""runs"":206,""super_over"":false,""target_overs"":null,""target_runs"":null,""wickets"":10},{""batting_team"":""India"",""declared"":true,""forfeited"":false,""innings_number"":3,""legal_deliveries"":426,""runs"":316,""super_over"":false,""target_overs"":null,""target_runs"":null,""wickets"":9},{""batting_team"":""Sri Lanka"",""declared"":false,""forfeited"":false,""innings_number"":4,""legal_deliveries"":555,""runs"":249,""super_over"":false,""target_overs"":null,""target_runs"":null,""wickets"":10}]",INDIA_WIN,India,COMPLETED,Cricsheet,HISTORICAL_DATA
233797,TEST,2006-01-21,2005/06,2006,Iqbal Stadium,Faisalabad,,Pakistan,India,True,Pakistan,Pakistan,bat,"[{""batting_team"":""Pakistan"",""declared"":false,""forfeited"":false,""innings_number"":1,""legal_deliveries"":818,""runs"":588,""super_over"":false,""target_overs"":null,""target_runs"":null,""wickets"":10},{""batting_team"":""India"",""declared"":false,""forfeited"":false,""innings_number"":2,""legal_deliveries"":994,""runs"":603,""super_over"":false,""target_overs"":null,""target_runs"":null,""wickets"":10},{""batting_team"":""Pakistan"",""declared"":true,""forfeited"":false,""innings_number"":3,""legal_deliveries"":700,""runs"":490,""super_over"":false,""target_overs"":null,""target_runs"":null,""wickets"":8},{""batting_team"":""India"",""declared"":false,""forfeited"":false,""innings_number"":4,""legal_deliveries"":48,""runs"":21,""super_over"":false,""target_overs"":null,""target_runs"":null,""wickets"":0}]",DRAW,,DRAWN,Cricsheet,HISTORICAL_DATA
234783,TEST,2006-01-29,2005/06,2006,National Stadium,Karachi,,Pakistan,India,True,Pakistan,India,field,"[{""batting_team"":""Pakistan"",""declared"":false,""forfeited"":false,""innings_number"":1,""legal_deliveries"":361,""runs"":245,""super_over"":false,""target_overs"":null,""target_runs"":null,""wickets"":10},{""batting_team"":""India"",""declared"":false,""forfeited"":false,""innings_number"":2,""legal_deliveries"":325,""runs"":238,""super_over"":false,""target_overs"":null,""target_runs"":null,""wickets"":10},{""batting_team"":""Pakistan"",""declared"":true,""forfeited"":false,""innings_number"":3,""legal_deliveries"":841,""runs"":599,""super_over"":false,""target_overs"":null,""target_runs"":null,""wickets"":7},{""batting_team"":""India"",""declared"":false,""forfeited"":false,""innings_number"":4,""legal_deliveries"":352,""runs"":265,""super_over"":false,""target_overs"":null,""target_runs"":null,""wickets"":10}]",OPPONENT_WIN,Pakistan,COMPLETED,Cricsheet,HISTORICAL_DATA
235831,ODI,2006-02-06,2005/06,2006,Arbab Niaz Stadium,Peshawar,,Pakistan,India,True,Pakistan,Pakistan,field,"[{""batting_team"":""India"",""declared"":false,""forfeited"":false,""innings_number"":1,""legal_deliveries"":298,""runs"":328,""super_over"":false,""target_overs"":null,""target_runs"":null,""wickets"":10},{""batting_team"":""Pakistan"",""declared"":false,""forfeited"":false,""innings_number"":2,""legal_deliveries"":282,""runs"":311,""super_over"":false,""target_overs"":47,""target_runs"":305,""wickets"":7}]",OPPONENT_WIN,Pakistan,COMPLETED,Cricsheet,HISTORICAL_DATA
236520,ODI,2006-02-11,2005/06,2006,Rawalpindi Cricket Stadium,,,Pakistan,India,True,Pakistan,Pakistan,bat,"[{""batting_team"":""Pakistan"",""declared"":false,""forfeited"":false,""innings_number"":1,""legal_deliveries"":296,""runs"":265,""super_over"":false,""target_overs"":null,""target_runs"":null,""wickets"":10},{""batting_team"":""India"",""declared"":false,""forfeited"":false,""innings_number"":2,""legal_deliveries"":259,""runs"":266,""super_over"":false,""target_overs"":50,""target_runs"":266,""wickets"":3}]",INDIA_WIN,India,COMPLETED,Cricsheet,HISTORICAL_DATA
236809,ODI,2006-02-13,2005/06,2006,Gaddafi Stadium,Lahore,,Pakistan,India,True,Pakistan,India,field,"[{""batting_team"":""Pakistan"",""declared"":false,""forfeited"":false,""innings_number"":1,""legal_deliveries"":300,""runs"":288,""super_over"":false,""target_overs"":null,""target_runs"":null,""wickets"":8},{""batting_team"":""India"",""declared"":false,""forfeited"":false,""innings_number"":2,""legal_deliveries"":286,""runs"":292,""super_over"":false,""target_overs"":50,""target_runs"":289,""wickets"":5}]",INDIA_WIN,India,COMPLETED,Cricsheet,HISTORICAL_DATA
237222,ODI,2006-02-16,2005/06,2006,Multan Cricket Stadium,,,Pakistan,India,True,Pakistan,India,field,"[{""batting_team"":""Pakistan"",""declared"":false,""forfeited"":false,""innings_number"":1,""legal_deliveries"":251,""runs"":161,""super_over"":false,""target_overs"":null,""target_runs"":null,""wickets"":10},{""batting_team"":""India"",""declared"":false,""forfeited"":false,""innings_number"":2,""legal_deliveries"":195,""runs"":162,""super_over"":false,""target_overs"":50,""target_runs"":162,""wickets"":5}]",INDIA_WIN,India,COMPLETED,Cricsheet,HISTORICAL_DATA
237571,ODI,2006-02-19,2005/06,2006,National Stadium,Karachi,,Pakistan,India,True,Pakistan,India,field,"[{""batting_team"":""Pakistan"",""declared"":false,""forfeited"":false,""innings_number"":1,""legal_deliveries"":299,""runs"":286,""super_over"":false,""target_overs"":null,""target_runs"":null,""wickets"":8},{""batting_team"":""India"",""declared"":false,""forfeited"":false,""innings_number"":2,""legal_deliveries"":281,""runs"":287,""super_over"":false,""target_overs"":50,""target_runs"":287,""wickets"":2}]",INDIA_WIN,India,COMPLETED,Cricsheet,HISTORICAL_DATA
239025,TEST,2006-03-01,2005/06,2006,Vidarbha C.A. Ground,Nagpur,,England,India,True,England,England,bat,"[{""batting_team"":""England"",""declared"":false,""forfeited"":false,""innings_number"":1,""legal_deliveries"":767,""runs"":393,""super_over"":false,""target_overs"":null,""target_runs"":null,""wickets"":10},{""batting_team"":""India"",""declared"":false,""forfeited"":false,""innings_number"":2,""legal_deliveries"":821,""runs"":323,""super_over"":false,""target_overs"":null,""target_runs"":null,""wickets"":10},{""batting_team"":""England"",""declared"":true,""forfeited"":false,""innings_number"":3,""legal_deliveries"":522,""runs"":297,""super_over"":false,""target_overs"":null,""target_runs"":null,""wickets"":3},{""batting_team"":""India"",""declared"":false,""forfeited"":false,""innings_number"":4,""legal_deliveries"":470,""runs"":260,""super_over"":false,""target_overs"":null,""target_runs"":null,""wickets"":6}]",DRAW,,DRAWN,Cricsheet,HISTORICAL_DATA
238186,TEST,2006-03-09,2005/06,2006,"Punjab Cricket Association IS Bindra Stadium, Mohali",Chandigarh,,England,India,True,England,England,bat,"[{""batting_team"":""England"",""declared"":false,""forfeited"":false,""innings_number"":1,""legal_deliveries"":622,""runs"":300,""super_over"":false,""target_overs"":null,""target_runs"":null,""wickets"":10},{""batting_team"":""India"",""declared"":false,""forfeited"":false,""innings_number"":2,""legal_deliveries"":578,""runs"":338,""super_over"":false,""target_overs"":null,""target_runs"":null,""wickets"":10},{""batting_team"":""England"",""declared"":false,""forfeited"":false,""innings_number"":3,""legal_deliveries"":457,""runs"":181,""super_over"":false,""target_overs"":null,""target_runs"":null,""wickets"":10},{""batting_team"":""India"",""declared"":false,""forfeited"":false,""innings_number"":4,""legal_deliveries"":198,""runs"":144,""super_over"":false,""target_overs"":null,""target_runs"":null,""wickets"":1}]",INDIA_WIN,India,COMPLETED,Cricsheet,HISTORICAL_DATA
238188,ODI,2006-03-28,2005/06,2006,Feroz Shah Kotla,Delhi,,India,England,True,England,England,field,"[{""batting_team"":""India"",""declared"":false,""forfeited"":false,""innings_number"":1,""legal_deliveries"":280,""runs"":203,""super_over"":false,""target_overs"":null,""target_runs"":null,""wickets"":10},{""batting_team"":""England"",""declared"":false,""forfeited"":false,""innings_number"":2,""legal_deliveries"":229,""runs"":164,""super_over"":false,""target_overs"":50,""target_runs"":204,""wickets"":10}]",INDIA_WIN,India,COMPLETED,Cricsheet,HISTORICAL_DATA
238189,ODI,2006-03-31,2005/06,2006,Nahar Singh Stadium,Faridabad,,India,England,True,England,England,bat,"[{""batting_team"":""England"",""declared"":false,""forfeited"":false,""innings_number"":1,""legal_deliveries"":299,""runs"":226,""super_over"":false,""target_overs"":null,""target_runs"":null,""wickets"":10},{""batting_team"":""India"",""declared"":false,""forfeited"":false,""innings_number"":2,""legal_deliveries"":293,""runs"":230,""super_over"":false,""target_overs"":50,""target_runs"":227,""wickets"":6}]",INDIA_WIN,India,COMPLETED,Cricsheet,HISTORICAL_DATA
238190,ODI,2006-04-03,2005/06,2006,"Nehru Stadium, Fatorda",Margao,,India,England,True,England,India,bat,"[{""batting_team"":""India"",""declared"":false,""forfeited"":false,""innings_number"":1,""legal_deliveries"":300,""runs"":294,""super_over"":false,""target_overs"":null,""target_runs"":null,""wickets"":6},{""batting_team"":""England"",""declared"":false,""forfeited"":false,""innings_number"":2,""legal_deliveries"":293,""runs"":245,""super_over"":false,""target_overs"":50,""target_runs"":295,""wickets"":10}]",INDIA_WIN,India,COMPLETED,Cricsheet,HISTORICAL_DATA
238193,ODI,2006-04-12,2005/06,2006,Keenan Stadium,Jamshedpur,,India,England,True,England,India,bat,"[{""batting_team"":""India"",""declared"":false,""forfeited"":false,""innings_number"":1,""legal_deliveries"":288,""runs"":223,""super_over"":false,""target_overs"":null,""target_runs"":null,""wickets"":10},{""batting_team"":""England"",""declared"":false,""forfeited"":false,""innings_number"":2,""legal_deliveries"":256,""runs"":227,""super_over"":false,""target_overs"":50,""target_runs"":224,""wickets"":5}]",OPPONENT_WIN,England,COMPLETED,Cricsheet,HISTORICAL_DATA
238194,ODI,2006-04-15,2005/06,2006,Maharani Usharaje Trust Cricket Ground,Indore,,India,England,True,England,India,field,"[{""batting_team"":""England"",""declared"":false,""forfeited"":false,""innings_number"":1,""legal_deliveries"":299,""runs"":288,""super_over"":false,""target_overs"":null,""target_runs"":null,""wickets"":10},{""batting_team"":""India"",""declared"":false,""forfeited"":false,""innings_number"":2,""legal_deliveries"":295,""runs"":289,""super_over"":false,""target_overs"":50,""target_runs"":289,""wickets"":3}]",INDIA_WIN,India,COMPLETED,Cricsheet,HISTORICAL_DATA
244510,ODI,2006-04-18,2005/06,2006,Sheikh Zayed Stadium,Abu Dhabi,,India,Pakistan,True,Pakistan,India,bat,"[{""batting_team"":""India"",""declared"":false,""forfeited"":false,""innings_number"":1,""legal_deliveries"":300,""runs"":197,""super_over"":false,""target_overs"":null,""target_runs"":null,""wickets"":10},{""batting_team"":""Pakistan"",""declared"":false,""forfeited"":false,""innings_number"":2,""legal_deliveries"":291,""runs"":201,""super_over"":false,""target_overs"":50,""target_runs"":198,""wickets"":4}]",OPPONENT_WIN,Pakistan,COMPLETED,Cricsheet,HISTORICAL_DATA
244511,ODI,2006-04-19,2005/06,2006,Sheikh Zayed Stadium,Abu Dhabi,,India,Pakistan,True,Pakistan,India,bat,"[{""batting_team"":""India"",""declared"":false,""forfeited"":false,""innings_number"":1,""legal_deliveries"":300,""runs"":269,""super_over"":false,""target_overs"":null,""target_runs"":null,""wickets"":5},{""batting_team"":""Pakistan"",""declared"":false,""forfeited"":false,""innings_number"":2,""legal_deliveries"":272,""runs"":218,""super_over"":false,""target_overs"":50,""target_runs"":270,""wickets"":10}]",INDIA_WIN,India,COMPLETED,Cricsheet,HISTORICAL_DATA
239916,ODI,2006-05-20,2006,2006,"Sabina Park, Kingston",Jamaica,,West Indies,India,True,West Indies,India,field,"[{""batting_team"":""West Indies"",""declared"":false,""forfeited"":false,""innings_number"":1,""legal_deliveries"":300,""runs"":198,""super_over"":false,""target_overs"":null,""target_runs"":null,""wickets"":9},{""batting_team"":""India"",""declared"":false,""forfeited"":false,""innings_number"":2,""legal_deliveries"":298,""runs"":197,""super_over"":false,""target_overs"":50,""target_runs"":199,""wickets"":10}]",OPPONENT_WIN,West Indies,COMPLETED,Cricsheet,HISTORICAL_DATA
239917,ODI,2006-05-23,2006,2006,"Warner Park, Basseterre",St Kitts,,West Indies,India,True,West Indies,India,bat,"[{""batting_team"":""India"",""declared"":false,""forfeited"":false,""innings_number"":1,""legal_deliveries"":300,""runs"":245,""super_over"":false,""target_overs"":null,""target_runs"":null,""wickets"":9},{""batting_team"":""West Indies"",""declared"":false,""forfeited"":false,""innings_number"":2,""legal_deliveries"":299,""runs"":248,""super_over"":false,""target_overs"":50,""target_runs"":246,""wickets"":6}]",OPPONENT_WIN,West Indies,COMPLETED,Cricsheet,HISTORICAL_DATA
239918,ODI,2006-05-26,2006,2006,"Queen's Park Oval, Port of Spain",Trinidad,,West Indies,India,True,West Indies,West Indies,field,"[{""batting_team"":""India"",""declared"":false,""forfeited"":false,""innings_number"":1,""legal_deliveries"":300,""runs"":217,""super_over"":false,""target_overs"":null,""target_runs"":null,""wickets"":7},{""batting_team"":""West Indies"",""declared"":false,""forfeited"":false,""innings_number"":2,""legal_deliveries"":264,""runs"":218,""super_over"":false,""target_overs"":50,""target_runs"":218,""wickets"":4}]",OPPONENT_WIN,West Indies,COMPLETED,Cricsheet,HISTORICAL_DATA
239919,ODI,2006-05-28,2006,2006,"Queen's Park Oval, Port of Spain",Trinidad,,West Indies,India,True,West Indies,India,field,"[{""batting_team"":""West Indies"",""declared"":false,""forfeited"":false,""innings_number"":1,""legal_deliveries"":300,""runs"":255,""super_over"":false,""target_overs"":null,""target_runs"":null,""wickets"":6},{""batting_team"":""India"",""declared"":false,""forfeited"":false,""innings_number"":2,""legal_deliveries"":288,""runs"":236,""super_over"":false,""target_overs"":50,""target_runs"":256,""wickets"":10}]",OPPONENT_WIN,West Indies,COMPLETED,Cricsheet,HISTORICAL_DATA
239920,TEST,2006-06-02,2006,2006,"Antigua Recreation Ground, St John's",Antigua,,India,West Indies,True,West Indies,India,bat,"[{""batting_team"":""India"",""declared"":false,""forfeited"":false,""innings_number"":1,""legal_deliveries"":557,""runs"":241,""super_over"":false,""target_overs"":null,""target_runs"":null,""wickets"":10},{""batting_team"":""West Indies"",""declared"":false,""forfeited"":false,""innings_number"":2,""legal_deliveries"":591,""runs"":371,""super_over"":false,""target_overs"":null,""target_runs"":null,""wickets"":10},{""batting_team"":""India"",""declared"":true,""forfeited"":false,""innings_number"":3,""legal_deliveries"":905,""runs"":521,""super_over"":false,""target_overs"":null,""target_runs"":null,""wickets"":6},{""batting_team"":""West Indies"",""declared"":false,""forfeited"":false,""innings_number"":4,""legal_deliveries"":570,""runs"":298,""super_over"":false,""target_overs"":null,""target_runs"":null,""wickets"":9}]",DRAW,,DRAWN,Cricsheet,HISTORICAL_DATA
239921,TEST,2006-06-10,2006,2006,"Daren Sammy National Cricket Stadium, Gros Islet",St Lucia,,India,West Indies,True,West Indies,India,bat,"[{""batting_team"":""India"",""declared"":true,""forfeited"":false,""innings_number"":1,""legal_deliveries"":890,""runs"":588,""super_over"":false,""target_overs"":null,""target_runs"":null,""wickets"":8},{""batting_team"":""West Indies"",""declared"":false,""forfeited"":false,""innings_number"":2,""legal_deliveries"":511,""runs"":215,""super_over"":false,""target_overs"":null,""target_runs"":null,""wickets"":10},{""batting_team"":""West Indies"",""declared"":false,""forfeited"":false,""innings_number"":3,""legal_deliveries"":713,""runs"":294,""super_over"":false,""target_overs"":null,""target_runs"":null,""wickets"":7}]",DRAW,,DRAWN,Cricsheet,HISTORICAL_DATA
239922,TEST,2006-06-22,2006,2006,"Warner Park, Basseterre",St Kitts,,West Indies,India,True,West Indies,West Indies,bat,"[{""batting_team"":""West Indies"",""declared"":false,""forfeited"":false,""innings_number"":1,""legal_deliveries"":1020,""runs"":581,""super_over"":false,""target_overs"":null,""target_runs"":null,""wickets"":10},{""batting_team"":""India"",""declared"":false,""forfeited"":false,""innings_number"":2,""legal_deliveries"":642,""runs"":362,""super_over"":false,""target_overs"":null,""target_runs"":null,""wickets"":10},{""batting_team"":""West Indies"",""declared"":true,""forfeited"":false,""innings_number"":3,""legal_deliveries"":192,""runs"":172,""super_over"":false,""target_overs"":null,""target_runs"":null,""wickets"":6},{""batting_team"":""India"",""declared"":false,""forfeited"":false,""innings_number"":4,""legal_deliveries"":510,""runs"":298,""super_over"":false,""target_overs"":null,""target_runs"":null,""wickets"":4}]",DRAW,,DRAWN,Cricsheet,HISTORICAL_DATA
239923,TEST,2006-06-30,2006,2006,"Sabina Park, Kingston",Jamaica,,India,West Indies,True,West Indies,India,bat,"[{""batting_team"":""India"",""declared"":false,""forfeited"":false,""innings_number"":1,""legal_deliveries"":526,""runs"":200,""super_over"":false,""target_overs"":null,""target_runs"":null,""wickets"":10},{""batting_team"":""West Indies"",""declared"":false,""forfeited"":false,""innings_number"":2,""legal_deliveries"":201,""runs"":103,""super_over"":false,""target_overs"":null,""target_runs"":null,""wickets"":10},{""batting_team"":""India"",""declared"":false,""forfeited"":false,""innings_number"":3,""legal_deliveries"":391,""runs"":171,""super_over"":false,""target_overs"":null,""target_runs"":null,""wickets"":10},{""batting_team"":""West Indies"",""declared"":false,""forfeited"":false,""innings_number"":4,""legal_deliveries"":418,""runs"":219,""super_over"":false,""target_overs"":null,""target_runs"":null,""wickets"":10}]",INDIA_WIN,India,COMPLETED,Cricsheet,HISTORICAL_DATA
256665,ODI,2006-08-18,2006,2006,Sinhalese Sports Club Ground,Colombo,,Sri Lanka,India,True,Sri Lanka,India,bat,"[{""batting_team"":""India"",""declared"":false,""forfeited"":false,""innings_number"":1,""legal_deliveries"":22,""runs"":11,""super_over"":false,""target_overs"":null,""target_runs"":null,""wickets"":0}]",,,NO_RESULT,Cricsheet,HISTORICAL_DATA
256607,ODI,2006-09-14,2006/07,2006,Kinrara Academy Oval,Kuala Lumpur,,India,West Indies,True,West Indies,India,bat,"[{""batting_team"":""India"",""declared"":false,""forfeited"":false,""innings_number"":1,""legal_deliveries"":300,""runs"":309,""super_over"":false,""target_overs"":null,""target_runs"":null,""wickets"":5},{""batting_team"":""West Indies"",""declared"":false,""forfeited"":false,""innings_number"":2,""legal_deliveries"":120,""runs"":141,""super_over"":false,""target_overs"":20,""target_runs"":113,""wickets"":2}]",OPPONENT_WIN,West Indies,COMPLETED,Cricsheet,HISTORICAL_DATA
256608,ODI,2006-09-16,2006/07,2006,Kinrara Academy Oval,Kuala Lumpur,,Australia,India,True,Australia,Australia,bat,"[{""batting_team"":""Australia"",""declared"":false,""forfeited"":false,""innings_number"":1,""legal_deliveries"":296,""runs"":244,""super_over"":false,""target_overs"":null,""target_runs"":null,""wickets"":10},{""batting_team"":""India"",""declared"":false,""forfeited"":false,""innings_number"":2,""legal_deliveries"":48,""runs"":35,""super_over"":false,""target_overs"":29,""target_runs"":170,""wickets"":5}]",,,NO_RESULT,Cricsheet,HISTORICAL_DATA
256612,ODI,2006-09-20,2006/07,2006,Kinrara Academy Oval,Kuala Lumpur,,India,West Indies,True,West Indies,India,bat,"[{""batting_team"":""India"",""declared"":false,""forfeited"":false,""innings_number"":1,""legal_deliveries"":237,""runs"":162,""super_over"":false,""target_overs"":null,""target_runs"":null,""wickets"":10},{""batting_team"":""West Indies"",""declared"":false,""forfeited"":false,""innings_number"":2,""legal_deliveries"":246,""runs"":146,""super_over"":false,""target_overs"":50,""target_runs"":163,""wickets"":10}]",INDIA_WIN,India,COMPLETED,Cricsheet,HISTORICAL_DATA
256614,ODI,2006-09-22,2006/07,2006,Kinrara Academy Oval,Kuala Lumpur,,Australia,India,True,Australia,Australia,bat,"[{""batting_team"":""Australia"",""declared"":false,""forfeited"":false,""innings_number"":1,""legal_deliveries"":289,""runs"":213,""super_over"":false,""target_overs"":null,""target_runs"":null,""wickets"":10},{""batting_team"":""India"",""declared"":false,""forfeited"":false,""innings_number"":2,""legal_deliveries"":263,""runs"":195,""super_over"":false,""target_overs"":50,""target_runs"":214,""wickets"":10}]",OPPONENT_WIN,Australia,COMPLETED,Cricsheet,HISTORICAL_DATA
249745,ODI,2006-10-15,2006/07,2006,Sawai Mansingh Stadium,Jaipur,,India,England,True,England,India,field,"[{""batting_team"":""England"",""declared"":false,""forfeited"":false,""innings_number"":1,""legal_deliveries"":222,""runs"":125,""super_over"":false,""target_overs"":null,""target_runs"":null,""wickets"":10},{""batting_team"":""India"",""declared"":false,""forfeited"":false,""innings_number"":2,""legal_deliveries"":177,""runs"":126,""super_over"":false,""target_overs"":50,""target_runs"":126,""wickets"":6}]",INDIA_WIN,India,COMPLETED,Cricsheet,HISTORICAL_DATA
249753,ODI,2006-10-26,2006/07,2006,"Sardar Patel Stadium, Motera",Ahmedabad,,India,West Indies,True,West Indies,West Indies,field,"[{""batting_team"":""India"",""declared"":false,""forfeited"":false,""innings_number"":1,""legal_deliveries"":300,""runs"":223,""super_over"":false,""target_overs"":null,""target_runs"":null,""wickets"":9},{""batting_team"":""West Indies"",""declared"":false,""forfeited"":false,""innings_number"":2,""legal_deliveries"":298,""runs"":224,""super_over"":false,""target_overs"":50,""target_runs"":224,""wickets"":7}]",OPPONENT_WIN,West Indies,COMPLETED,Cricsheet,HISTORICAL_DATA
249756,ODI,2006-10-29,2006/07,2006,"Punjab Cricket Association Stadium, Mohali",Chandigarh,,India,Australia,True,Australia,India,bat,"[{""batting_team"":""India"",""declared"":false,""forfeited"":false,""innings_number"":1,""legal_deliveries"":300,""runs"":249,""super_over"":false,""target_overs"":null,""target_runs"":null,""wickets"":8},{""batting_team"":""Australia"",""declared"":false,""forfeited"":false,""innings_number"":2,""legal_deliveries"":274,""runs"":252,""super_over"":false,""target_overs"":50,""target_runs"":250,""wickets"":4}]",OPPONENT_WIN,Australia,COMPLETED,Cricsheet,HISTORICAL_DATA
249211,ODI,2006-11-22,2006/07,2006,Kingsmead,Durban,,South Africa,India,True,South Africa,South Africa,bat,"[{""batting_team"":""South Africa"",""declared"":false,""forfeited"":false,""innings_number"":1,""legal_deliveries"":300,""runs"":248,""super_over"":false,""target_overs"":null,""target_runs"":null,""wickets"":8},{""batting_team"":""India"",""declared"":false,""forfeited"":false,""innings_number"":2,""legal_deliveries"":175,""runs"":91,""super_over"":false,""target_overs"":50,""target_runs"":249,""wickets"":10}]",OPPONENT_WIN,South Africa,COMPLETED,Cricsheet,HISTORICAL_DATA
249212,ODI,2006-11-26,2006/07,2006,Newlands,Cape Town,,South Africa,India,True,South Africa,South Africa,bat,"[{""batting_team"":""South Africa"",""declared"":false,""forfeited"":false,""innings_number"":1,""legal_deliveries"":300,""runs"":274,""super_over"":false,""target_overs"":null,""target_runs"":null,""wickets"":7},{""batting_team"":""India"",""declared"":false,""forfeited"":false,""innings_number"":2,""legal_deliveries"":249,""runs"":168,""super_over"":false,""target_overs"":50,""target_runs"":275,""wickets"":10}]",OPPONENT_WIN,South Africa,COMPLETED,Cricsheet,HISTORICAL_DATA
249213,ODI,2006-11-29,2006/07,2006,St George's Park,Port Elizabeth,,South Africa,India,True,South Africa,South Africa,bat,"[{""batting_team"":""South Africa"",""declared"":false,""forfeited"":false,""innings_number"":1,""legal_deliveries"":300,""runs"":243,""super_over"":false,""target_overs"":null,""target_runs"":null,""wickets"":8},{""batting_team"":""India"",""declared"":false,""forfeited"":false,""innings_number"":2,""legal_deliveries"":229,""runs"":163,""super_over"":false,""target_overs"":50,""target_runs"":244,""wickets"":10}]",OPPONENT_WIN,South Africa,COMPLETED,Cricsheet,HISTORICAL_DATA
255954,T20I,2006-12-01,2006/07,2006,New Wanderers Stadium,Johannesburg,,South Africa,India,True,South Africa,South Africa,bat,"[{""batting_team"":""South Africa"",""declared"":false,""forfeited"":false,""innings_number"":1,""legal_deliveries"":120,""runs"":126,""super_over"":false,""target_overs"":null,""target_runs"":null,""wickets"":9},{""batting_team"":""India"",""declared"":false,""forfeited"":false,""innings_number"":2,""legal_deliveries"":119,""runs"":127,""super_over"":false,""target_overs"":20,""target_runs"":127,""wickets"":4}]",INDIA_WIN,India,COMPLETED,Cricsheet,HISTORICAL_DATA
249214,ODI,2006-12-03,2006/07,2006,SuperSport Park,Centurion,,South Africa,India,True,South Africa,South Africa,field,"[{""batting_team"":""India"",""declared"":false,""forfeited"":false,""innings_number"":1,""legal_deliveries"":300,""runs"":200,""super_over"":false,""target_overs"":null,""target_runs"":null,""wickets"":9},{""batting_team"":""South Africa"",""declared"":false,""forfeited"":false,""innings_number"":2,""legal_deliveries"":188,""runs"":201,""super_over"":false,""target_overs"":50,""target_runs"":201,""wickets"":1}]",OPPONENT_WIN,South Africa,COMPLETED,Cricsheet,HISTORICAL_DATA
249215,TEST,2006-12-15,2006/07,2006,The Wanderers Stadium,Johannesburg,,India,South Africa,True,South Africa,India,bat,"[{""batting_team"":""India"",""declared"":false,""forfeited"":false,""innings_number"":1,""legal_deliveries"":479,""runs"":249,""super_over"":false,""target_overs"":null,""target_runs"":null,""wickets"":10},{""batting_team"":""South Africa"",""declared"":false,""forfeited"":false,""innings_number"":2,""legal_deliveries"":151,""runs"":84,""super_over"":false,""target_overs"":null,""target_runs"":null,""wickets"":10},{""batting_team"":""India"",""declared"":false,""forfeited"":false,""innings_number"":3,""legal_deliveries"":388,""runs"":236,""super_over"":false,""target_overs"":null,""target_runs"":null,""wickets"":10},{""batting_team"":""South Africa"",""declared"":false,""forfeited"":false,""innings_number"":4,""legal_deliveries"":521,""runs"":278,""super_over"":false,""target_overs"":null,""target_runs"":null,""wickets"":10}]",INDIA_WIN,India,COMPLETED,Cricsheet,HISTORICAL_DATA
249216,TEST,2006-12-26,2006/07,2006,Kingsmead,Durban,,South Africa,India,True,South Africa,South Africa,bat,"[{""batting_team"":""South Africa"",""declared"":false,""forfeited"":false,""innings_number"":1,""legal_deliveries"":549,""runs"":328,""super_over"":false,""target_overs"":null,""target_runs"":null,""wickets"":10},{""batting_team"":""India"",""declared"":false,""forfeited"":false,""innings_number"":2,""legal_deliveries"":467,""runs"":240,""super_over"":false,""target_overs"":null,""target_runs"":null,""wickets"":10},{""batting_team"":""South Africa"",""declared"":true,""forfeited"":false,""innings_number"":3,""legal_deliveries"":406,""runs"":265,""super_over"":false,""target_overs"":null,""target_runs"":null,""wickets"":8},{""batting_team"":""India"",""declared"":false,""forfeited"":false,""innings_number"":4,""legal_deliveries"":331,""runs"":179,""super_over"":false,""target_overs"":null,""target_runs"":null,""wickets"":10}]",OPPONENT_WIN,South Africa,COMPLETED,Cricsheet,HISTORICAL_DATA
249217,TEST,2007-01-02,2006/07,2007,Newlands,Cape Town,,India,South Africa,True,South Africa,India,bat,"[{""batting_team"":""India"",""declared"":false,""forfeited"":false,""innings_number"":1,""legal_deliveries"":787,""runs"":414,""super_over"":false,""target_overs"":null,""target_runs"":null,""wickets"":10},{""batting_team"":""South Africa"",""declared"":false,""forfeited"":false,""innings_number"":2,""legal_deliveries"":771,""runs"":373,""super_over"":false,""target_overs"":null,""target_runs"":null,""wickets"":10},{""batting_team"":""India"",""declared"":false,""forfeited"":false,""innings_number"":3,""legal_deliveries"":385,""runs"":169,""super_over"":false,""target_overs"":null,""target_runs"":null,""wickets"":10},{""batting_team"":""South Africa"",""declared"":false,""forfeited"":false,""innings_number"":4,""legal_deliveries"":385,""runs"":211,""super_over"":false,""target_overs"":null,""target_runs"":null,""wickets"":5}]",OPPONENT_WIN,South Africa,COMPLETED,Cricsheet,HISTORICAL_DATA
267708,ODI,2007-01-27,2006/07,2007,"MA Chidambaram Stadium, Chepauk",Chennai,,India,West Indies,True,West Indies,West Indies,field,"[{""batting_team"":""India"",""declared"":false,""forfeited"":false,""innings_number"":1,""legal_deliveries"":288,""runs"":268,""super_over"":false,""target_overs"":null,""target_runs"":null,""wickets"":10},{""batting_team"":""West Indies"",""declared"":false,""forfeited"":false,""innings_number"":2,""legal_deliveries"":262,""runs"":270,""super_over"":false,""target_overs"":50,""target_runs"":269,""wickets"":7}]",OPPONENT_WIN,West Indies,COMPLETED,Cricsheet,HISTORICAL_DATA
267709,ODI,2007-01-31,2006/07,2007,Indian Petrochemicals Corporation Limited Sports Complex Ground,Vadodara,,India,West Indies,True,West Indies,West Indies,field,"[{""batting_team"":""India"",""declared"":false,""forfeited"":false,""innings_number"":1,""legal_deliveries"":300,""runs"":341,""super_over"":false,""target_overs"":null,""target_runs"":null,""wickets"":3},{""batting_team"":""West Indies"",""declared"":false,""forfeited"":false,""innings_number"":2,""legal_deliveries"":250,""runs"":181,""super_over"":false,""target_overs"":50,""target_runs"":342,""wickets"":10}]",INDIA_WIN,India,COMPLETED,Cricsheet,HISTORICAL_DATA
267710,ODI,2007-02-08,2006/07,2007,Eden Gardens,Kolkata,,India,Sri Lanka,True,Sri Lanka,India,field,"[{""batting_team"":""Sri Lanka"",""declared"":false,""forfeited"":false,""innings_number"":1,""legal_deliveries"":110,""runs"":102,""super_over"":false,""target_overs"":null,""target_runs"":null,""wickets"":3}]",,,NO_RESULT,Cricsheet,HISTORICAL_DATA
267712,ODI,2007-02-11,2006/07,2007,Madhavrao Scindia Cricket Ground,Rajkot,,India,Sri Lanka,True,Sri Lanka,India,field,"[{""batting_team"":""Sri Lanka"",""declared"":false,""forfeited"":false,""innings_number"":1,""legal_deliveries"":300,""runs"":257,""super_over"":false,""target_overs"":null,""target_runs"":null,""wickets"":8},{""batting_team"":""India"",""declared"":false,""forfeited"":false,""innings_number"":2,""legal_deliveries"":300,""runs"":252,""super_over"":false,""target_overs"":50,""target_runs"":258,""wickets"":9}]",OPPONENT_WIN,Sri Lanka,COMPLETED,Cricsheet,HISTORICAL_DATA
267715,ODI,2007-02-14,2006/07,2007,"Nehru Stadium, Fatorda",Margao,,India,Sri Lanka,True,Sri Lanka,Sri Lanka,bat,"[{""batting_team"":""Sri Lanka"",""declared"":false,""forfeited"":false,""innings_number"":1,""legal_deliveries"":300,""runs"":230,""super_over"":false,""target_overs"":null,""target_runs"":null,""wickets"":8},{""batting_team"":""India"",""declared"":false,""forfeited"":false,""innings_number"":2,""legal_deliveries"":279,""runs"":233,""super_over"":false,""target_overs"":50,""target_runs"":231,""wickets"":5}]",INDIA_WIN,India,COMPLETED,Cricsheet,HISTORICAL_DATA
267713,ODI,2007-02-17,2006/07,2007,Andhra Cricket Association-Visakhapatnam District Cricket Association Stadium,Visakhapatnam,,India,Sri Lanka,True,Sri Lanka,India,field,"[{""batting_team"":""Sri Lanka"",""declared"":false,""forfeited"":false,""innings_number"":1,""legal_deliveries"":282,""runs"":259,""super_over"":false,""target_overs"":null,""target_runs"":null,""wickets"":7},{""batting_team"":""India"",""declared"":false,""forfeited"":false,""innings_number"":2,""legal_deliveries"":246,""runs"":263,""super_over"":false,""target_overs"":47,""target_runs"":260,""wickets"":3}]",INDIA_WIN,India,COMPLETED,Cricsheet,HISTORICAL_DATA
247464,ODI,2007-03-17,2006/07,2007,"Queen's Park Oval, Port of Spain",Trinidad,,Bangladesh,India,True,Bangladesh,India,bat,"[{""batting_team"":""India"",""declared"":false,""forfeited"":false,""innings_number"":1,""legal_deliveries"":297,""runs"":191,""super_over"":false,""target_overs"":null,""target_runs"":null,""wickets"":10},{""batting_team"":""Bangladesh"",""declared"":false,""forfeited"":false,""innings_number"":2,""legal_deliveries"":291,""runs"":192,""super_over"":false,""target_overs"":50,""target_runs"":192,""wickets"":5}]",OPPONENT_WIN,Bangladesh,COMPLETED,Cricsheet,HISTORICAL_DATA
247468,ODI,2007-03-19,2006/07,2007,"Queen's Park Oval, Port of Spain",Trinidad,,Bermuda,India,True,Bermuda,Bermuda,field,"[{""batting_team"":""India"",""declared"":false,""forfeited"":false,""innings_number"":1,""legal_deliveries"":300,""runs"":413,""super_over"":false,""target_overs"":null,""target_runs"":null,""wickets"":5},{""batting_team"":""Bermuda"",""declared"":false,""forfeited"":false,""innings_number"":2,""legal_deliveries"":259,""runs"":156,""super_over"":false,""target_overs"":50,""target_runs"":414,""wickets"":10}]",INDIA_WIN,India,COMPLETED,Cricsheet,HISTORICAL_DATA
247476,ODI,2007-03-23,2006/07,2007,"Queen's Park Oval, Port of Spain",Trinidad,,India,Sri Lanka,True,Sri Lanka,India,field,"[{""batting_team"":""Sri Lanka"",""declared"":false,""forfeited"":false,""innings_number"":1,""legal_deliveries"":300,""runs"":254,""super_over"":false,""target_overs"":null,""target_runs"":null,""wickets"":6},{""batting_team"":""India"",""declared"":false,""forfeited"":false,""innings_number"":2,""legal_deliveries"":261,""runs"":185,""super_over"":false,""target_overs"":50,""target_runs"":255,""wickets"":10}]",OPPONENT_WIN,Sri Lanka,COMPLETED,Cricsheet,HISTORICAL_DATA
282688,ODI,2007-05-10,2007,2007,Shere Bangla National Stadium,Mirpur,,Bangladesh,India,True,Bangladesh,Bangladesh,bat,"[{""batting_team"":""Bangladesh"",""declared"":false,""forfeited"":false,""innings_number"":1,""legal_deliveries"":282,""runs"":250,""super_over"":false,""target_overs"":null,""target_runs"":null,""wickets"":7},{""batting_team"":""India"",""declared"":false,""forfeited"":false,""innings_number"":2,""legal_deliveries"":276,""runs"":251,""super_over"":false,""target_overs"":47,""target_runs"":251,""wickets"":5}]",INDIA_WIN,India,COMPLETED,Cricsheet,HISTORICAL_DATA
282689,ODI,2007-05-12,2007,2007,Shere Bangla National Stadium,Mirpur,,Bangladesh,India,True,Bangladesh,India,bat,"[{""batting_team"":""India"",""declared"":false,""forfeited"":false,""innings_number"":1,""legal_deliveries"":294,""runs"":284,""super_over"":false,""target_overs"":null,""target_runs"":null,""wickets"":8},{""batting_team"":""Bangladesh"",""declared"":false,""forfeited"":false,""innings_number"":2,""legal_deliveries"":294,""runs"":238,""super_over"":false,""target_overs"":49,""target_runs"":285,""wickets"":9}]",INDIA_WIN,India,COMPLETED,Cricsheet,HISTORICAL_DATA
282691,TEST,2007-05-18,2007,2007,Zahur Ahmed Chowdhury Stadium,Chattogram,,India,Bangladesh,True,Bangladesh,India,bat,"[{""batting_team"":""India"",""declared"":true,""forfeited"":false,""innings_number"":1,""legal_deliveries"":593,""runs"":387,""super_over"":false,""target_overs"":null,""target_runs"":null,""wickets"":8},{""batting_team"":""Bangladesh"",""declared"":false,""forfeited"":false,""innings_number"":2,""legal_deliveries"":410,""runs"":238,""super_over"":false,""target_overs"":null,""target_runs"":null,""wickets"":10},{""batting_team"":""India"",""declared"":true,""forfeited"":false,""innings_number"":3,""legal_deliveries"":144,""runs"":100,""super_over"":false,""target_overs"":null,""target_runs"":null,""wickets"":6},{""batting_team"":""Bangladesh"",""declared"":false,""forfeited"":false,""innings_number"":4,""legal_deliveries"":168,""runs"":104,""super_over"":false,""target_overs"":null,""target_runs"":null,""wickets"":2}]",DRAW,,DRAWN,Cricsheet,HISTORICAL_DATA
282692,TEST,2007-05-25,2007,2007,"Shere Bangla National Stadium, Mirpur",Dhaka,,India,Bangladesh,True,Bangladesh,Bangladesh,field,"[{""batting_team"":""India"",""declared"":true,""forfeited"":false,""innings_number"":1,""legal_deliveries"":918,""runs"":610,""super_over"":false,""target_overs"":null,""target_runs"":null,""wickets"":3},{""batting_team"":""Bangladesh"",""declared"":false,""forfeited"":false,""innings_number"":2,""legal_deliveries"":224,""runs"":118,""super_over"":false,""target_overs"":null,""target_runs"":null,""wickets"":10},{""batting_team"":""Bangladesh"",""declared"":false,""forfeited"":false,""innings_number"":3,""legal_deliveries"":345,""runs"":253,""super_over"":false,""target_overs"":null,""target_runs"":null,""wickets"":10}]",INDIA_WIN,India,COMPLETED,Cricsheet,HISTORICAL_DATA
293071,ODI,2007-06-23,2007,2007,"Civil Service Cricket Club, Stormont",Belfast,,Ireland,India,True,Ireland,India,field,"[{""batting_team"":""Ireland"",""declared"":false,""forfeited"":false,""innings_number"":1,""legal_deliveries"":300,""runs"":193,""super_over"":false,""target_overs"":null,""target_runs"":null,""wickets"":10},{""batting_team"":""India"",""declared"":false,""forfeited"":false,""innings_number"":2,""legal_deliveries"":209,""runs"":171,""super_over"":false,""target_overs"":39,""target_runs"":171,""wickets"":1}]",INDIA_WIN,India,COMPLETED,Cricsheet,HISTORICAL_DATA
293076,ODI,2007-06-26,2007,2007,"Civil Service Cricket Club, Stormont",Belfast,,India,South Africa,True,South Africa,South Africa,field,"[{""batting_team"":""India"",""declared"":false,""forfeited"":false,""innings_number"":1,""legal_deliveries"":300,""runs"":242,""super_over"":false,""target_overs"":null,""target_runs"":null,""wickets"":8},{""batting_team"":""South Africa"",""declared"":false,""forfeited"":false,""innings_number"":2,""legal_deliveries"":297,""runs"":245,""super_over"":false,""target_overs"":50,""target_runs"":243,""wickets"":6}]",OPPONENT_WIN,South Africa,COMPLETED,Cricsheet,HISTORICAL_DATA
293077,ODI,2007-06-29,2007,2007,"Civil Service Cricket Club, Stormont",Belfast,,India,South Africa,True,South Africa,India,field,"[{""batting_team"":""South Africa"",""declared"":false,""forfeited"":false,""innings_number"":1,""legal_deliveries"":300,""runs"":226,""super_over"":false,""target_overs"":null,""target_runs"":null,""wickets"":6},{""batting_team"":""India"",""declared"":false,""forfeited"":false,""innings_number"":2,""legal_deliveries"":295,""runs"":227,""super_over"":false,""target_overs"":50,""target_runs"":227,""wickets"":4}]",INDIA_WIN,India,COMPLETED,Cricsheet,HISTORICAL_DATA
293078,ODI,2007-07-01,2007,2007,"Civil Service Cricket Club, Stormont",Belfast,,India,South Africa,True,South Africa,India,field,"[{""batting_team"":""South Africa"",""declared"":false,""forfeited"":false,""innings_number"":1,""legal_deliveries"":186,""runs"":148,""super_over"":false,""target_overs"":null,""target_runs"":null,""wickets"":7},{""batting_team"":""India"",""declared"":false,""forfeited"":false,""innings_number"":2,""legal_deliveries"":182,""runs"":152,""super_over"":false,""target_overs"":31,""target_runs"":149,""wickets"":4}]",INDIA_WIN,India,COMPLETED,Cricsheet,HISTORICAL_DATA
258468,TEST,2007-07-19,2007,2007,Lord's,London,,England,India,True,England,England,bat,"[{""batting_team"":""England"",""declared"":false,""forfeited"":false,""innings_number"":1,""legal_deliveries"":548,""runs"":298,""super_over"":false,""target_overs"":null,""target_runs"":null,""wickets"":10},{""batting_team"":""India"",""declared"":false,""forfeited"":false,""innings_number"":2,""legal_deliveries"":464,""runs"":201,""super_over"":false,""target_overs"":null,""target_runs"":null,""wickets"":10},{""batting_team"":""England"",""declared"":false,""forfeited"":false,""innings_number"":3,""legal_deliveries"":471,""runs"":282,""super_over"":false,""target_overs"":null,""target_runs"":null,""wickets"":10},{""batting_team"":""India"",""declared"":false,""forfeited"":false,""innings_number"":4,""legal_deliveries"":576,""runs"":282,""super_over"":false,""target_overs"":null,""target_runs"":null,""wickets"":9}]",DRAW,,DRAWN,Cricsheet,HISTORICAL_DATA
258469,TEST,2007-07-27,2007,2007,Trent Bridge,Nottingham,,England,India,True,England,India,field,"[{""batting_team"":""England"",""declared"":false,""forfeited"":false,""innings_number"":1,""legal_deliveries"":393,""runs"":198,""super_over"":false,""target_overs"":null,""target_runs"":null,""wickets"":10},{""batting_team"":""India"",""declared"":false,""forfeited"":false,""innings_number"":2,""legal_deliveries"":953,""runs"":481,""super_over"":false,""target_overs"":null,""target_runs"":null,""wickets"":10},{""batting_team"":""England"",""declared"":false,""forfeited"":false,""innings_number"":3,""legal_deliveries"":624,""runs"":355,""super_over"":false,""target_overs"":null,""target_runs"":null,""wickets"":10},{""batting_team"":""India"",""declared"":false,""forfeited"":false,""innings_number"":4,""legal_deliveries"":145,""runs"":73,""super_over"":false,""target_overs"":null,""target_runs"":null,""wickets"":3}]",INDIA_WIN,India,COMPLETED,Cricsheet,HISTORICAL_DATA
258470,TEST,2007-08-09,2007,2007,Kennington Oval,London,,India,England,True,England,India,bat,"[{""batting_team"":""India"",""declared"":false,""forfeited"":false,""innings_number"":1,""legal_deliveries"":1020,""runs"":664,""super_over"":false,""target_overs"":null,""target_runs"":null,""wickets"":10},{""batting_team"":""England"",""declared"":false,""forfeited"":false,""innings_number"":2,""legal_deliveries"":619,""runs"":345,""super_over"":false,""target_overs"":null,""target_runs"":null,""wickets"":10},{""batting_team"":""India"",""declared"":true,""forfeited"":false,""innings_number"":3,""legal_deliveries"":348,""runs"":180,""super_over"":false,""target_overs"":null,""target_runs"":null,""wickets"":6},{""batting_team"":""England"",""declared"":false,""forfeited"":false,""innings_number"":4,""legal_deliveries"":660,""runs"":369,""super_over"":false,""target_overs"":null,""target_runs"":null,""wickets"":6}]",DRAW,,DRAWN,Cricsheet,HISTORICAL_DATA
275789,ODI,2007-08-16,2007,2007,Titwood,Glasgow,,Scotland,India,True,Scotland,India,field,"[{""batting_team"":""Scotland"",""declared"":false,""forfeited"":false,""innings_number"":1,""legal_deliveries"":276,""runs"":203,""super_over"":false,""target_overs"":null,""target_runs"":null,""wickets"":9},{""batting_team"":""India"",""declared"":false,""forfeited"":false,""innings_number"":2,""legal_deliveries"":239,""runs"":212,""super_over"":false,""target_overs"":46,""target_runs"":209,""wickets"":3}]",INDIA_WIN,India,COMPLETED,Cricsheet,HISTORICAL_DATA
258471,ODI,2007-08-21,2007,2007,The Rose Bowl,Southampton,,England,India,True,England,India,field,"[{""batting_team"":""England"",""declared"":false,""forfeited"":false,""innings_number"":1,""legal_deliveries"":300,""runs"":288,""super_over"":false,""target_overs"":null,""target_runs"":null,""wickets"":2},{""batting_team"":""India"",""declared"":false,""forfeited"":false,""innings_number"":2,""legal_deliveries"":300,""runs"":184,""super_over"":false,""target_overs"":50,""target_runs"":289,""wickets"":10}]",OPPONENT_WIN,England,COMPLETED,Cricsheet,HISTORICAL_DATA
258472,ODI,2007-08-24,2007,2007,County Ground,Bristol,,England,India,True,England,India,bat,"[{""batting_team"":""India"",""declared"":false,""forfeited"":false,""innings_number"":1,""legal_deliveries"":300,""runs"":329,""super_over"":false,""target_overs"":null,""target_runs"":null,""wickets"":7},{""batting_team"":""England"",""declared"":false,""forfeited"":false,""innings_number"":2,""legal_deliveries"":300,""runs"":320,""super_over"":false,""target_overs"":50,""target_runs"":330,""wickets"":8}]",INDIA_WIN,India,COMPLETED,Cricsheet,HISTORICAL_DATA
258473,ODI,2007-08-27,2007,2007,Edgbaston,Birmingham,,England,India,True,England,India,field,"[{""batting_team"":""England"",""declared"":false,""forfeited"":false,""innings_number"":1,""legal_deliveries"":300,""runs"":281,""super_over"":false,""target_overs"":null,""target_runs"":null,""wickets"":8},{""batting_team"":""India"",""declared"":false,""forfeited"":false,""innings_number"":2,""legal_deliveries"":289,""runs"":239,""super_over"":false,""target_overs"":50,""target_runs"":282,""wickets"":10}]",OPPONENT_WIN,England,COMPLETED,Cricsheet,HISTORICAL_DATA
258474,ODI,2007-08-30,2007,2007,Old Trafford,Manchester,,England,India,True,England,India,bat,"[{""batting_team"":""India"",""declared"":false,""forfeited"":false,""innings_number"":1,""legal_deliveries"":298,""runs"":212,""super_over"":false,""target_overs"":null,""target_runs"":null,""wickets"":10},{""batting_team"":""England"",""declared"":false,""forfeited"":false,""innings_number"":2,""legal_deliveries"":288,""runs"":213,""super_over"":false,""target_overs"":50,""target_runs"":213,""wickets"":7}]",OPPONENT_WIN,England,COMPLETED,Cricsheet,HISTORICAL_DATA
258475,ODI,2007-09-02,2007,2007,Headingley,Leeds,,England,India,True,England,England,field,"[{""batting_team"":""India"",""declared"":false,""forfeited"":false,""innings_number"":1,""legal_deliveries"":301,""runs"":324,""super_over"":false,""target_overs"":null,""target_runs"":null,""wickets"":6},{""batting_team"":""England"",""declared"":false,""forfeited"":false,""innings_number"":2,""legal_deliveries"":234,""runs"":242,""super_over"":false,""target_overs"":39,""target_runs"":281,""wickets"":8}]",INDIA_WIN,India,COMPLETED,Cricsheet,HISTORICAL_DATA
258476,ODI,2007-09-05,2007,2007,Kennington Oval,London,,England,India,True,England,England,bat,"[{""batting_team"":""England"",""declared"":false,""forfeited"":false,""innings_number"":1,""legal_deliveries"":300,""runs"":316,""super_over"":false,""target_overs"":null,""target_runs"":null,""wickets"":6},{""batting_team"":""India"",""declared"":false,""forfeited"":false,""innings_number"":2,""legal_deliveries"":298,""runs"":317,""super_over"":false,""target_overs"":50,""target_runs"":317,""wickets"":8}]",INDIA_WIN,India,COMPLETED,Cricsheet,HISTORICAL_DATA
258477,ODI,2007-09-08,2007,2007,Lord's,London,,England,India,True,England,India,bat,"[{""batting_team"":""India"",""declared"":false,""forfeited"":false,""innings_number"":1,""legal_deliveries"":285,""runs"":187,""super_over"":false,""target_overs"":null,""target_runs"":null,""wickets"":10},{""batting_team"":""England"",""declared"":false,""forfeited"":false,""innings_number"":2,""legal_deliveries"":218,""runs"":188,""super_over"":false,""target_overs"":50,""target_runs"":188,""wickets"":3}]",OPPONENT_WIN,England,COMPLETED,Cricsheet,HISTORICAL_DATA
287862,T20I,2007-09-14,2007/08,2007,Kingsmead,Durban,,India,Pakistan,True,Pakistan,Pakistan,field,"[{""batting_team"":""India"",""declared"":false,""forfeited"":false,""innings_number"":1,""legal_deliveries"":120,""runs"":141,""super_over"":false,""target_overs"":null,""target_runs"":null,""wickets"":9},{""batting_team"":""Pakistan"",""declared"":false,""forfeited"":false,""innings_number"":2,""legal_deliveries"":120,""runs"":141,""super_over"":false,""target_overs"":20,""target_runs"":142,""wickets"":7}]",INDIA_WIN,India,COMPLETED,Cricsheet,HISTORICAL_DATA
287865,T20I,2007-09-16,2007/08,2007,New Wanderers Stadium,Johannesburg,,India,New Zealand,True,New Zealand,India,field,"[{""batting_team"":""New Zealand"",""declared"":false,""forfeited"":false,""innings_number"":1,""legal_deliveries"":120,""runs"":190,""super_over"":false,""target_overs"":null,""target_runs"":null,""wickets"":10},{""batting_team"":""India"",""declared"":false,""forfeited"":false,""innings_number"":2,""legal_deliveries"":120,""runs"":180,""super_over"":false,""target_overs"":20,""target_runs"":191,""wickets"":9}]",OPPONENT_WIN,New Zealand,COMPLETED,Cricsheet,HISTORICAL_DATA
287873,T20I,2007-09-19,2007/08,2007,Kingsmead,Durban,,England,India,True,England,India,bat,"[{""batting_team"":""India"",""declared"":false,""forfeited"":false,""innings_number"":1,""legal_deliveries"":120,""runs"":218,""super_over"":false,""target_overs"":null,""target_runs"":null,""wickets"":4},{""batting_team"":""England"",""declared"":false,""forfeited"":false,""innings_number"":2,""legal_deliveries"":120,""runs"":200,""super_over"":false,""target_overs"":20,""target_runs"":219,""wickets"":6}]",INDIA_WIN,India,COMPLETED,Cricsheet,HISTORICAL_DATA
287876,T20I,2007-09-20,2007/08,2007,Kingsmead,Durban,,South Africa,India,True,South Africa,India,bat,"[{""batting_team"":""India"",""declared"":false,""forfeited"":false,""innings_number"":1,""legal_deliveries"":120,""runs"":153,""super_over"":false,""target_overs"":null,""target_runs"":null,""wickets"":5},{""batting_team"":""South Africa"",""declared"":false,""forfeited"":false,""innings_number"":2,""legal_deliveries"":120,""runs"":116,""super_over"":false,""target_overs"":20,""target_runs"":154,""wickets"":9}]",INDIA_WIN,India,COMPLETED,Cricsheet,HISTORICAL_DATA
287878,T20I,2007-09-22,2007/08,2007,Kingsmead,Durban,,Australia,India,True,Australia,India,bat,"[{""batting_team"":""India"",""declared"":false,""forfeited"":false,""innings_number"":1,""legal_deliveries"":120,""runs"":188,""super_over"":false,""target_overs"":null,""target_runs"":null,""wickets"":5},{""batting_team"":""Australia"",""declared"":false,""forfeited"":false,""innings_number"":2,""legal_deliveries"":120,""runs"":173,""super_over"":false,""target_overs"":20,""target_runs"":189,""wickets"":7}]",INDIA_WIN,India,COMPLETED,Cricsheet,HISTORICAL_DATA
287879,T20I,2007-09-24,2007/08,2007,New Wanderers Stadium,Johannesburg,,India,Pakistan,True,Pakistan,India,bat,"[{""batting_team"":""India"",""declared"":false,""forfeited"":false,""innings_number"":1,""legal_deliveries"":120,""runs"":157,""super_over"":false,""target_overs"":null,""target_runs"":null,""wickets"":5},{""batting_team"":""Pakistan"",""declared"":false,""forfeited"":false,""innings_number"":2,""legal_deliveries"":117,""runs"":152,""super_over"":false,""target_overs"":20,""target_runs"":158,""wickets"":10}]",INDIA_WIN,India,COMPLETED,Cricsheet,HISTORICAL_DATA
297793,ODI,2007-09-29,2007/08,2007,M Chinnaswamy Stadium,Bangalore,,India,Australia,True,Australia,Australia,bat,"[{""batting_team"":""Australia"",""declared"":false,""forfeited"":false,""innings_number"":1,""legal_deliveries"":300,""runs"":307,""super_over"":false,""target_overs"":null,""target_runs"":null,""wickets"":7},{""batting_team"":""India"",""declared"":false,""forfeited"":false,""innings_number"":2,""legal_deliveries"":16,""runs"":9,""super_over"":false,""target_overs"":50,""target_runs"":308,""wickets"":1}]",,,NO_RESULT,Cricsheet,HISTORICAL_DATA
297794,ODI,2007-10-02,2007/08,2007,Nehru Stadium,Kochi,,India,Australia,True,Australia,India,field,"[{""batting_team"":""Australia"",""declared"":false,""forfeited"":false,""innings_number"":1,""legal_deliveries"":300,""runs"":306,""super_over"":false,""target_overs"":null,""target_runs"":null,""wickets"":6},{""batting_team"":""India"",""declared"":false,""forfeited"":false,""innings_number"":2,""legal_deliveries"":285,""runs"":222,""super_over"":false,""target_overs"":50,""target_runs"":307,""wickets"":10}]",OPPONENT_WIN,Australia,COMPLETED,Cricsheet,HISTORICAL_DATA
297795,ODI,2007-10-05,2007/08,2007,"Rajiv Gandhi International Stadium, Uppal",Hyderabad,,India,Australia,True,Australia,Australia,bat,"[{""batting_team"":""Australia"",""declared"":false,""forfeited"":false,""innings_number"":1,""legal_deliveries"":300,""runs"":290,""super_over"":false,""target_overs"":null,""target_runs"":null,""wickets"":7},{""batting_team"":""India"",""declared"":false,""forfeited"":false,""innings_number"":2,""legal_deliveries"":286,""runs"":243,""super_over"":false,""target_overs"":50,""target_runs"":291,""wickets"":10}]",OPPONENT_WIN,Australia,COMPLETED,Cricsheet,HISTORICAL_DATA
297796,ODI,2007-10-08,2007/08,2007,Sector 16 Stadium,Chandigarh,,India,Australia,True,Australia,India,bat,"[{""batting_team"":""India"",""declared"":false,""forfeited"":false,""innings_number"":1,""legal_deliveries"":300,""runs"":291,""super_over"":false,""target_overs"":null,""target_runs"":null,""wickets"":4},{""batting_team"":""Australia"",""declared"":false,""forfeited"":false,""innings_number"":2,""legal_deliveries"":300,""runs"":283,""super_over"":false,""target_overs"":50,""target_runs"":292,""wickets"":7}]",INDIA_WIN,India,COMPLETED,Cricsheet,HISTORICAL_DATA
297797,ODI,2007-10-11,2007/08,2007,Reliance Stadium,Vadodara,,India,Australia,True,Australia,India,bat,"[{""batting_team"":""India"",""declared"":false,""forfeited"":false,""innings_number"":1,""legal_deliveries"":238,""runs"":148,""super_over"":false,""target_overs"":null,""target_runs"":null,""wickets"":10},{""batting_team"":""Australia"",""declared"":false,""forfeited"":false,""innings_number"":2,""legal_deliveries"":155,""runs"":149,""super_over"":false,""target_overs"":50,""target_runs"":149,""wickets"":1}]",OPPONENT_WIN,Australia,COMPLETED,Cricsheet,HISTORICAL_DATA
297798,ODI,2007-10-14,2007/08,2007,Vidarbha Cricket Association Ground,Nagpur,,India,Australia,True,Australia,Australia,bat,"[{""batting_team"":""Australia"",""declared"":false,""forfeited"":false,""innings_number"":1,""legal_deliveries"":300,""runs"":317,""super_over"":false,""target_overs"":null,""target_runs"":null,""wickets"":8},{""batting_team"":""India"",""declared"":false,""forfeited"":false,""innings_number"":2,""legal_deliveries"":300,""runs"":299,""super_over"":false,""target_overs"":50,""target_runs"":318,""wickets"":7}]",OPPONENT_WIN,Australia,COMPLETED,Cricsheet,HISTORICAL_DATA
297799,ODI,2007-10-17,2007/08,2007,Wankhede Stadium,Mumbai,,India,Australia,True,Australia,Australia,bat,"[{""batting_team"":""Australia"",""declared"":false,""forfeited"":false,""innings_number"":1,""legal_deliveries"":249,""runs"":193,""super_over"":false,""target_overs"":null,""target_runs"":null,""wickets"":10},{""batting_team"":""India"",""declared"":false,""forfeited"":false,""innings_number"":2,""legal_deliveries"":276,""runs"":195,""super_over"":false,""target_overs"":50,""target_runs"":194,""wickets"":8}]",INDIA_WIN,India,COMPLETED,Cricsheet,HISTORICAL_DATA
297800,T20I,2007-10-20,2007/08,2007,Brabourne Stadium,Mumbai,,India,Australia,True,Australia,Australia,bat,"[{""batting_team"":""Australia"",""declared"":false,""forfeited"":false,""innings_number"":1,""legal_deliveries"":120,""runs"":166,""super_over"":false,""target_overs"":null,""target_runs"":null,""wickets"":5},{""batting_team"":""India"",""declared"":false,""forfeited"":false,""innings_number"":2,""legal_deliveries"":109,""runs"":167,""super_over"":false,""target_overs"":20,""target_runs"":167,""wickets"":3}]",INDIA_WIN,India,COMPLETED,Cricsheet,HISTORICAL_DATA
297801,ODI,2007-11-05,2007/08,2007,Nehru Stadium,Guwahati,,India,Pakistan,True,Pakistan,Pakistan,bat,"[{""batting_team"":""Pakistan"",""declared"":false,""forfeited"":false,""innings_number"":1,""legal_deliveries"":300,""runs"":239,""super_over"":false,""target_overs"":null,""target_runs"":null,""wickets"":7},{""batting_team"":""India"",""declared"":false,""forfeited"":false,""innings_number"":2,""legal_deliveries"":282,""runs"":242,""super_over"":false,""target_overs"":50,""target_runs"":240,""wickets"":5}]",INDIA_WIN,India,COMPLETED,Cricsheet,HISTORICAL_DATA
297802,ODI,2007-11-08,2007/08,2007,"Punjab Cricket Association Stadium, Mohali",Chandigarh,,India,Pakistan,True,Pakistan,India,bat,"[{""batting_team"":""India"",""declared"":false,""forfeited"":false,""innings_number"":1,""legal_deliveries"":299,""runs"":321,""super_over"":false,""target_overs"":null,""target_runs"":null,""wickets"":9},{""batting_team"":""Pakistan"",""declared"":false,""forfeited"":false,""innings_number"":2,""legal_deliveries"":299,""runs"":322,""super_over"":false,""target_overs"":50,""target_runs"":322,""wickets"":6}]",OPPONENT_WIN,Pakistan,COMPLETED,Cricsheet,HISTORICAL_DATA
297803,ODI,2007-11-11,2007/08,2007,Green Park,Kanpur,,India,Pakistan,True,Pakistan,Pakistan,field,"[{""batting_team"":""India"",""declared"":false,""forfeited"":false,""innings_number"":1,""legal_deliveries"":300,""runs"":294,""super_over"":false,""target_overs"":null,""target_runs"":null,""wickets"":6},{""batting_team"":""Pakistan"",""declared"":false,""forfeited"":false,""innings_number"":2,""legal_deliveries"":284,""runs"":248,""super_over"":false,""target_overs"":50,""target_runs"":295,""wickets"":10}]",INDIA_WIN,India,COMPLETED,Cricsheet,HISTORICAL_DATA
297804,ODI,2007-11-15,2007/08,2007,Captain Roop Singh Stadium,Gwalior,,India,Pakistan,True,Pakistan,Pakistan,bat,"[{""batting_team"":""Pakistan"",""declared"":false,""forfeited"":false,""innings_number"":1,""legal_deliveries"":300,""runs"":255,""super_over"":false,""target_overs"":null,""target_runs"":null,""wickets"":6},{""batting_team"":""India"",""declared"":false,""forfeited"":false,""innings_number"":2,""legal_deliveries"":279,""runs"":260,""super_over"":false,""target_overs"":50,""target_runs"":256,""wickets"":4}]",INDIA_WIN,India,COMPLETED,Cricsheet,HISTORICAL_DATA
297805,ODI,2007-11-18,2007/08,2007,Sawai Mansingh Stadium,Jaipur,,India,Pakistan,True,Pakistan,India,field,"[{""batting_team"":""Pakistan"",""declared"":false,""forfeited"":false,""innings_number"":1,""legal_deliveries"":300,""runs"":306,""super_over"":false,""target_overs"":null,""target_runs"":null,""wickets"":6},{""batting_team"":""India"",""declared"":false,""forfeited"":false,""innings_number"":2,""legal_deliveries"":298,""runs"":275,""super_over"":false,""target_overs"":50,""target_runs"":307,""wickets"":10}]",OPPONENT_WIN,Pakistan,COMPLETED,Cricsheet,HISTORICAL_DATA
297806,TEST,2007-11-22,2007/08,2007,Arun Jaitley Stadium,Delhi,,Pakistan,India,True,Pakistan,Pakistan,bat,"[{""batting_team"":""Pakistan"",""declared"":false,""forfeited"":false,""innings_number"":1,""legal_deliveries"":578,""runs"":231,""super_over"":false,""target_overs"":null,""target_runs"":null,""wickets"":10},{""batting_team"":""India"",""declared"":false,""forfeited"":false,""innings_number"":2,""legal_deliveries"":472,""runs"":276,""super_over"":false,""target_overs"":null,""target_runs"":null,""wickets"":10},{""batting_team"":""Pakistan"",""declared"":false,""forfeited"":false,""innings_number"":3,""legal_deliveries"":499,""runs"":247,""super_over"":false,""target_overs"":null,""target_runs"":null,""wickets"":10},{""batting_team"":""India"",""declared"":false,""forfeited"":false,""innings_number"":4,""legal_deliveries"":367,""runs"":203,""super_over"":false,""target_overs"":null,""target_runs"":null,""wickets"":4}]",INDIA_WIN,India,COMPLETED,Cricsheet,HISTORICAL_DATA
297807,TEST,2007-11-30,2007/08,2007,Eden Gardens,Kolkata,,India,Pakistan,True,Pakistan,India,bat,"[{""batting_team"":""India"",""declared"":true,""forfeited"":false,""innings_number"":1,""legal_deliveries"":917,""runs"":616,""super_over"":false,""target_overs"":null,""target_runs"":null,""wickets"":5},{""batting_team"":""Pakistan"",""declared"":false,""forfeited"":false,""innings_number"":2,""legal_deliveries"":907,""runs"":456,""super_over"":false,""target_overs"":null,""target_runs"":null,""wickets"":10},{""batting_team"":""India"",""declared"":true,""forfeited"":false,""innings_number"":3,""legal_deliveries"":256,""runs"":184,""super_over"":false,""target_overs"":null,""target_runs"":null,""wickets"":4},{""batting_team"":""Pakistan"",""declared"":false,""forfeited"":false,""innings_number"":4,""legal_deliveries"":462,""runs"":214,""super_over"":false,""target_overs"":null,""target_runs"":null,""wickets"":4}]",DRAW,,DRAWN,Cricsheet,HISTORICAL_DATA
297808,TEST,2007-12-08,2007/08,2007,M.Chinnaswamy Stadium,Bengaluru,,India,Pakistan,True,Pakistan,India,bat,"[{""batting_team"":""India"",""declared"":false,""forfeited"":false,""innings_number"":1,""legal_deliveries"":902,""runs"":626,""super_over"":false,""target_overs"":null,""target_runs"":null,""wickets"":10},{""batting_team"":""Pakistan"",""declared"":false,""forfeited"":false,""innings_number"":2,""legal_deliveries"":1009,""runs"":537,""super_over"":false,""target_overs"":null,""target_runs"":null,""wickets"":10},{""batting_team"":""India"",""declared"":true,""forfeited"":false,""innings_number"":3,""legal_deliveries"":459,""runs"":284,""super_over"":false,""target_overs"":null,""target_runs"":null,""wickets"":6},{""batting_team"":""Pakistan"",""declared"":false,""forfeited"":false,""innings_number"":4,""legal_deliveries"":216,""runs"":162,""super_over"":false,""target_overs"":null,""target_runs"":null,""wickets"":7}]",DRAW,,DRAWN,Cricsheet,HISTORICAL_DATA
291351,TEST,2007-12-26,2007/08,2007,Melbourne Cricket Ground,,,Australia,India,True,Australia,Australia,bat,"[{""batting_team"":""Australia"",""declared"":false,""forfeited"":false,""innings_number"":1,""legal_deliveries"":556,""runs"":343,""super_over"":false,""target_overs"":null,""target_runs"":null,""wickets"":10},{""batting_team"":""India"",""declared"":false,""forfeited"":false,""innings_number"":2,""legal_deliveries"":431,""runs"":196,""super_over"":false,""target_overs"":null,""target_runs"":null,""wickets"":10},{""batting_team"":""Australia"",""declared"":true,""forfeited"":false,""innings_number"":3,""legal_deliveries"":529,""runs"":351,""super_over"":false,""target_overs"":null,""target_runs"":null,""wickets"":7},{""batting_team"":""India"",""declared"":false,""forfeited"":false,""innings_number"":4,""legal_deliveries"":444,""runs"":161,""super_over"":false,""target_overs"":null,""target_runs"":null,""wickets"":10}]",OPPONENT_WIN,Australia,COMPLETED,Cricsheet,HISTORICAL_DATA
291352,TEST,2008-01-02,2007/08,2008,Sydney Cricket Ground,,,Australia,India,True,Australia,Australia,bat,"[{""batting_team"":""Australia"",""declared"":false,""forfeited"":false,""innings_number"":1,""legal_deliveries"":675,""runs"":463,""super_over"":false,""target_overs"":null,""target_runs"":null,""wickets"":10},{""batting_team"":""India"",""declared"":false,""forfeited"":false,""innings_number"":2,""legal_deliveries"":830,""runs"":532,""super_over"":false,""target_overs"":null,""target_runs"":null,""wickets"":10},{""batting_team"":""Australia"",""declared"":true,""forfeited"":false,""innings_number"":3,""legal_deliveries"":642,""runs"":401,""super_over"":false,""target_overs"":null,""target_runs"":null,""wickets"":7},{""batting_team"":""India"",""declared"":false,""forfeited"":false,""innings_number"":4,""legal_deliveries"":425,""runs"":210,""super_over"":false,""target_overs"":null,""target_runs"":null,""wickets"":10}]",OPPONENT_WIN,Australia,COMPLETED,Cricsheet,HISTORICAL_DATA
291353,TEST,2008-01-16,2007/08,2008,Western Australia Cricket Association Ground,Perth,,Australia,India,True,Australia,India,bat,"[{""batting_team"":""India"",""declared"":false,""forfeited"":false,""innings_number"":1,""legal_deliveries"":590,""runs"":330,""super_over"":false,""target_overs"":null,""target_runs"":null,""wickets"":10},{""batting_team"":""Australia"",""declared"":false,""forfeited"":false,""innings_number"":2,""legal_deliveries"":299,""runs"":212,""super_over"":false,""target_overs"":null,""target_runs"":null,""wickets"":10},{""batting_team"":""India"",""declared"":false,""forfeited"":false,""innings_number"":3,""legal_deliveries"":484,""runs"":294,""super_over"":false,""target_overs"":null,""target_runs"":null,""wickets"":10},{""batting_team"":""Australia"",""declared"":false,""forfeited"":false,""innings_number"":4,""legal_deliveries"":521,""runs"":340,""super_over"":false,""target_overs"":null,""target_runs"":null,""wickets"":10}]",INDIA_WIN,India,COMPLETED,Cricsheet,HISTORICAL_DATA
291354,TEST,2008-01-24,2007/08,2008,Adelaide Oval,,,Australia,India,True,Australia,India,bat,"[{""batting_team"":""India"",""declared"":false,""forfeited"":false,""innings_number"":1,""legal_deliveries"":917,""runs"":526,""super_over"":false,""target_overs"":null,""target_runs"":null,""wickets"":10},{""batting_team"":""Australia"",""declared"":false,""forfeited"":false,""innings_number"":2,""legal_deliveries"":1086,""runs"":563,""super_over"":false,""target_overs"":null,""target_runs"":null,""wickets"":10},{""batting_team"":""India"",""declared"":true,""forfeited"":false,""innings_number"":3,""legal_deliveries"":541,""runs"":269,""super_over"":false,""target_overs"":null,""target_runs"":null,""wickets"":7}]",DRAW,,DRAWN,Cricsheet,HISTORICAL_DATA
291356,T20I,2008-02-01,2007/08,2008,Melbourne Cricket Ground,,,Australia,India,True,Australia,India,bat,"[{""batting_team"":""India"",""declared"":false,""forfeited"":false,""innings_number"":1,""legal_deliveries"":105,""runs"":74,""super_over"":false,""target_overs"":null,""target_runs"":null,""wickets"":10},{""batting_team"":""Australia"",""declared"":false,""forfeited"":false,""innings_number"":2,""legal_deliveries"":68,""runs"":75,""super_over"":false,""target_overs"":20,""target_runs"":75,""wickets"":1}]",OPPONENT_WIN,Australia,COMPLETED,Cricsheet,HISTORICAL_DATA
291359,ODI,2008-02-03,2007/08,2008,"Brisbane Cricket Ground, Woolloongabba",Brisbane,,Australia,India,True,Australia,India,bat,"[{""batting_team"":""India"",""declared"":false,""forfeited"":false,""innings_number"":1,""legal_deliveries"":270,""runs"":194,""super_over"":false,""target_overs"":null,""target_runs"":null,""wickets"":10},{""batting_team"":""Australia"",""declared"":false,""forfeited"":false,""innings_number"":2,""legal_deliveries"":44,""runs"":51,""super_over"":false,""target_overs"":26,""target_runs"":141,""wickets"":3}]",,,NO_RESULT,Cricsheet,HISTORICAL_DATA
291360,ODI,2008-02-05,2007/08,2008,"Brisbane Cricket Ground, Woolloongabba",Brisbane,,India,Sri Lanka,True,Sri Lanka,India,bat,"[{""batting_team"":""India"",""declared"":false,""forfeited"":false,""innings_number"":1,""legal_deliveries"":300,""runs"":267,""super_over"":false,""target_overs"":null,""target_runs"":null,""wickets"":4}]",,,NO_RESULT,Cricsheet,HISTORICAL_DATA
291362,ODI,2008-02-10,2007/08,2008,Melbourne Cricket Ground,,,Australia,India,True,Australia,Australia,bat,"[{""batting_team"":""Australia"",""declared"":false,""forfeited"":false,""innings_number"":1,""legal_deliveries"":259,""runs"":159,""super_over"":false,""target_overs"":null,""target_runs"":null,""wickets"":10},{""batting_team"":""India"",""declared"":false,""forfeited"":false,""innings_number"":2,""legal_deliveries"":275,""runs"":160,""super_over"":false,""target_overs"":50,""target_runs"":160,""wickets"":5}]",INDIA_WIN,India,COMPLETED,Cricsheet,HISTORICAL_DATA
291365,ODI,2008-02-17,2007/08,2008,Adelaide Oval,,,Australia,India,True,Australia,Australia,bat,"[{""batting_team"":""Australia"",""declared"":false,""forfeited"":false,""innings_number"":1,""legal_deliveries"":300,""runs"":203,""super_over"":false,""target_overs"":null,""target_runs"":null,""wickets"":9},{""batting_team"":""India"",""declared"":false,""forfeited"":false,""innings_number"":2,""legal_deliveries"":248,""runs"":153,""super_over"":false,""target_overs"":50,""target_runs"":204,""wickets"":10}]",OPPONENT_WIN,Australia,COMPLETED,Cricsheet,HISTORICAL_DATA
291366,ODI,2008-02-19,2007/08,2008,Adelaide Oval,,,India,Sri Lanka,True,Sri Lanka,Sri Lanka,bat,"[{""batting_team"":""Sri Lanka"",""declared"":false,""forfeited"":false,""innings_number"":1,""legal_deliveries"":300,""runs"":238,""super_over"":false,""target_overs"":null,""target_runs"":null,""wickets"":6},{""batting_team"":""India"",""declared"":false,""forfeited"":false,""innings_number"":2,""legal_deliveries"":295,""runs"":239,""super_over"":false,""target_overs"":50,""target_runs"":239,""wickets"":8}]",INDIA_WIN,India,COMPLETED,Cricsheet,HISTORICAL_DATA
291368,ODI,2008-02-24,2007/08,2008,Sydney Cricket Ground,,,Australia,India,True,Australia,Australia,bat,"[{""batting_team"":""Australia"",""declared"":false,""forfeited"":false,""innings_number"":1,""legal_deliveries"":301,""runs"":317,""super_over"":false,""target_overs"":null,""target_runs"":null,""wickets"":7},{""batting_team"":""India"",""declared"":false,""forfeited"":false,""innings_number"":2,""legal_deliveries"":295,""runs"":299,""super_over"":false,""target_overs"":50,""target_runs"":318,""wickets"":10}]",OPPONENT_WIN,Australia,COMPLETED,Cricsheet,HISTORICAL_DATA
291369,ODI,2008-02-26,2007/08,2008,Bellerive Oval,Hobart,,India,Sri Lanka,True,Sri Lanka,India,field,"[{""batting_team"":""Sri Lanka"",""declared"":false,""forfeited"":false,""innings_number"":1,""legal_deliveries"":283,""runs"":179,""super_over"":false,""target_overs"":null,""target_runs"":null,""wickets"":10},{""batting_team"":""India"",""declared"":false,""forfeited"":false,""innings_number"":2,""legal_deliveries"":194,""runs"":180,""super_over"":false,""target_overs"":50,""target_runs"":180,""wickets"":3}]",INDIA_WIN,India,COMPLETED,Cricsheet,HISTORICAL_DATA
291371,ODI,2008-03-02,2007/08,2008,Sydney Cricket Ground,,,Australia,India,True,Australia,Australia,bat,"[{""batting_team"":""Australia"",""declared"":false,""forfeited"":false,""innings_number"":1,""legal_deliveries"":300,""runs"":239,""super_over"":false,""target_overs"":null,""target_runs"":null,""wickets"":8},{""batting_team"":""India"",""declared"":false,""forfeited"":false,""innings_number"":2,""legal_deliveries"":275,""runs"":242,""super_over"":false,""target_overs"":50,""target_runs"":240,""wickets"":4}]",INDIA_WIN,India,COMPLETED,Cricsheet,HISTORICAL_DATA
291372,ODI,2008-03-04,2007/08,2008,"Brisbane Cricket Ground, Woolloongabba",Brisbane,,Australia,India,True,Australia,India,bat,"[{""batting_team"":""India"",""declared"":false,""forfeited"":false,""innings_number"":1,""legal_deliveries"":300,""runs"":258,""super_over"":false,""target_overs"":null,""target_runs"":null,""wickets"":9},{""batting_team"":""Australia"",""declared"":false,""forfeited"":false,""innings_number"":2,""legal_deliveries"":298,""runs"":249,""super_over"":false,""target_overs"":50,""target_runs"":259,""wickets"":10}]",INDIA_WIN,India,COMPLETED,Cricsheet,HISTORICAL_DATA
332911,TEST,2008-03-26,2007/08,2008,"MA Chidambaram Stadium, Chepauk",Chennai,,India,South Africa,True,South Africa,South Africa,bat,"[{""batting_team"":""South Africa"",""declared"":false,""forfeited"":false,""innings_number"":1,""legal_deliveries"":917,""runs"":540,""super_over"":false,""target_overs"":null,""target_runs"":null,""wickets"":10},{""batting_team"":""India"",""declared"":false,""forfeited"":false,""innings_number"":2,""legal_deliveries"":931,""runs"":627,""super_over"":false,""target_overs"":null,""target_runs"":null,""wickets"":10},{""batting_team"":""South Africa"",""declared"":true,""forfeited"":false,""innings_number"":3,""legal_deliveries"":654,""runs"":331,""super_over"":false,""target_overs"":null,""target_runs"":null,""wickets"":5}]",DRAW,,DRAWN,Cricsheet,HISTORICAL_DATA
332912,TEST,2008-04-03,2007/08,2008,"Sardar Patel Stadium, Motera",Ahmedabad,,India,South Africa,True,South Africa,India,bat,"[{""batting_team"":""India"",""declared"":false,""forfeited"":false,""innings_number"":1,""legal_deliveries"":120,""runs"":76,""super_over"":false,""target_overs"":null,""target_runs"":null,""wickets"":10},{""batting_team"":""South Africa"",""declared"":true,""forfeited"":false,""innings_number"":2,""legal_deliveries"":848,""runs"":494,""super_over"":false,""target_overs"":null,""target_runs"":null,""wickets"":7},{""batting_team"":""India"",""declared"":false,""forfeited"":false,""innings_number"":3,""legal_deliveries"":566,""runs"":328,""super_over"":false,""target_overs"":null,""target_runs"":null,""wickets"":10}]",OPPONENT_WIN,South Africa,COMPLETED,Cricsheet,HISTORICAL_DATA
332913,TEST,2008-04-11,2007/08,2008,Green Park,Kanpur,,India,South Africa,True,South Africa,South Africa,bat,"[{""batting_team"":""South Africa"",""declared"":false,""forfeited"":false,""innings_number"":1,""legal_deliveries"":525,""runs"":265,""super_over"":false,""target_overs"":null,""target_runs"":null,""wickets"":10},{""batting_team"":""India"",""declared"":false,""forfeited"":false,""innings_number"":2,""legal_deliveries"":598,""runs"":325,""super_over"":false,""target_overs"":null,""target_runs"":null,""wickets"":10},{""batting_team"":""South Africa"",""declared"":false,""forfeited"":false,""innings_number"":3,""legal_deliveries"":335,""runs"":121,""super_over"":false,""target_overs"":null,""target_runs"":null,""wickets"":10},{""batting_team"":""India"",""declared"":false,""forfeited"":false,""innings_number"":4,""legal_deliveries"":79,""runs"":64,""super_over"":false,""target_overs"":null,""target_runs"":null,""wickets"":2}]",INDIA_WIN,India,COMPLETED,Cricsheet,HISTORICAL_DATA
345469,ODI,2008-06-10,2008,2008,Shere Bangla National Stadium,Mirpur,,India,Pakistan,True,Pakistan,India,bat,"[{""batting_team"":""India"",""declared"":false,""forfeited"":false,""innings_number"":1,""legal_deliveries"":300,""runs"":330,""super_over"":false,""target_overs"":null,""target_runs"":null,""wickets"":8},{""batting_team"":""Pakistan"",""declared"":false,""forfeited"":false,""innings_number"":2,""legal_deliveries"":214,""runs"":190,""super_over"":false,""target_overs"":50,""target_runs"":331,""wickets"":10}]",INDIA_WIN,India,COMPLETED,Cricsheet,HISTORICAL_DATA
345470,ODI,2008-06-12,2008,2008,Shere Bangla National Stadium,Mirpur,,Bangladesh,India,True,Bangladesh,Bangladesh,bat,"[{""batting_team"":""Bangladesh"",""declared"":false,""forfeited"":false,""innings_number"":1,""legal_deliveries"":299,""runs"":222,""super_over"":false,""target_overs"":null,""target_runs"":null,""wickets"":10},{""batting_team"":""India"",""declared"":false,""forfeited"":false,""innings_number"":2,""legal_deliveries"":211,""runs"":223,""super_over"":false,""target_overs"":50,""target_runs"":223,""wickets"":3}]",INDIA_WIN,India,COMPLETED,Cricsheet,HISTORICAL_DATA
345471,ODI,2008-06-14,2008,2008,Shere Bangla National Stadium,Mirpur,,India,Pakistan,True,Pakistan,Pakistan,bat,"[{""batting_team"":""Pakistan"",""declared"":false,""forfeited"":false,""innings_number"":1,""legal_deliveries"":300,""runs"":315,""super_over"":false,""target_overs"":null,""target_runs"":null,""wickets"":3},{""batting_team"":""India"",""declared"":false,""forfeited"":false,""innings_number"":2,""legal_deliveries"":290,""runs"":290,""super_over"":false,""target_overs"":50,""target_runs"":316,""wickets"":10}]",OPPONENT_WIN,Pakistan,COMPLETED,Cricsheet,HISTORICAL_DATA
335349,ODI,2008-06-25,2008,2008,National Stadium,Karachi,,Hong Kong,India,True,Hong Kong,India,bat,"[{""batting_team"":""India"",""declared"":false,""forfeited"":false,""innings_number"":1,""legal_deliveries"":300,""runs"":374,""super_over"":false,""target_overs"":null,""target_runs"":null,""wickets"":4},{""batting_team"":""Hong Kong"",""declared"":false,""forfeited"":false,""innings_number"":2,""legal_deliveries"":221,""runs"":118,""super_over"":false,""target_overs"":50,""target_runs"":375,""wickets"":10}]",INDIA_WIN,India,COMPLETED,Cricsheet,HISTORICAL_DATA
335351,ODI,2008-06-26,2008,2008,National Stadium,Karachi,,Pakistan,India,True,Pakistan,Pakistan,bat,"[{""batting_team"":""Pakistan"",""declared"":false,""forfeited"":false,""innings_number"":1,""legal_deliveries"":300,""runs"":299,""super_over"":false,""target_overs"":null,""target_runs"":null,""wickets"":4},{""batting_team"":""India"",""declared"":false,""forfeited"":false,""innings_number"":2,""legal_deliveries"":253,""runs"":301,""super_over"":false,""target_overs"":50,""target_runs"":300,""wickets"":4}]",INDIA_WIN,India,COMPLETED,Cricsheet,HISTORICAL_DATA
335352,ODI,2008-06-28,2008,2008,National Stadium,Karachi,,Bangladesh,India,True,Bangladesh,Bangladesh,bat,"[{""batting_team"":""Bangladesh"",""declared"":false,""forfeited"":false,""innings_number"":1,""legal_deliveries"":300,""runs"":283,""super_over"":false,""target_overs"":null,""target_runs"":null,""wickets"":6},{""batting_team"":""India"",""declared"":false,""forfeited"":false,""innings_number"":2,""legal_deliveries"":260,""runs"":284,""super_over"":false,""target_overs"":50,""target_runs"":284,""wickets"":3}]",INDIA_WIN,India,COMPLETED,Cricsheet,HISTORICAL_DATA
335355,ODI,2008-07-02,2008,2008,National Stadium,Karachi,,Pakistan,India,True,Pakistan,India,bat,"[{""batting_team"":""India"",""declared"":false,""forfeited"":false,""innings_number"":1,""legal_deliveries"":300,""runs"":308,""super_over"":false,""target_overs"":null,""target_runs"":null,""wickets"":7},{""batting_team"":""Pakistan"",""declared"":false,""forfeited"":false,""innings_number"":2,""legal_deliveries"":273,""runs"":309,""super_over"":false,""target_overs"":50,""target_runs"":309,""wickets"":2}]",OPPONENT_WIN,Pakistan,COMPLETED,Cricsheet,HISTORICAL_DATA
335356,ODI,2008-07-03,2008,2008,National Stadium,Karachi,,India,Sri Lanka,True,Sri Lanka,Sri Lanka,bat,"[{""batting_team"":""Sri Lanka"",""declared"":false,""forfeited"":false,""innings_number"":1,""legal_deliveries"":300,""runs"":308,""super_over"":false,""target_overs"":null,""target_runs"":null,""wickets"":8},{""batting_team"":""India"",""declared"":false,""forfeited"":false,""innings_number"":2,""legal_deliveries"":281,""runs"":310,""super_over"":false,""target_overs"":50,""target_runs"":309,""wickets"":4}]",INDIA_WIN,India,COMPLETED,Cricsheet,HISTORICAL_DATA
335358,ODI,2008-07-06,2008,2008,National Stadium,Karachi,,India,Sri Lanka,True,Sri Lanka,India,field,"[{""batting_team"":""Sri Lanka"",""declared"":false,""forfeited"":false,""innings_number"":1,""legal_deliveries"":299,""runs"":273,""super_over"":false,""target_overs"":null,""target_runs"":null,""wickets"":10},{""batting_team"":""India"",""declared"":false,""forfeited"":false,""innings_number"":2,""legal_deliveries"":237,""runs"":173,""super_over"":false,""target_overs"":50,""target_runs"":274,""wickets"":10}]",OPPONENT_WIN,Sri Lanka,COMPLETED,Cricsheet,HISTORICAL_DATA
343729,TEST,2008-07-23,2008,2008,Sinhalese Sports Club Ground,Colombo,,Sri Lanka,India,True,Sri Lanka,Sri Lanka,bat,"[{""batting_team"":""Sri Lanka"",""declared"":true,""forfeited"":false,""innings_number"":1,""legal_deliveries"":973,""runs"":600,""super_over"":false,""target_overs"":null,""target_runs"":null,""wickets"":6},{""batting_team"":""India"",""declared"":false,""forfeited"":false,""innings_number"":2,""legal_deliveries"":437,""runs"":223,""super_over"":false,""target_overs"":null,""target_runs"":null,""wickets"":10},{""batting_team"":""India"",""declared"":false,""forfeited"":false,""innings_number"":3,""legal_deliveries"":270,""runs"":138,""super_over"":false,""target_overs"":null,""target_runs"":null,""wickets"":10}]",OPPONENT_WIN,Sri Lanka,COMPLETED,Cricsheet,HISTORICAL_DATA
343730,TEST,2008-07-31,2008,2008,Galle International Stadium,,,Sri Lanka,India,True,Sri Lanka,India,bat,"[{""batting_team"":""India"",""declared"":false,""forfeited"":false,""innings_number"":1,""legal_deliveries"":492,""runs"":329,""super_over"":false,""target_overs"":null,""target_runs"":null,""wickets"":10},{""batting_team"":""Sri Lanka"",""declared"":false,""forfeited"":false,""innings_number"":2,""legal_deliveries"":561,""runs"":292,""super_over"":false,""target_overs"":null,""target_runs"":null,""wickets"":10},{""batting_team"":""India"",""declared"":false,""forfeited"":false,""innings_number"":3,""legal_deliveries"":458,""runs"":269,""super_over"":false,""target_overs"":null,""target_runs"":null,""wickets"":10},{""batting_team"":""Sri Lanka"",""declared"":false,""forfeited"":false,""innings_number"":4,""legal_deliveries"":285,""runs"":136,""super_over"":false,""target_overs"":null,""target_runs"":null,""wickets"":10}]",INDIA_WIN,India,COMPLETED,Cricsheet,HISTORICAL_DATA
343731,TEST,2008-08-08,2008,2008,P Saravanamuttu Stadium,Colombo,,Sri Lanka,India,True,Sri Lanka,India,bat,"[{""batting_team"":""India"",""declared"":false,""forfeited"":false,""innings_number"":1,""legal_deliveries"":480,""runs"":249,""super_over"":false,""target_overs"":null,""target_runs"":null,""wickets"":10},{""batting_team"":""Sri Lanka"",""declared"":false,""forfeited"":false,""innings_number"":2,""legal_deliveries"":806,""runs"":396,""super_over"":false,""target_overs"":null,""target_runs"":null,""wickets"":10},{""batting_team"":""India"",""declared"":false,""forfeited"":false,""innings_number"":3,""legal_deliveries"":527,""runs"":268,""super_over"":false,""target_overs"":null,""target_runs"":null,""wickets"":10},{""batting_team"":""Sri Lanka"",""declared"":false,""forfeited"":false,""innings_number"":4,""legal_deliveries"":199,""runs"":123,""super_over"":false,""target_overs"":null,""target_runs"":null,""wickets"":2}]",OPPONENT_WIN,Sri Lanka,COMPLETED,Cricsheet,HISTORICAL_DATA
343732,ODI,2008-08-18,2008,2008,Rangiri Dambulla International Stadium,,,Sri Lanka,India,True,Sri Lanka,India,bat,"[{""batting_team"":""India"",""declared"":false,""forfeited"":false,""innings_number"":1,""legal_deliveries"":276,""runs"":146,""super_over"":false,""target_overs"":null,""target_runs"":null,""wickets"":10},{""batting_team"":""Sri Lanka"",""declared"":false,""forfeited"":false,""innings_number"":2,""legal_deliveries"":209,""runs"":147,""super_over"":false,""target_overs"":50,""target_runs"":147,""wickets"":2}]",OPPONENT_WIN,Sri Lanka,COMPLETED,Cricsheet,HISTORICAL_DATA
343733,ODI,2008-08-20,2008,2008,Rangiri Dambulla International Stadium,,,Sri Lanka,India,True,Sri Lanka,India,field,"[{""batting_team"":""Sri Lanka"",""declared"":false,""forfeited"":false,""innings_number"":1,""legal_deliveries"":231,""runs"":142,""super_over"":false,""target_overs"":null,""target_runs"":null,""wickets"":10},{""batting_team"":""India"",""declared"":false,""forfeited"":false,""innings_number"":2,""legal_deliveries"":238,""runs"":143,""super_over"":false,""target_overs"":50,""target_runs"":143,""wickets"":7}]",INDIA_WIN,India,COMPLETED,Cricsheet,HISTORICAL_DATA
343734,ODI,2008-08-24,2008,2008,R Premadasa Stadium,Colombo,,Sri Lanka,India,True,Sri Lanka,India,bat,"[{""batting_team"":""India"",""declared"":false,""forfeited"":false,""innings_number"":1,""legal_deliveries"":300,""runs"":237,""super_over"":false,""target_overs"":null,""target_runs"":null,""wickets"":9},{""batting_team"":""Sri Lanka"",""declared"":false,""forfeited"":false,""innings_number"":2,""legal_deliveries"":294,""runs"":204,""super_over"":false,""target_overs"":50,""target_runs"":238,""wickets"":10}]",INDIA_WIN,India,COMPLETED,Cricsheet,HISTORICAL_DATA
366341,ODI,2008-08-27,2008,2008,R Premadasa Stadium,Colombo,,Sri Lanka,India,True,Sri Lanka,India,bat,"[{""batting_team"":""India"",""declared"":false,""forfeited"":false,""innings_number"":1,""legal_deliveries"":298,""runs"":258,""super_over"":false,""target_overs"":null,""target_runs"":null,""wickets"":10},{""batting_team"":""Sri Lanka"",""declared"":false,""forfeited"":false,""innings_number"":2,""legal_deliveries"":279,""runs"":212,""super_over"":false,""target_overs"":50,""target_runs"":259,""wickets"":10}]",INDIA_WIN,India,COMPLETED,Cricsheet,HISTORICAL_DATA
343736,ODI,2008-08-29,2008,2008,R Premadasa Stadium,Colombo,,Sri Lanka,India,True,Sri Lanka,Sri Lanka,bat,"[{""batting_team"":""Sri Lanka"",""declared"":false,""forfeited"":false,""innings_number"":1,""legal_deliveries"":300,""runs"":227,""super_over"":false,""target_overs"":null,""target_runs"":null,""wickets"":6},{""batting_team"":""India"",""declared"":false,""forfeited"":false,""innings_number"":2,""legal_deliveries"":159,""runs"":103,""super_over"":false,""target_overs"":44,""target_runs"":216,""wickets"":10}]",OPPONENT_WIN,Sri Lanka,COMPLETED,Cricsheet,HISTORICAL_DATA
345669,TEST,2008-10-09,2008/09,2008,M Chinnaswamy Stadium,Bangalore,,India,Australia,True,Australia,Australia,bat,"[{""batting_team"":""Australia"",""declared"":false,""forfeited"":false,""innings_number"":1,""legal_deliveries"":899,""runs"":430,""super_over"":false,""target_overs"":null,""target_runs"":null,""wickets"":10},{""batting_team"":""India"",""declared"":false,""forfeited"":false,""innings_number"":2,""legal_deliveries"":714,""runs"":360,""super_over"":false,""target_overs"":null,""target_runs"":null,""wickets"":10},{""batting_team"":""Australia"",""declared"":true,""forfeited"":false,""innings_number"":3,""legal_deliveries"":438,""runs"":228,""super_over"":false,""target_overs"":null,""target_runs"":null,""wickets"":6},{""batting_team"":""India"",""declared"":false,""forfeited"":false,""innings_number"":4,""legal_deliveries"":438,""runs"":177,""super_over"":false,""target_overs"":null,""target_runs"":null,""wickets"":4}]",DRAW,,DRAWN,Cricsheet,HISTORICAL_DATA
345670,TEST,2008-10-17,2008/09,2008,"Punjab Cricket Association Stadium, Mohali",Chandigarh,,India,Australia,True,Australia,India,bat,"[{""batting_team"":""India"",""declared"":false,""forfeited"":false,""innings_number"":1,""legal_deliveries"":774,""runs"":469,""super_over"":false,""target_overs"":null,""target_runs"":null,""wickets"":10},{""batting_team"":""Australia"",""declared"":false,""forfeited"":false,""innings_number"":2,""legal_deliveries"":610,""runs"":268,""super_over"":false,""target_overs"":null,""target_runs"":null,""wickets"":10},{""batting_team"":""India"",""declared"":true,""forfeited"":false,""innings_number"":3,""legal_deliveries"":390,""runs"":314,""super_over"":false,""target_overs"":null,""target_runs"":null,""wickets"":3},{""batting_team"":""Australia"",""declared"":false,""forfeited"":false,""innings_number"":4,""legal_deliveries"":388,""runs"":195,""super_over"":false,""target_overs"":null,""target_runs"":null,""wickets"":10}]",INDIA_WIN,India,COMPLETED,Cricsheet,HISTORICAL_DATA
345671,TEST,2008-10-29,2008/09,2008,Feroz Shah Kotla,Delhi,,India,Australia,True,Australia,India,bat,"[{""batting_team"":""India"",""declared"":true,""forfeited"":false,""innings_number"":1,""legal_deliveries"":965,""runs"":613,""super_over"":false,""target_overs"":null,""target_runs"":null,""wickets"":7},{""batting_team"":""Australia"",""declared"":false,""forfeited"":false,""innings_number"":2,""legal_deliveries"":1077,""runs"":577,""super_over"":false,""target_overs"":null,""target_runs"":null,""wickets"":10},{""batting_team"":""India"",""declared"":true,""forfeited"":false,""innings_number"":3,""legal_deliveries"":465,""runs"":208,""super_over"":false,""target_overs"":null,""target_runs"":null,""wickets"":5},{""batting_team"":""Australia"",""declared"":false,""forfeited"":false,""innings_number"":4,""legal_deliveries"":48,""runs"":31,""super_over"":false,""target_overs"":null,""target_runs"":null,""wickets"":0}]",DRAW,,DRAWN,Cricsheet,HISTORICAL_DATA
345672,TEST,2008-11-06,2008/09,2008,"Vidarbha Cricket Association Stadium, Jamtha",Nagpur,,India,Australia,True,Australia,India,bat,"[{""batting_team"":""India"",""declared"":false,""forfeited"":false,""innings_number"":1,""legal_deliveries"":749,""runs"":441,""super_over"":false,""target_overs"":null,""target_runs"":null,""wickets"":10},{""batting_team"":""Australia"",""declared"":false,""forfeited"":false,""innings_number"":2,""legal_deliveries"":808,""runs"":355,""super_over"":false,""target_overs"":null,""target_runs"":null,""wickets"":10},{""batting_team"":""India"",""declared"":false,""forfeited"":false,""innings_number"":3,""legal_deliveries"":496,""runs"":295,""super_over"":false,""target_overs"":null,""target_runs"":null,""wickets"":10},{""batting_team"":""Australia"",""declared"":false,""forfeited"":false,""innings_number"":4,""legal_deliveries"":302,""runs"":209,""super_over"":false,""target_overs"":null,""target_runs"":null,""wickets"":10}]",INDIA_WIN,India,COMPLETED,Cricsheet,HISTORICAL_DATA
361043,ODI,2008-11-14,2008/09,2008,Madhavrao Scindia Cricket Ground,Rajkot,,India,England,True,England,England,field,"[{""batting_team"":""India"",""declared"":false,""forfeited"":false,""innings_number"":1,""legal_deliveries"":300,""runs"":387,""super_over"":false,""target_overs"":null,""target_runs"":null,""wickets"":5},{""batting_team"":""England"",""declared"":false,""forfeited"":false,""innings_number"":2,""legal_deliveries"":226,""runs"":229,""super_over"":false,""target_overs"":50,""target_runs"":388,""wickets"":10}]",INDIA_WIN,India,COMPLETED,Cricsheet,HISTORICAL_DATA
361044,ODI,2008-11-17,2008/09,2008,Maharani Usharaje Trust Cricket Ground,Indore,,India,England,True,England,India,bat,"[{""batting_team"":""India"",""declared"":false,""forfeited"":false,""innings_number"":1,""legal_deliveries"":300,""runs"":292,""super_over"":false,""target_overs"":null,""target_runs"":null,""wickets"":9},{""batting_team"":""England"",""declared"":false,""forfeited"":false,""innings_number"":2,""legal_deliveries"":282,""runs"":238,""super_over"":false,""target_overs"":50,""target_runs"":293,""wickets"":10}]",INDIA_WIN,India,COMPLETED,Cricsheet,HISTORICAL_DATA
361045,ODI,2008-11-20,2008/09,2008,Green Park,Kanpur,,India,England,True,England,England,bat,"[{""batting_team"":""England"",""declared"":false,""forfeited"":false,""innings_number"":1,""legal_deliveries"":292,""runs"":240,""super_over"":false,""target_overs"":null,""target_runs"":null,""wickets"":10},{""batting_team"":""India"",""declared"":false,""forfeited"":false,""innings_number"":2,""legal_deliveries"":240,""runs"":198,""super_over"":false,""target_overs"":40,""target_runs"":183,""wickets"":5}]",INDIA_WIN,India,COMPLETED,Cricsheet,HISTORICAL_DATA
361046,ODI,2008-11-23,2008/09,2008,M Chinnaswamy Stadium,Bangalore,,India,England,True,England,England,field,"[{""batting_team"":""India"",""declared"":false,""forfeited"":false,""innings_number"":1,""legal_deliveries"":132,""runs"":166,""super_over"":false,""target_overs"":null,""target_runs"":null,""wickets"":4},{""batting_team"":""England"",""declared"":false,""forfeited"":false,""innings_number"":2,""legal_deliveries"":132,""runs"":178,""super_over"":false,""target_overs"":22,""target_runs"":198,""wickets"":8}]",INDIA_WIN,India,COMPLETED,Cricsheet,HISTORICAL_DATA
361047,ODI,2008-11-26,2008/09,2008,Barabati Stadium,Cuttack,,India,England,True,England,India,field,"[{""batting_team"":""England"",""declared"":false,""forfeited"":false,""innings_number"":1,""legal_deliveries"":300,""runs"":270,""super_over"":false,""target_overs"":null,""target_runs"":null,""wickets"":4},{""batting_team"":""India"",""declared"":false,""forfeited"":false,""innings_number"":2,""legal_deliveries"":262,""runs"":273,""super_over"":false,""target_overs"":50,""target_runs"":271,""wickets"":4}]",INDIA_WIN,India,COMPLETED,Cricsheet,HISTORICAL_DATA
361050,TEST,2008-12-11,2008/09,2008,"MA Chidambaram Stadium, Chepauk",Chennai,,India,England,True,England,England,bat,"[{""batting_team"":""England"",""declared"":false,""forfeited"":false,""innings_number"":1,""legal_deliveries"":772,""runs"":316,""super_over"":false,""target_overs"":null,""target_runs"":null,""wickets"":10},{""batting_team"":""India"",""declared"":false,""forfeited"":false,""innings_number"":2,""legal_deliveries"":418,""runs"":241,""super_over"":false,""target_overs"":null,""target_runs"":null,""wickets"":10},{""batting_team"":""England"",""declared"":true,""forfeited"":false,""innings_number"":3,""legal_deliveries"":635,""runs"":311,""super_over"":false,""target_overs"":null,""target_runs"":null,""wickets"":9},{""batting_team"":""India"",""declared"":false,""forfeited"":false,""innings_number"":4,""legal_deliveries"":591,""runs"":387,""super_over"":false,""target_overs"":null,""target_runs"":null,""wickets"":4}]",INDIA_WIN,India,COMPLETED,Cricsheet,HISTORICAL_DATA
361051,TEST,2008-12-19,2008/09,2008,"Punjab Cricket Association Stadium, Mohali",Chandigarh,,India,England,True,England,India,bat,"[{""batting_team"":""India"",""declared"":false,""forfeited"":false,""innings_number"":1,""legal_deliveries"":950,""runs"":453,""super_over"":false,""target_overs"":null,""target_runs"":null,""wickets"":10},{""batting_team"":""England"",""declared"":false,""forfeited"":false,""innings_number"":2,""legal_deliveries"":503,""runs"":302,""super_over"":false,""target_overs"":null,""target_runs"":null,""wickets"":10},{""batting_team"":""India"",""declared"":true,""forfeited"":false,""innings_number"":3,""legal_deliveries"":438,""runs"":251,""super_over"":false,""target_overs"":null,""target_runs"":null,""wickets"":7},{""batting_team"":""England"",""declared"":false,""forfeited"":false,""innings_number"":4,""legal_deliveries"":168,""runs"":64,""super_over"":false,""target_overs"":null,""target_runs"":null,""wickets"":1}]",DRAW,,DRAWN,Cricsheet,HISTORICAL_DATA
386530,ODI,2009-01-28,2008/09,2009,Rangiri Dambulla International Stadium,,,Sri Lanka,India,True,Sri Lanka,India,field,"[{""batting_team"":""Sri Lanka"",""declared"":false,""forfeited"":false,""innings_number"":1,""legal_deliveries"":300,""runs"":246,""super_over"":false,""target_overs"":null,""target_runs"":null,""wickets"":7},{""batting_team"":""India"",""declared"":false,""forfeited"":false,""innings_number"":2,""legal_deliveries"":289,""runs"":247,""super_over"":false,""target_overs"":50,""target_runs"":247,""wickets"":4}]",INDIA_WIN,India,COMPLETED,Cricsheet,HISTORICAL_DATA
386531,ODI,2009-01-31,2008/09,2009,R Premadasa Stadium,Colombo,,Sri Lanka,India,True,Sri Lanka,India,bat,"[{""batting_team"":""India"",""declared"":false,""forfeited"":false,""innings_number"":1,""legal_deliveries"":300,""runs"":256,""super_over"":false,""target_overs"":null,""target_runs"":null,""wickets"":9},{""batting_team"":""Sri Lanka"",""declared"":false,""forfeited"":false,""innings_number"":2,""legal_deliveries"":296,""runs"":241,""super_over"":false,""target_overs"":50,""target_runs"":257,""wickets"":10}]",INDIA_WIN,India,COMPLETED,Cricsheet,HISTORICAL_DATA
386532,ODI,2009-02-03,2008/09,2009,R Premadasa Stadium,Colombo,,Sri Lanka,India,True,Sri Lanka,India,bat,"[{""batting_team"":""India"",""declared"":false,""forfeited"":false,""innings_number"":1,""legal_deliveries"":300,""runs"":363,""super_over"":false,""target_overs"":null,""target_runs"":null,""wickets"":5},{""batting_team"":""Sri Lanka"",""declared"":false,""forfeited"":false,""innings_number"":2,""legal_deliveries"":250,""runs"":216,""super_over"":false,""target_overs"":50,""target_runs"":364,""wickets"":10}]",INDIA_WIN,India,COMPLETED,Cricsheet,HISTORICAL_DATA
386533,ODI,2009-02-05,2008/09,2009,R Premadasa Stadium,Colombo,,Sri Lanka,India,True,Sri Lanka,India,bat,"[{""batting_team"":""India"",""declared"":false,""forfeited"":false,""innings_number"":1,""legal_deliveries"":300,""runs"":332,""super_over"":false,""target_overs"":null,""target_runs"":null,""wickets"":5},{""batting_team"":""Sri Lanka"",""declared"":false,""forfeited"":false,""innings_number"":2,""legal_deliveries"":288,""runs"":265,""super_over"":false,""target_overs"":50,""target_runs"":333,""wickets"":10}]",INDIA_WIN,India,COMPLETED,Cricsheet,HISTORICAL_DATA
386534,ODI,2009-02-08,2008/09,2009,R Premadasa Stadium,Colombo,,Sri Lanka,India,True,Sri Lanka,Sri Lanka,bat,"[{""batting_team"":""Sri Lanka"",""declared"":false,""forfeited"":false,""innings_number"":1,""legal_deliveries"":300,""runs"":320,""super_over"":false,""target_overs"":null,""target_runs"":null,""wickets"":8},{""batting_team"":""India"",""declared"":false,""forfeited"":false,""innings_number"":2,""legal_deliveries"":293,""runs"":252,""super_over"":false,""target_overs"":50,""target_runs"":321,""wickets"":10}]",OPPONENT_WIN,Sri Lanka,COMPLETED,Cricsheet,HISTORICAL_DATA
386535,T20I,2009-02-10,2008/09,2009,R Premadasa Stadium,Colombo,,Sri Lanka,India,True,Sri Lanka,Sri Lanka,bat,"[{""batting_team"":""Sri Lanka"",""declared"":false,""forfeited"":false,""innings_number"":1,""legal_deliveries"":120,""runs"":171,""super_over"":false,""target_overs"":null,""target_runs"":null,""wickets"":4},{""batting_team"":""India"",""declared"":false,""forfeited"":false,""innings_number"":2,""legal_deliveries"":116,""runs"":174,""super_over"":false,""target_overs"":20,""target_runs"":172,""wickets"":7}]",INDIA_WIN,India,COMPLETED,Cricsheet,HISTORICAL_DATA
386494,T20I,2009-02-25,2008/09,2009,AMI Stadium,Christchurch,,New Zealand,India,True,New Zealand,New Zealand,field,"[{""batting_team"":""India"",""declared"":false,""forfeited"":false,""innings_number"":1,""legal_deliveries"":120,""runs"":162,""super_over"":false,""target_overs"":null,""target_runs"":null,""wickets"":8},{""batting_team"":""New Zealand"",""declared"":false,""forfeited"":false,""innings_number"":2,""legal_deliveries"":113,""runs"":166,""super_over"":false,""target_overs"":20,""target_runs"":163,""wickets"":3}]",OPPONENT_WIN,New Zealand,COMPLETED,Cricsheet,HISTORICAL_DATA
366622,T20I,2009-02-27,2008/09,2009,Westpac Stadium,Wellington,,New Zealand,India,True,New Zealand,New Zealand,field,"[{""batting_team"":""India"",""declared"":false,""forfeited"":false,""innings_number"":1,""legal_deliveries"":120,""runs"":149,""super_over"":false,""target_overs"":null,""target_runs"":null,""wickets"":6},{""batting_team"":""New Zealand"",""declared"":false,""forfeited"":false,""innings_number"":2,""legal_deliveries"":120,""runs"":150,""super_over"":false,""target_overs"":20,""target_runs"":150,""wickets"":5}]",OPPONENT_WIN,New Zealand,COMPLETED,Cricsheet,HISTORICAL_DATA
366623,ODI,2009-03-03,2008/09,2009,McLean Park,Napier,,New Zealand,India,True,New Zealand,India,bat,"[{""batting_team"":""India"",""declared"":false,""forfeited"":false,""innings_number"":1,""legal_deliveries"":228,""runs"":273,""super_over"":false,""target_overs"":null,""target_runs"":null,""wickets"":4},{""batting_team"":""New Zealand"",""declared"":false,""forfeited"":false,""innings_number"":2,""legal_deliveries"":168,""runs"":162,""super_over"":false,""target_overs"":28,""target_runs"":216,""wickets"":9}]",INDIA_WIN,India,COMPLETED,Cricsheet,HISTORICAL_DATA
366626,ODI,2009-03-06,2008/09,2009,Westpac Stadium,Wellington,,New Zealand,India,True,New Zealand,India,bat,"[{""batting_team"":""India"",""declared"":false,""forfeited"":false,""innings_number"":1,""legal_deliveries"":172,""runs"":188,""super_over"":false,""target_overs"":null,""target_runs"":null,""wickets"":4}]",,,NO_RESULT,Cricsheet,HISTORICAL_DATA
366627,ODI,2009-03-08,2008/09,2009,AMI Stadium,Christchurch,,New Zealand,India,True,New Zealand,New Zealand,field,"[{""batting_team"":""India"",""declared"":false,""forfeited"":false,""innings_number"":1,""legal_deliveries"":300,""runs"":392,""super_over"":false,""target_overs"":null,""target_runs"":null,""wickets"":4},{""batting_team"":""New Zealand"",""declared"":false,""forfeited"":false,""innings_number"":2,""legal_deliveries"":271,""runs"":334,""super_over"":false,""target_overs"":50,""target_runs"":393,""wickets"":10}]",INDIA_WIN,India,COMPLETED,Cricsheet,HISTORICAL_DATA
366624,ODI,2009-03-11,2008/09,2009,Seddon Park,Hamilton,,New Zealand,India,True,New Zealand,New Zealand,bat,"[{""batting_team"":""New Zealand"",""declared"":false,""forfeited"":false,""innings_number"":1,""legal_deliveries"":282,""runs"":270,""super_over"":false,""target_overs"":null,""target_runs"":null,""wickets"":5},{""batting_team"":""India"",""declared"":false,""forfeited"":false,""innings_number"":2,""legal_deliveries"":141,""runs"":201,""super_over"":false,""target_overs"":23.3,""target_runs"":118,""wickets"":0}]",INDIA_WIN,India,COMPLETED,Cricsheet,HISTORICAL_DATA
366625,ODI,2009-03-14,2008/09,2009,Eden Park,Auckland,,New Zealand,India,True,New Zealand,India,bat,"[{""batting_team"":""India"",""declared"":false,""forfeited"":false,""innings_number"":1,""legal_deliveries"":219,""runs"":149,""super_over"":false,""target_overs"":null,""target_runs"":null,""wickets"":10},{""batting_team"":""New Zealand"",""declared"":false,""forfeited"":false,""innings_number"":2,""legal_deliveries"":140,""runs"":151,""super_over"":false,""target_overs"":43,""target_runs"":150,""wickets"":2}]",OPPONENT_WIN,New Zealand,COMPLETED,Cricsheet,HISTORICAL_DATA
366628,TEST,2009-03-18,2008/09,2009,Seddon Park,Hamilton,,New Zealand,India,True,New Zealand,India,field,"[{""batting_team"":""New Zealand"",""declared"":false,""forfeited"":false,""innings_number"":1,""legal_deliveries"":470,""runs"":279,""super_over"":false,""target_overs"":null,""target_runs"":null,""wickets"":10},{""batting_team"":""India"",""declared"":false,""forfeited"":false,""innings_number"":2,""legal_deliveries"":916,""runs"":520,""super_over"":false,""target_overs"":null,""target_runs"":null,""wickets"":10},{""batting_team"":""New Zealand"",""declared"":false,""forfeited"":false,""innings_number"":3,""legal_deliveries"":615,""runs"":279,""super_over"":false,""target_overs"":null,""target_runs"":null,""wickets"":10},{""batting_team"":""India"",""declared"":false,""forfeited"":false,""innings_number"":4,""legal_deliveries"":32,""runs"":39,""super_over"":false,""target_overs"":null,""target_runs"":null,""wickets"":0}]",INDIA_WIN,India,COMPLETED,Cricsheet,HISTORICAL_DATA
386496,TEST,2009-03-26,2008/09,2009,McLean Park,Napier,,New Zealand,India,True,New Zealand,New Zealand,bat,"[{""batting_team"":""New Zealand"",""declared"":true,""forfeited"":false,""innings_number"":1,""legal_deliveries"":928,""runs"":619,""super_over"":false,""target_overs"":null,""target_runs"":null,""wickets"":9},{""batting_team"":""India"",""declared"":false,""forfeited"":false,""innings_number"":2,""legal_deliveries"":563,""runs"":305,""super_over"":false,""target_overs"":null,""target_runs"":null,""wickets"":10},{""batting_team"":""India"",""declared"":false,""forfeited"":false,""innings_number"":3,""legal_deliveries"":1080,""runs"":476,""super_over"":false,""target_overs"":null,""target_runs"":null,""wickets"":4}]",DRAW,,DRAWN,Cricsheet,HISTORICAL_DATA
366629,TEST,2009-04-03,2008/09,2009,Basin Reserve,Wellington,,New Zealand,India,True,New Zealand,New Zealand,field,"[{""batting_team"":""India"",""declared"":false,""forfeited"":false,""innings_number"":1,""legal_deliveries"":553,""runs"":379,""super_over"":false,""target_overs"":null,""target_runs"":null,""wickets"":10},{""batting_team"":""New Zealand"",""declared"":false,""forfeited"":false,""innings_number"":2,""legal_deliveries"":390,""runs"":197,""super_over"":false,""target_overs"":null,""target_runs"":null,""wickets"":10},{""batting_team"":""India"",""declared"":true,""forfeited"":false,""innings_number"":3,""legal_deliveries"":696,""runs"":434,""super_over"":false,""target_overs"":null,""target_runs"":null,""wickets"":7},{""batting_team"":""New Zealand"",""declared"":false,""forfeited"":false,""innings_number"":4,""legal_deliveries"":567,""runs"":281,""super_over"":false,""target_overs"":null,""target_runs"":null,""wickets"":8}]",DRAW,,DRAWN,Cricsheet,HISTORICAL_DATA
355994,T20I,2009-06-06,2009,2009,Trent Bridge,Nottingham,,Bangladesh,India,True,Bangladesh,India,bat,"[{""batting_team"":""India"",""declared"":false,""forfeited"":false,""innings_number"":1,""legal_deliveries"":120,""runs"":180,""super_over"":false,""target_overs"":null,""target_runs"":null,""wickets"":5},{""batting_team"":""Bangladesh"",""declared"":false,""forfeited"":false,""innings_number"":2,""legal_deliveries"":120,""runs"":155,""super_over"":false,""target_overs"":20,""target_runs"":181,""wickets"":8}]",INDIA_WIN,India,COMPLETED,Cricsheet,HISTORICAL_DATA
356001,T20I,2009-06-10,2009,2009,Trent Bridge,Nottingham,,India,Ireland,True,Ireland,India,field,"[{""batting_team"":""Ireland"",""declared"":false,""forfeited"":false,""innings_number"":1,""legal_deliveries"":108,""runs"":112,""super_over"":false,""target_overs"":null,""target_runs"":null,""wickets"":8},{""batting_team"":""India"",""declared"":false,""forfeited"":false,""innings_number"":2,""legal_deliveries"":93,""runs"":113,""super_over"":false,""target_overs"":18,""target_runs"":113,""wickets"":2}]",INDIA_WIN,India,COMPLETED,Cricsheet,HISTORICAL_DATA
356006,T20I,2009-06-12,2009,2009,Lord's,London,,India,West Indies,True,West Indies,India,bat,"[{""batting_team"":""India"",""declared"":false,""forfeited"":false,""innings_number"":1,""legal_deliveries"":120,""runs"":153,""super_over"":false,""target_overs"":null,""target_runs"":null,""wickets"":7},{""batting_team"":""West Indies"",""declared"":false,""forfeited"":false,""innings_number"":2,""legal_deliveries"":112,""runs"":156,""super_over"":false,""target_overs"":20,""target_runs"":154,""wickets"":3}]",OPPONENT_WIN,West Indies,COMPLETED,Cricsheet,HISTORICAL_DATA
356010,T20I,2009-06-14,2009,2009,Lord's,London,,England,India,True,England,India,field,"[{""batting_team"":""England"",""declared"":false,""forfeited"":false,""innings_number"":1,""legal_deliveries"":120,""runs"":153,""super_over"":false,""target_overs"":null,""target_runs"":null,""wickets"":7},{""batting_team"":""India"",""declared"":false,""forfeited"":false,""innings_number"":2,""legal_deliveries"":120,""runs"":150,""super_over"":false,""target_overs"":20,""target_runs"":154,""wickets"":5}]",OPPONENT_WIN,England,COMPLETED,Cricsheet,HISTORICAL_DATA
356014,T20I,2009-06-16,2009,2009,Trent Bridge,Nottingham,,India,South Africa,True,South Africa,South Africa,bat,"[{""batting_team"":""South Africa"",""declared"":false,""forfeited"":false,""innings_number"":1,""legal_deliveries"":120,""runs"":130,""super_over"":false,""target_overs"":null,""target_runs"":null,""wickets"":5},{""batting_team"":""India"",""declared"":false,""forfeited"":false,""innings_number"":2,""legal_deliveries"":120,""runs"":118,""super_over"":false,""target_overs"":20,""target_runs"":131,""wickets"":8}]",OPPONENT_WIN,South Africa,COMPLETED,Cricsheet,HISTORICAL_DATA
377313,ODI,2009-06-26,2009,2009,"Sabina Park, Kingston",Jamaica,,West Indies,India,True,West Indies,India,bat,"[{""batting_team"":""India"",""declared"":false,""forfeited"":false,""innings_number"":1,""legal_deliveries"":300,""runs"":339,""super_over"":false,""target_overs"":null,""target_runs"":null,""wickets"":6},{""batting_team"":""West Indies"",""declared"":false,""forfeited"":false,""innings_number"":2,""legal_deliveries"":289,""runs"":319,""super_over"":false,""target_overs"":50,""target_runs"":340,""wickets"":10}]",INDIA_WIN,India,COMPLETED,Cricsheet,HISTORICAL_DATA
377314,ODI,2009-06-28,2009,2009,"Sabina Park, Kingston",Jamaica,,West Indies,India,True,West Indies,India,bat,"[{""batting_team"":""India"",""declared"":false,""forfeited"":false,""innings_number"":1,""legal_deliveries"":290,""runs"":188,""super_over"":false,""target_overs"":null,""target_runs"":null,""wickets"":10},{""batting_team"":""West Indies"",""declared"":false,""forfeited"":false,""innings_number"":2,""legal_deliveries"":205,""runs"":192,""super_over"":false,""target_overs"":50,""target_runs"":189,""wickets"":2}]",OPPONENT_WIN,West Indies,COMPLETED,Cricsheet,HISTORICAL_DATA
377315,ODI,2009-07-03,2009,2009,"Beausejour Stadium, Gros Islet",St Lucia,,West Indies,India,True,West Indies,India,field,"[{""batting_team"":""West Indies"",""declared"":false,""forfeited"":false,""innings_number"":1,""legal_deliveries"":162,""runs"":186,""super_over"":false,""target_overs"":null,""target_runs"":null,""wickets"":7},{""batting_team"":""India"",""declared"":false,""forfeited"":false,""innings_number"":2,""legal_deliveries"":131,""runs"":159,""super_over"":false,""target_overs"":22,""target_runs"":159,""wickets"":4}]",INDIA_WIN,India,COMPLETED,Cricsheet,HISTORICAL_DATA
377316,ODI,2009-07-05,2009,2009,"Beausejour Stadium, Gros Islet",St Lucia,,West Indies,India,True,West Indies,India,field,"[{""batting_team"":""West Indies"",""declared"":false,""forfeited"":false,""innings_number"":1,""legal_deliveries"":45,""runs"":27,""super_over"":false,""target_overs"":null,""target_runs"":null,""wickets"":1}]",,,NO_RESULT,Cricsheet,HISTORICAL_DATA
403382,ODI,2009-09-11,2009,2009,R Premadasa Stadium,Colombo,,India,New Zealand,True,New Zealand,New Zealand,bat,"[{""batting_team"":""New Zealand"",""declared"":false,""forfeited"":false,""innings_number"":1,""legal_deliveries"":279,""runs"":155,""super_over"":false,""target_overs"":null,""target_runs"":null,""wickets"":10},{""batting_team"":""India"",""declared"":false,""forfeited"":false,""innings_number"":2,""legal_deliveries"":243,""runs"":156,""super_over"":false,""target_overs"":50,""target_runs"":156,""wickets"":4}]",INDIA_WIN,India,COMPLETED,Cricsheet,HISTORICAL_DATA
403381,ODI,2009-09-12,2009,2009,R Premadasa Stadium,Colombo,,Sri Lanka,India,True,Sri Lanka,Sri Lanka,bat,"[{""batting_team"":""Sri Lanka"",""declared"":false,""forfeited"":false,""innings_number"":1,""legal_deliveries"":300,""runs"":307,""super_over"":false,""target_overs"":null,""target_runs"":null,""wickets"":6},{""batting_team"":""India"",""declared"":false,""forfeited"":false,""innings_number"":2,""legal_deliveries"":224,""runs"":168,""super_over"":false,""target_overs"":50,""target_runs"":308,""wickets"":10}]",OPPONENT_WIN,Sri Lanka,COMPLETED,Cricsheet,HISTORICAL_DATA
403383,ODI,2009-09-14,2009,2009,R Premadasa Stadium,Colombo,,Sri Lanka,India,True,Sri Lanka,India,bat,"[{""batting_team"":""India"",""declared"":false,""forfeited"":false,""innings_number"":1,""legal_deliveries"":300,""runs"":319,""super_over"":false,""target_overs"":null,""target_runs"":null,""wickets"":5},{""batting_team"":""Sri Lanka"",""declared"":false,""forfeited"":false,""innings_number"":2,""legal_deliveries"":280,""runs"":273,""super_over"":false,""target_overs"":50,""target_runs"":320,""wickets"":10}]",INDIA_WIN,India,COMPLETED,Cricsheet,HISTORICAL_DATA
415278,ODI,2009-09-26,2009/10,2009,SuperSport Park,Centurion,,India,Pakistan,True,Pakistan,Pakistan,bat,"[{""batting_team"":""Pakistan"",""declared"":false,""forfeited"":false,""innings_number"":1,""legal_deliveries"":300,""runs"":302,""super_over"":false,""target_overs"":null,""target_runs"":null,""wickets"":9},{""batting_team"":""India"",""declared"":false,""forfeited"":false,""innings_number"":2,""legal_deliveries"":269,""runs"":248,""super_over"":false,""target_overs"":50,""target_runs"":303,""wickets"":10}]",OPPONENT_WIN,Pakistan,COMPLETED,Cricsheet,HISTORICAL_DATA
415281,ODI,2009-09-28,2009/10,2009,SuperSport Park,Centurion,,Australia,India,True,Australia,Australia,bat,"[{""batting_team"":""Australia"",""declared"":false,""forfeited"":false,""innings_number"":1,""legal_deliveries"":255,""runs"":234,""super_over"":false,""target_overs"":null,""target_runs"":null,""wickets"":4}]",,,NO_RESULT,Cricsheet,HISTORICAL_DATA
415284,ODI,2009-09-30,2009/10,2009,New Wanderers Stadium,Johannesburg,,India,West Indies,True,West Indies,India,field,"[{""batting_team"":""West Indies"",""declared"":false,""forfeited"":false,""innings_number"":1,""legal_deliveries"":216,""runs"":129,""super_over"":false,""target_overs"":null,""target_runs"":null,""wickets"":10},{""batting_team"":""India"",""declared"":false,""forfeited"":false,""innings_number"":2,""legal_deliveries"":193,""runs"":130,""super_over"":false,""target_overs"":50,""target_runs"":130,""wickets"":3}]",INDIA_WIN,India,COMPLETED,Cricsheet,HISTORICAL_DATA
416236,ODI,2009-10-25,2009/10,2009,Reliance Stadium,Vadodara,,India,Australia,True,Australia,Australia,bat,"[{""batting_team"":""Australia"",""declared"":false,""forfeited"":false,""innings_number"":1,""legal_deliveries"":300,""runs"":292,""super_over"":false,""target_overs"":null,""target_runs"":null,""wickets"":8},{""batting_team"":""India"",""declared"":false,""forfeited"":false,""innings_number"":2,""legal_deliveries"":300,""runs"":288,""super_over"":false,""target_overs"":50,""target_runs"":293,""wickets"":8}]",OPPONENT_WIN,Australia,COMPLETED,Cricsheet,HISTORICAL_DATA
416237,ODI,2009-10-28,2009/10,2009,"Vidarbha Cricket Association Stadium, Jamtha",Nagpur,,India,Australia,True,Australia,Australia,field,"[{""batting_team"":""India"",""declared"":false,""forfeited"":false,""innings_number"":1,""legal_deliveries"":300,""runs"":354,""super_over"":false,""target_overs"":null,""target_runs"":null,""wickets"":7},{""batting_team"":""Australia"",""declared"":false,""forfeited"":false,""innings_number"":2,""legal_deliveries"":291,""runs"":255,""super_over"":false,""target_overs"":50,""target_runs"":355,""wickets"":10}]",INDIA_WIN,India,COMPLETED,Cricsheet,HISTORICAL_DATA
416238,ODI,2009-10-31,2009/10,2009,Feroz Shah Kotla,Delhi,,India,Australia,True,Australia,Australia,bat,"[{""batting_team"":""Australia"",""declared"":false,""forfeited"":false,""innings_number"":1,""legal_deliveries"":300,""runs"":229,""super_over"":false,""target_overs"":null,""target_runs"":null,""wickets"":5},{""batting_team"":""India"",""declared"":false,""forfeited"":false,""innings_number"":2,""legal_deliveries"":290,""runs"":230,""super_over"":false,""target_overs"":50,""target_runs"":230,""wickets"":4}]",INDIA_WIN,India,COMPLETED,Cricsheet,HISTORICAL_DATA
416239,ODI,2009-11-02,2009/10,2009,"Punjab Cricket Association Stadium, Mohali",Chandigarh,,India,Australia,True,Australia,India,field,"[{""batting_team"":""Australia"",""declared"":false,""forfeited"":false,""innings_number"":1,""legal_deliveries"":296,""runs"":250,""super_over"":false,""target_overs"":null,""target_runs"":null,""wickets"":10},{""batting_team"":""India"",""declared"":false,""forfeited"":false,""innings_number"":2,""legal_deliveries"":280,""runs"":226,""super_over"":false,""target_overs"":50,""target_runs"":251,""wickets"":10}]",OPPONENT_WIN,Australia,COMPLETED,Cricsheet,HISTORICAL_DATA
416240,ODI,2009-11-05,2009/10,2009,"Rajiv Gandhi International Stadium, Uppal",Hyderabad,,India,Australia,True,Australia,Australia,bat,"[{""batting_team"":""Australia"",""declared"":false,""forfeited"":false,""innings_number"":1,""legal_deliveries"":300,""runs"":350,""super_over"":false,""target_overs"":null,""target_runs"":null,""wickets"":4},{""batting_team"":""India"",""declared"":false,""forfeited"":false,""innings_number"":2,""legal_deliveries"":298,""runs"":347,""super_over"":false,""target_overs"":50,""target_runs"":351,""wickets"":10}]",OPPONENT_WIN,Australia,COMPLETED,Cricsheet,HISTORICAL_DATA
416241,ODI,2009-11-08,2009/10,2009,Nehru Stadium,Guwahati,,India,Australia,True,Australia,India,bat,"[{""batting_team"":""India"",""declared"":false,""forfeited"":false,""innings_number"":1,""legal_deliveries"":288,""runs"":170,""super_over"":false,""target_overs"":null,""target_runs"":null,""wickets"":10},{""batting_team"":""Australia"",""declared"":false,""forfeited"":false,""innings_number"":2,""legal_deliveries"":251,""runs"":172,""super_over"":false,""target_overs"":50,""target_runs"":171,""wickets"":4}]",OPPONENT_WIN,Australia,COMPLETED,Cricsheet,HISTORICAL_DATA
430881,TEST,2009-11-16,2009/10,2009,"Sardar Patel Stadium, Motera",Ahmedabad,,India,Sri Lanka,True,Sri Lanka,India,bat,"[{""batting_team"":""India"",""declared"":false,""forfeited"":false,""innings_number"":1,""legal_deliveries"":629,""runs"":426,""super_over"":false,""target_overs"":null,""target_runs"":null,""wickets"":10},{""batting_team"":""Sri Lanka"",""declared"":true,""forfeited"":false,""innings_number"":2,""legal_deliveries"":1216,""runs"":760,""super_over"":false,""target_overs"":null,""target_runs"":null,""wickets"":7},{""batting_team"":""India"",""declared"":false,""forfeited"":false,""innings_number"":3,""legal_deliveries"":774,""runs"":412,""super_over"":false,""target_overs"":null,""target_runs"":null,""wickets"":4}]",DRAW,,DRAWN,Cricsheet,HISTORICAL_DATA
430882,TEST,2009-11-24,2009/10,2009,Green Park,Kanpur,,India,Sri Lanka,True,Sri Lanka,India,bat,"[{""batting_team"":""India"",""declared"":false,""forfeited"":false,""innings_number"":1,""legal_deliveries"":924,""runs"":642,""super_over"":false,""target_overs"":null,""target_runs"":null,""wickets"":10},{""batting_team"":""Sri Lanka"",""declared"":false,""forfeited"":false,""innings_number"":2,""legal_deliveries"":504,""runs"":229,""super_over"":false,""target_overs"":null,""target_runs"":null,""wickets"":10},{""batting_team"":""Sri Lanka"",""declared"":false,""forfeited"":false,""innings_number"":3,""legal_deliveries"":393,""runs"":269,""super_over"":false,""target_overs"":null,""target_runs"":null,""wickets"":10}]",INDIA_WIN,India,COMPLETED,Cricsheet,HISTORICAL_DATA
430883,TEST,2009-12-02,2009/10,2009,Brabourne Stadium,Mumbai,,India,Sri Lanka,True,Sri Lanka,Sri Lanka,bat,"[{""batting_team"":""Sri Lanka"",""declared"":false,""forfeited"":false,""innings_number"":1,""legal_deliveries"":568,""runs"":393,""super_over"":false,""target_overs"":null,""target_runs"":null,""wickets"":10},{""batting_team"":""India"",""declared"":true,""forfeited"":false,""innings_number"":2,""legal_deliveries"":981,""runs"":726,""super_over"":false,""target_overs"":null,""target_runs"":null,""wickets"":9},{""batting_team"":""Sri Lanka"",""declared"":false,""forfeited"":false,""innings_number"":3,""legal_deliveries"":604,""runs"":309,""super_over"":false,""target_overs"":null,""target_runs"":null,""wickets"":10}]",INDIA_WIN,India,COMPLETED,Cricsheet,HISTORICAL_DATA
430884,T20I,2009-12-09,2009/10,2009,"Vidarbha Cricket Association Stadium, Jamtha",Nagpur,,India,Sri Lanka,True,Sri Lanka,India,field,"[{""batting_team"":""Sri Lanka"",""declared"":false,""forfeited"":false,""innings_number"":1,""legal_deliveries"":120,""runs"":215,""super_over"":false,""target_overs"":null,""target_runs"":null,""wickets"":5},{""batting_team"":""India"",""declared"":false,""forfeited"":false,""innings_number"":2,""legal_deliveries"":120,""runs"":186,""super_over"":false,""target_overs"":20,""target_runs"":216,""wickets"":9}]",OPPONENT_WIN,Sri Lanka,COMPLETED,Cricsheet,HISTORICAL_DATA
430885,T20I,2009-12-12,2009/10,2009,"Punjab Cricket Association Stadium, Mohali",Chandigarh,,India,Sri Lanka,True,Sri Lanka,Sri Lanka,bat,"[{""batting_team"":""Sri Lanka"",""declared"":false,""forfeited"":false,""innings_number"":1,""legal_deliveries"":120,""runs"":206,""super_over"":false,""target_overs"":null,""target_runs"":null,""wickets"":7},{""batting_team"":""India"",""declared"":false,""forfeited"":false,""innings_number"":2,""legal_deliveries"":115,""runs"":211,""super_over"":false,""target_overs"":20,""target_runs"":207,""wickets"":4}]",INDIA_WIN,India,COMPLETED,Cricsheet,HISTORICAL_DATA
430886,ODI,2009-12-15,2009/10,2009,Madhavrao Scindia Cricket Ground,Rajkot,,India,Sri Lanka,True,Sri Lanka,Sri Lanka,field,"[{""batting_team"":""India"",""declared"":false,""forfeited"":false,""innings_number"":1,""legal_deliveries"":300,""runs"":414,""super_over"":false,""target_overs"":null,""target_runs"":null,""wickets"":7},{""batting_team"":""Sri Lanka"",""declared"":false,""forfeited"":false,""innings_number"":2,""legal_deliveries"":300,""runs"":411,""super_over"":false,""target_overs"":50,""target_runs"":415,""wickets"":8}]",INDIA_WIN,India,COMPLETED,Cricsheet,HISTORICAL_DATA
430887,ODI,2009-12-18,2009/10,2009,"Vidarbha Cricket Association Stadium, Jamtha",Nagpur,,India,Sri Lanka,True,Sri Lanka,India,bat,"[{""batting_team"":""India"",""declared"":false,""forfeited"":false,""innings_number"":1,""legal_deliveries"":300,""runs"":301,""super_over"":false,""target_overs"":null,""target_runs"":null,""wickets"":7},{""batting_team"":""Sri Lanka"",""declared"":false,""forfeited"":false,""innings_number"":2,""legal_deliveries"":295,""runs"":302,""super_over"":false,""target_overs"":50,""target_runs"":302,""wickets"":7}]",OPPONENT_WIN,Sri Lanka,COMPLETED,Cricsheet,HISTORICAL_DATA
430888,ODI,2009-12-21,2009/10,2009,Barabati Stadium,Cuttack,,India,Sri Lanka,True,Sri Lanka,Sri Lanka,bat,"[{""batting_team"":""Sri Lanka"",""declared"":false,""forfeited"":false,""innings_number"":1,""legal_deliveries"":266,""runs"":239,""super_over"":false,""target_overs"":null,""target_runs"":null,""wickets"":10},{""batting_team"":""India"",""declared"":false,""forfeited"":false,""innings_number"":2,""legal_deliveries"":255,""runs"":243,""super_over"":false,""target_overs"":50,""target_runs"":240,""wickets"":3}]",INDIA_WIN,India,COMPLETED,Cricsheet,HISTORICAL_DATA
430889,ODI,2009-12-24,2009/10,2009,Eden Gardens,Kolkata,,India,Sri Lanka,True,Sri Lanka,Sri Lanka,bat,"[{""batting_team"":""Sri Lanka"",""declared"":false,""forfeited"":false,""innings_number"":1,""legal_deliveries"":300,""runs"":315,""super_over"":false,""target_overs"":null,""target_runs"":null,""wickets"":6},{""batting_team"":""India"",""declared"":false,""forfeited"":false,""innings_number"":2,""legal_deliveries"":289,""runs"":317,""super_over"":false,""target_overs"":50,""target_runs"":316,""wickets"":3}]",INDIA_WIN,India,COMPLETED,Cricsheet,HISTORICAL_DATA
430890,ODI,2009-12-27,2009/10,2009,Feroz Shah Kotla,Delhi,,India,Sri Lanka,True,Sri Lanka,India,field,"[{""batting_team"":""Sri Lanka"",""declared"":false,""forfeited"":false,""innings_number"":1,""legal_deliveries"":141,""runs"":83,""super_over"":false,""target_overs"":null,""target_runs"":null,""wickets"":5}]",,,NO_RESULT,Cricsheet,HISTORICAL_DATA
434259,ODI,2010-01-05,2009/10,2010,Shere Bangla National Stadium,Mirpur,,India,Sri Lanka,True,Sri Lanka,Sri Lanka,field,"[{""batting_team"":""India"",""declared"":false,""forfeited"":false,""innings_number"":1,""legal_deliveries"":300,""runs"":279,""super_over"":false,""target_overs"":null,""target_runs"":null,""wickets"":9},{""batting_team"":""Sri Lanka"",""declared"":false,""forfeited"":false,""innings_number"":2,""legal_deliveries"":288,""runs"":283,""super_over"":false,""target_overs"":50,""target_runs"":280,""wickets"":5}]",OPPONENT_WIN,Sri Lanka,COMPLETED,Cricsheet,HISTORICAL_DATA
434260,ODI,2010-01-07,2009/10,2010,Shere Bangla National Stadium,Mirpur,,Bangladesh,India,True,Bangladesh,Bangladesh,bat,"[{""batting_team"":""Bangladesh"",""declared"":false,""forfeited"":false,""innings_number"":1,""legal_deliveries"":300,""runs"":296,""super_over"":false,""target_overs"":null,""target_runs"":null,""wickets"":6},{""batting_team"":""India"",""declared"":false,""forfeited"":false,""innings_number"":2,""legal_deliveries"":285,""runs"":297,""super_over"":false,""target_overs"":50,""target_runs"":297,""wickets"":4}]",INDIA_WIN,India,COMPLETED,Cricsheet,HISTORICAL_DATA
434262,ODI,2010-01-10,2009/10,2010,Shere Bangla National Stadium,Mirpur,,India,Sri Lanka,True,Sri Lanka,Sri Lanka,bat,"[{""batting_team"":""Sri Lanka"",""declared"":false,""forfeited"":false,""innings_number"":1,""legal_deliveries"":277,""runs"":213,""super_over"":false,""target_overs"":null,""target_runs"":null,""wickets"":10},{""batting_team"":""India"",""declared"":false,""forfeited"":false,""innings_number"":2,""legal_deliveries"":196,""runs"":214,""super_over"":false,""target_overs"":50,""target_runs"":214,""wickets"":2}]",INDIA_WIN,India,COMPLETED,Cricsheet,HISTORICAL_DATA
434263,ODI,2010-01-11,2009/10,2010,Shere Bangla National Stadium,Mirpur,,Bangladesh,India,True,Bangladesh,India,field,"[{""batting_team"":""Bangladesh"",""declared"":false,""forfeited"":false,""innings_number"":1,""legal_deliveries"":300,""runs"":247,""super_over"":false,""target_overs"":null,""target_runs"":null,""wickets"":6},{""batting_team"":""India"",""declared"":false,""forfeited"":false,""innings_number"":2,""legal_deliveries"":258,""runs"":249,""super_over"":false,""target_overs"":50,""target_runs"":248,""wickets"":4}]",INDIA_WIN,India,COMPLETED,Cricsheet,HISTORICAL_DATA
434264,ODI,2010-01-13,2009/10,2010,Shere Bangla National Stadium,Mirpur,,India,Sri Lanka,True,Sri Lanka,Sri Lanka,field,"[{""batting_team"":""India"",""declared"":false,""forfeited"":false,""innings_number"":1,""legal_deliveries"":290,""runs"":245,""super_over"":false,""target_overs"":null,""target_runs"":null,""wickets"":10},{""batting_team"":""Sri Lanka"",""declared"":false,""forfeited"":false,""innings_number"":2,""legal_deliveries"":291,""runs"":249,""super_over"":false,""target_overs"":50,""target_runs"":246,""wickets"":6}]",OPPONENT_WIN,Sri Lanka,COMPLETED,Cricsheet,HISTORICAL_DATA
434256,TEST,2010-01-17,2009/10,2010,Zahur Ahmed Chowdhury Stadium,Chittagong,,Bangladesh,India,True,Bangladesh,Bangladesh,field,"[{""batting_team"":""India"",""declared"":false,""forfeited"":false,""innings_number"":1,""legal_deliveries"":425,""runs"":243,""super_over"":false,""target_overs"":null,""target_runs"":null,""wickets"":10},{""batting_team"":""Bangladesh"",""declared"":false,""forfeited"":false,""innings_number"":2,""legal_deliveries"":392,""runs"":242,""super_over"":false,""target_overs"":null,""target_runs"":null,""wickets"":10},{""batting_team"":""India"",""declared"":true,""forfeited"":false,""innings_number"":3,""legal_deliveries"":522,""runs"":413,""super_over"":false,""target_overs"":null,""target_runs"":null,""wickets"":8},{""batting_team"":""Bangladesh"",""declared"":false,""forfeited"":false,""innings_number"":4,""legal_deliveries"":452,""runs"":301,""super_over"":false,""target_overs"":null,""target_runs"":null,""wickets"":10}]",INDIA_WIN,India,COMPLETED,Cricsheet,HISTORICAL_DATA
434257,TEST,2010-01-24,2009/10,2010,Shere Bangla National Stadium,Mirpur,,Bangladesh,India,True,Bangladesh,Bangladesh,bat,"[{""batting_team"":""Bangladesh"",""declared"":false,""forfeited"":false,""innings_number"":1,""legal_deliveries"":443,""runs"":233,""super_over"":false,""target_overs"":null,""target_runs"":null,""wickets"":10},{""batting_team"":""India"",""declared"":true,""forfeited"":false,""innings_number"":2,""legal_deliveries"":798,""runs"":544,""super_over"":false,""target_overs"":null,""target_runs"":null,""wickets"":8},{""batting_team"":""Bangladesh"",""declared"":false,""forfeited"":false,""innings_number"":3,""legal_deliveries"":543,""runs"":312,""super_over"":false,""target_overs"":null,""target_runs"":null,""wickets"":10},{""batting_team"":""India"",""declared"":false,""forfeited"":false,""innings_number"":4,""legal_deliveries"":2,""runs"":2,""super_over"":false,""target_overs"":null,""target_runs"":null,""wickets"":0}]",INDIA_WIN,India,COMPLETED,Cricsheet,HISTORICAL_DATA
441825,TEST,2010-02-06,2009/10,2010,"Vidarbha Cricket Association Stadium, Jamtha",Nagpur,,India,South Africa,True,South Africa,South Africa,bat,"[{""batting_team"":""South Africa"",""declared"":true,""forfeited"":false,""innings_number"":1,""legal_deliveries"":1056,""runs"":558,""super_over"":false,""target_overs"":null,""target_runs"":null,""wickets"":6},{""batting_team"":""India"",""declared"":false,""forfeited"":false,""innings_number"":2,""legal_deliveries"":388,""runs"":233,""super_over"":false,""target_overs"":null,""target_runs"":null,""wickets"":10},{""batting_team"":""India"",""declared"":false,""forfeited"":false,""innings_number"":3,""legal_deliveries"":643,""runs"":319,""super_over"":false,""target_overs"":null,""target_runs"":null,""wickets"":10}]",OPPONENT_WIN,South Africa,COMPLETED,Cricsheet,HISTORICAL_DATA
441826,TEST,2010-02-14,2009/10,2010,Eden Gardens,Kolkata,,India,South Africa,True,South Africa,South Africa,bat,"[{""batting_team"":""South Africa"",""declared"":false,""forfeited"":false,""innings_number"":1,""legal_deliveries"":510,""runs"":296,""super_over"":false,""target_overs"":null,""target_runs"":null,""wickets"":10},{""batting_team"":""India"",""declared"":true,""forfeited"":false,""innings_number"":2,""legal_deliveries"":918,""runs"":643,""super_over"":false,""target_overs"":null,""target_runs"":null,""wickets"":6},{""batting_team"":""South Africa"",""declared"":false,""forfeited"":false,""innings_number"":3,""legal_deliveries"":789,""runs"":290,""super_over"":false,""target_overs"":null,""target_runs"":null,""wickets"":10}]",INDIA_WIN,India,COMPLETED,Cricsheet,HISTORICAL_DATA
441827,ODI,2010-02-21,2009/10,2010,Sawai Mansingh Stadium,Jaipur,,India,South Africa,True,South Africa,South Africa,field,"[{""batting_team"":""India"",""declared"":false,""forfeited"":false,""innings_number"":1,""legal_deliveries"":300,""runs"":298,""super_over"":false,""target_overs"":null,""target_runs"":null,""wickets"":9},{""batting_team"":""South Africa"",""declared"":false,""forfeited"":false,""innings_number"":2,""legal_deliveries"":300,""runs"":297,""super_over"":false,""target_overs"":50,""target_runs"":299,""wickets"":10}]",INDIA_WIN,India,COMPLETED,Cricsheet,HISTORICAL_DATA
441828,ODI,2010-02-24,2009/10,2010,Captain Roop Singh Stadium,Gwalior,,India,South Africa,True,South Africa,India,bat,"[{""batting_team"":""India"",""declared"":false,""forfeited"":false,""innings_number"":1,""legal_deliveries"":300,""runs"":401,""super_over"":false,""target_overs"":null,""target_runs"":null,""wickets"":3},{""batting_team"":""South Africa"",""declared"":false,""forfeited"":false,""innings_number"":2,""legal_deliveries"":257,""runs"":248,""super_over"":false,""target_overs"":50,""target_runs"":402,""wickets"":10}]",INDIA_WIN,India,COMPLETED,Cricsheet,HISTORICAL_DATA
441829,ODI,2010-02-27,2009/10,2010,"Sardar Patel Stadium, Motera",Ahmedabad,,India,South Africa,True,South Africa,South Africa,bat,"[{""batting_team"":""South Africa"",""declared"":false,""forfeited"":false,""innings_number"":1,""legal_deliveries"":300,""runs"":365,""super_over"":false,""target_overs"":null,""target_runs"":null,""wickets"":2},{""batting_team"":""India"",""declared"":false,""forfeited"":false,""innings_number"":2,""legal_deliveries"":267,""runs"":275,""super_over"":false,""target_overs"":50,""target_runs"":366,""wickets"":10}]",OPPONENT_WIN,South Africa,COMPLETED,Cricsheet,HISTORICAL_DATA
412682,T20I,2010-05-02,2010,2010,"Beausejour Stadium, Gros Islet",St Lucia,,India,South Africa,True,South Africa,South Africa,field,"[{""batting_team"":""India"",""declared"":false,""forfeited"":false,""innings_number"":1,""legal_deliveries"":120,""runs"":186,""super_over"":false,""target_overs"":null,""target_runs"":null,""wickets"":5},{""batting_team"":""South Africa"",""declared"":false,""forfeited"":false,""innings_number"":2,""legal_deliveries"":120,""runs"":172,""super_over"":false,""target_overs"":20,""target_runs"":187,""wickets"":5}]",INDIA_WIN,India,COMPLETED,Cricsheet,HISTORICAL_DATA
412691,T20I,2010-05-07,2010,2010,"Kensington Oval, Bridgetown",Barbados,,Australia,India,True,Australia,India,field,"[{""batting_team"":""Australia"",""declared"":false,""forfeited"":false,""innings_number"":1,""legal_deliveries"":120,""runs"":184,""super_over"":false,""target_overs"":null,""target_runs"":null,""wickets"":5},{""batting_team"":""India"",""declared"":false,""forfeited"":false,""innings_number"":2,""legal_deliveries"":106,""runs"":135,""super_over"":false,""target_overs"":20,""target_runs"":185,""wickets"":10}]",OPPONENT_WIN,Australia,COMPLETED,Cricsheet,HISTORICAL_DATA
412695,T20I,2010-05-09,2010,2010,"Kensington Oval, Bridgetown",Barbados,,West Indies,India,True,West Indies,India,field,"[{""batting_team"":""West Indies"",""declared"":false,""forfeited"":false,""innings_number"":1,""legal_deliveries"":120,""runs"":169,""super_over"":false,""target_overs"":null,""target_runs"":null,""wickets"":6},{""batting_team"":""India"",""declared"":false,""forfeited"":false,""innings_number"":2,""legal_deliveries"":120,""runs"":155,""super_over"":false,""target_overs"":20,""target_runs"":170,""wickets"":9}]",OPPONENT_WIN,West Indies,COMPLETED,Cricsheet,HISTORICAL_DATA
412699,T20I,2010-05-11,2010,2010,"Beausejour Stadium, Gros Islet",St Lucia,,India,Sri Lanka,True,Sri Lanka,India,bat,"[{""batting_team"":""India"",""declared"":false,""forfeited"":false,""innings_number"":1,""legal_deliveries"":120,""runs"":163,""super_over"":false,""target_overs"":null,""target_runs"":null,""wickets"":5},{""batting_team"":""Sri Lanka"",""declared"":false,""forfeited"":false,""innings_number"":2,""legal_deliveries"":120,""runs"":167,""super_over"":false,""target_overs"":20,""target_runs"":164,""wickets"":5}]",OPPONENT_WIN,Sri Lanka,COMPLETED,Cricsheet,HISTORICAL_DATA
452146,ODI,2010-05-28,2010,2010,Queens Sports Club,Bulawayo,,Zimbabwe,India,True,Zimbabwe,India,bat,"[{""batting_team"":""India"",""declared"":false,""forfeited"":false,""innings_number"":1,""legal_deliveries"":300,""runs"":285,""super_over"":false,""target_overs"":null,""target_runs"":null,""wickets"":5},{""batting_team"":""Zimbabwe"",""declared"":false,""forfeited"":false,""innings_number"":2,""legal_deliveries"":290,""runs"":289,""super_over"":false,""target_overs"":50,""target_runs"":286,""wickets"":4}]",OPPONENT_WIN,Zimbabwe,COMPLETED,Cricsheet,HISTORICAL_DATA
452147,ODI,2010-05-30,2010,2010,Queens Sports Club,Bulawayo,,India,Sri Lanka,True,Sri Lanka,India,field,"[{""batting_team"":""Sri Lanka"",""declared"":false,""forfeited"":false,""innings_number"":1,""legal_deliveries"":299,""runs"":242,""super_over"":false,""target_overs"":null,""target_runs"":null,""wickets"":10},{""batting_team"":""India"",""declared"":false,""forfeited"":false,""innings_number"":2,""legal_deliveries"":261,""runs"":243,""super_over"":false,""target_overs"":50,""target_runs"":243,""wickets"":3}]",INDIA_WIN,India,COMPLETED,Cricsheet,HISTORICAL_DATA
452149,ODI,2010-06-03,2010,2010,Harare Sports Club,,,Zimbabwe,India,True,Zimbabwe,Zimbabwe,field,"[{""batting_team"":""India"",""declared"":false,""forfeited"":false,""innings_number"":1,""legal_deliveries"":300,""runs"":194,""super_over"":false,""target_overs"":null,""target_runs"":null,""wickets"":9},{""batting_team"":""Zimbabwe"",""declared"":false,""forfeited"":false,""innings_number"":2,""legal_deliveries"":230,""runs"":197,""super_over"":false,""target_overs"":50,""target_runs"":195,""wickets"":3}]",OPPONENT_WIN,Zimbabwe,COMPLETED,Cricsheet,HISTORICAL_DATA
452150,ODI,2010-06-05,2010,2010,Harare Sports Club,,,India,Sri Lanka,True,Sri Lanka,Sri Lanka,field,"[{""batting_team"":""India"",""declared"":false,""forfeited"":false,""innings_number"":1,""legal_deliveries"":300,""runs"":268,""super_over"":false,""target_overs"":null,""target_runs"":null,""wickets"":9},{""batting_team"":""Sri Lanka"",""declared"":false,""forfeited"":false,""innings_number"":2,""legal_deliveries"":290,""runs"":270,""super_over"":false,""target_overs"":50,""target_runs"":269,""wickets"":4}]",OPPONENT_WIN,Sri Lanka,COMPLETED,Cricsheet,HISTORICAL_DATA
452153,T20I,2010-06-12,2010,2010,Harare Sports Club,,,Zimbabwe,India,True,Zimbabwe,India,field,"[{""batting_team"":""Zimbabwe"",""declared"":false,""forfeited"":false,""innings_number"":1,""legal_deliveries"":120,""runs"":111,""super_over"":false,""target_overs"":null,""target_runs"":null,""wickets"":9},{""batting_team"":""India"",""declared"":false,""forfeited"":false,""innings_number"":2,""legal_deliveries"":90,""runs"":112,""super_over"":false,""target_overs"":20,""target_runs"":112,""wickets"":4}]",INDIA_WIN,India,COMPLETED,Cricsheet,HISTORICAL_DATA
452154,T20I,2010-06-13,2010,2010,Harare Sports Club,,,Zimbabwe,India,True,Zimbabwe,India,field,"[{""batting_team"":""Zimbabwe"",""declared"":false,""forfeited"":false,""innings_number"":1,""legal_deliveries"":120,""runs"":140,""super_over"":false,""target_overs"":null,""target_runs"":null,""wickets"":5},{""batting_team"":""India"",""declared"":false,""forfeited"":false,""innings_number"":2,""legal_deliveries"":108,""runs"":144,""super_over"":false,""target_overs"":20,""target_runs"":141,""wickets"":3}]",INDIA_WIN,India,COMPLETED,Cricsheet,HISTORICAL_DATA
455232,ODI,2010-06-16,2010,2010,Rangiri Dambulla International Stadium,,,Bangladesh,India,True,Bangladesh,Bangladesh,bat,"[{""batting_team"":""Bangladesh"",""declared"":false,""forfeited"":false,""innings_number"":1,""legal_deliveries"":209,""runs"":167,""super_over"":false,""target_overs"":null,""target_runs"":null,""wickets"":10},{""batting_team"":""India"",""declared"":false,""forfeited"":false,""innings_number"":2,""legal_deliveries"":184,""runs"":168,""super_over"":false,""target_overs"":50,""target_runs"":168,""wickets"":4}]",INDIA_WIN,India,COMPLETED,Cricsheet,HISTORICAL_DATA
455234,ODI,2010-06-19,2010,2010,Rangiri Dambulla International Stadium,,,India,Pakistan,True,Pakistan,Pakistan,bat,"[{""batting_team"":""Pakistan"",""declared"":false,""forfeited"":false,""innings_number"":1,""legal_deliveries"":297,""runs"":267,""super_over"":false,""target_overs"":null,""target_runs"":null,""wickets"":10},{""batting_team"":""India"",""declared"":false,""forfeited"":false,""innings_number"":2,""legal_deliveries"":299,""runs"":271,""super_over"":false,""target_overs"":50,""target_runs"":268,""wickets"":7}]",INDIA_WIN,India,COMPLETED,Cricsheet,HISTORICAL_DATA
455236,ODI,2010-06-22,2010,2010,Rangiri Dambulla International Stadium,,,Sri Lanka,India,True,Sri Lanka,Sri Lanka,field,"[{""batting_team"":""India"",""declared"":false,""forfeited"":false,""innings_number"":1,""legal_deliveries"":255,""runs"":209,""super_over"":false,""target_overs"":null,""target_runs"":null,""wickets"":10},{""batting_team"":""Sri Lanka"",""declared"":false,""forfeited"":false,""innings_number"":2,""legal_deliveries"":225,""runs"":211,""super_over"":false,""target_overs"":50,""target_runs"":210,""wickets"":3}]",OPPONENT_WIN,Sri Lanka,COMPLETED,Cricsheet,HISTORICAL_DATA
455237,ODI,2010-06-24,2010,2010,Rangiri Dambulla International Stadium,,,Sri Lanka,India,True,Sri Lanka,India,bat,"[{""batting_team"":""India"",""declared"":false,""forfeited"":false,""innings_number"":1,""legal_deliveries"":300,""runs"":268,""super_over"":false,""target_overs"":null,""target_runs"":null,""wickets"":6},{""batting_team"":""Sri Lanka"",""declared"":false,""forfeited"":false,""innings_number"":2,""legal_deliveries"":268,""runs"":187,""super_over"":false,""target_overs"":50,""target_runs"":269,""wickets"":10}]",INDIA_WIN,India,COMPLETED,Cricsheet,HISTORICAL_DATA
456669,TEST,2010-07-18,2010,2010,Galle International Stadium,,,Sri Lanka,India,True,Sri Lanka,Sri Lanka,bat,"[{""batting_team"":""Sri Lanka"",""declared"":true,""forfeited"":false,""innings_number"":1,""legal_deliveries"":744,""runs"":520,""super_over"":false,""target_overs"":null,""target_runs"":null,""wickets"":8},{""batting_team"":""India"",""declared"":false,""forfeited"":false,""innings_number"":2,""legal_deliveries"":390,""runs"":276,""super_over"":false,""target_overs"":null,""target_runs"":null,""wickets"":10},{""batting_team"":""India"",""declared"":false,""forfeited"":false,""innings_number"":3,""legal_deliveries"":694,""runs"":338,""super_over"":false,""target_overs"":null,""target_runs"":null,""wickets"":10},{""batting_team"":""Sri Lanka"",""declared"":false,""forfeited"":false,""innings_number"":4,""legal_deliveries"":85,""runs"":96,""super_over"":false,""target_overs"":null,""target_runs"":null,""wickets"":0}]",OPPONENT_WIN,Sri Lanka,COMPLETED,Cricsheet,HISTORICAL_DATA
456670,TEST,2010-07-26,2010,2010,Sinhalese Sports Club Ground,Colombo,,Sri Lanka,India,True,Sri Lanka,Sri Lanka,bat,"[{""batting_team"":""Sri Lanka"",""declared"":true,""forfeited"":false,""innings_number"":1,""legal_deliveries"":958,""runs"":642,""super_over"":false,""target_overs"":null,""target_runs"":null,""wickets"":4},{""batting_team"":""India"",""declared"":false,""forfeited"":false,""innings_number"":2,""legal_deliveries"":1352,""runs"":707,""super_over"":false,""target_overs"":null,""target_runs"":null,""wickets"":10},{""batting_team"":""Sri Lanka"",""declared"":true,""forfeited"":false,""innings_number"":3,""legal_deliveries"":270,""runs"":129,""super_over"":false,""target_overs"":null,""target_runs"":null,""wickets"":3}]",DRAW,,DRAWN,Cricsheet,HISTORICAL_DATA
456671,TEST,2010-08-03,2010,2010,P Sara Oval,Colombo,,Sri Lanka,India,True,Sri Lanka,Sri Lanka,bat,"[{""batting_team"":""Sri Lanka"",""declared"":false,""forfeited"":false,""innings_number"":1,""legal_deliveries"":828,""runs"":425,""super_over"":false,""target_overs"":null,""target_runs"":null,""wickets"":10},{""batting_team"":""India"",""declared"":false,""forfeited"":false,""innings_number"":2,""legal_deliveries"":637,""runs"":436,""super_over"":false,""target_overs"":null,""target_runs"":null,""wickets"":10},{""batting_team"":""Sri Lanka"",""declared"":false,""forfeited"":false,""innings_number"":3,""legal_deliveries"":512,""runs"":267,""super_over"":false,""target_overs"":null,""target_runs"":null,""wickets"":10},{""batting_team"":""India"",""declared"":false,""forfeited"":false,""innings_number"":4,""legal_deliveries"":411,""runs"":258,""super_over"":false,""target_overs"":null,""target_runs"":null,""wickets"":5}]",INDIA_WIN,India,COMPLETED,Cricsheet,HISTORICAL_DATA
456662,ODI,2010-08-10,2010,2010,Rangiri Dambulla International Stadium,,,India,New Zealand,True,New Zealand,New Zealand,bat,"[{""batting_team"":""New Zealand"",""declared"":false,""forfeited"":false,""innings_number"":1,""legal_deliveries"":293,""runs"":288,""super_over"":false,""target_overs"":null,""target_runs"":null,""wickets"":10},{""batting_team"":""India"",""declared"":false,""forfeited"":false,""innings_number"":2,""legal_deliveries"":177,""runs"":88,""super_over"":false,""target_overs"":50,""target_runs"":289,""wickets"":10}]",OPPONENT_WIN,New Zealand,COMPLETED,Cricsheet,HISTORICAL_DATA
456663,ODI,2010-08-16,2010,2010,Rangiri Dambulla International Stadium,,,Sri Lanka,India,True,Sri Lanka,Sri Lanka,bat,"[{""batting_team"":""Sri Lanka"",""declared"":false,""forfeited"":false,""innings_number"":1,""legal_deliveries"":277,""runs"":170,""super_over"":false,""target_overs"":null,""target_runs"":null,""wickets"":10},{""batting_team"":""India"",""declared"":false,""forfeited"":false,""innings_number"":2,""legal_deliveries"":207,""runs"":171,""super_over"":false,""target_overs"":50,""target_runs"":171,""wickets"":4}]",INDIA_WIN,India,COMPLETED,Cricsheet,HISTORICAL_DATA
456666,ODI,2010-08-22,2010,2010,Rangiri Dambulla International Stadium,,,Sri Lanka,India,True,Sri Lanka,India,bat,"[{""batting_team"":""India"",""declared"":false,""forfeited"":false,""innings_number"":1,""legal_deliveries"":202,""runs"":103,""super_over"":false,""target_overs"":null,""target_runs"":null,""wickets"":10},{""batting_team"":""Sri Lanka"",""declared"":false,""forfeited"":false,""innings_number"":2,""legal_deliveries"":91,""runs"":104,""super_over"":false,""target_overs"":50,""target_runs"":104,""wickets"":2}]",OPPONENT_WIN,Sri Lanka,COMPLETED,Cricsheet,HISTORICAL_DATA
456665,ODI,2010-08-25,2010,2010,Rangiri Dambulla International Stadium,,,India,New Zealand,True,New Zealand,India,bat,"[{""batting_team"":""India"",""declared"":false,""forfeited"":false,""innings_number"":1,""legal_deliveries"":279,""runs"":223,""super_over"":false,""target_overs"":null,""target_runs"":null,""wickets"":10},{""batting_team"":""New Zealand"",""declared"":false,""forfeited"":false,""innings_number"":2,""legal_deliveries"":181,""runs"":118,""super_over"":false,""target_overs"":50,""target_runs"":224,""wickets"":10}]",INDIA_WIN,India,COMPLETED,Cricsheet,HISTORICAL_DATA
456668,ODI,2010-08-28,2010,2010,Rangiri Dambulla International Stadium,,,Sri Lanka,India,True,Sri Lanka,Sri Lanka,bat,"[{""batting_team"":""Sri Lanka"",""declared"":false,""forfeited"":false,""innings_number"":1,""legal_deliveries"":300,""runs"":299,""super_over"":false,""target_overs"":null,""target_runs"":null,""wickets"":8},{""batting_team"":""India"",""declared"":false,""forfeited"":false,""innings_number"":2,""legal_deliveries"":281,""runs"":225,""super_over"":false,""target_overs"":50,""target_runs"":300,""wickets"":10}]",OPPONENT_WIN,Sri Lanka,COMPLETED,Cricsheet,HISTORICAL_DATA
464526,TEST,2010-10-01,2010/11,2010,"Punjab Cricket Association Stadium, Mohali",Chandigarh,,India,Australia,True,Australia,Australia,bat,"[{""batting_team"":""Australia"",""declared"":false,""forfeited"":false,""innings_number"":1,""legal_deliveries"":910,""runs"":428,""super_over"":false,""target_overs"":null,""target_runs"":null,""wickets"":10},{""batting_team"":""India"",""declared"":false,""forfeited"":false,""innings_number"":2,""legal_deliveries"":649,""runs"":405,""super_over"":false,""target_overs"":null,""target_runs"":null,""wickets"":10},{""batting_team"":""Australia"",""declared"":false,""forfeited"":false,""innings_number"":3,""legal_deliveries"":365,""runs"":192,""super_over"":false,""target_overs"":null,""target_runs"":null,""wickets"":10},{""batting_team"":""India"",""declared"":false,""forfeited"":false,""innings_number"":4,""legal_deliveries"":352,""runs"":216,""super_over"":false,""target_overs"":null,""target_runs"":null,""wickets"":9}]",INDIA_WIN,India,COMPLETED,Cricsheet,HISTORICAL_DATA
464527,TEST,2010-10-09,2010/11,2010,M Chinnaswamy Stadium,Bangalore,,India,Australia,True,Australia,Australia,bat,"[{""batting_team"":""Australia"",""declared"":false,""forfeited"":false,""innings_number"":1,""legal_deliveries"":846,""runs"":478,""super_over"":false,""target_overs"":null,""target_runs"":null,""wickets"":10},{""batting_team"":""India"",""declared"":false,""forfeited"":false,""innings_number"":2,""legal_deliveries"":869,""runs"":495,""super_over"":false,""target_overs"":null,""target_runs"":null,""wickets"":10},{""batting_team"":""Australia"",""declared"":false,""forfeited"":false,""innings_number"":3,""legal_deliveries"":451,""runs"":223,""super_over"":false,""target_overs"":null,""target_runs"":null,""wickets"":10},{""batting_team"":""India"",""declared"":false,""forfeited"":false,""innings_number"":4,""legal_deliveries"":270,""runs"":207,""super_over"":false,""target_overs"":null,""target_runs"":null,""wickets"":3}]",INDIA_WIN,India,COMPLETED,Cricsheet,HISTORICAL_DATA
464529,ODI,2010-10-20,2010/11,2010,Dr. Y.S. Rajasekhara Reddy ACA-VDCA Cricket Stadium,Visakhapatnam,,India,Australia,True,Australia,India,field,"[{""batting_team"":""Australia"",""declared"":false,""forfeited"":false,""innings_number"":1,""legal_deliveries"":300,""runs"":289,""super_over"":false,""target_overs"":null,""target_runs"":null,""wickets"":3},{""batting_team"":""India"",""declared"":false,""forfeited"":false,""innings_number"":2,""legal_deliveries"":293,""runs"":292,""super_over"":false,""target_overs"":50,""target_runs"":290,""wickets"":5}]",INDIA_WIN,India,COMPLETED,Cricsheet,HISTORICAL_DATA
464531,TEST,2010-11-04,2010/11,2010,"Sardar Patel Stadium, Motera",Ahmedabad,,India,New Zealand,True,New Zealand,India,bat,"[{""batting_team"":""India"",""declared"":false,""forfeited"":false,""innings_number"":1,""legal_deliveries"":911,""runs"":487,""super_over"":false,""target_overs"":null,""target_runs"":null,""wickets"":10},{""batting_team"":""New Zealand"",""declared"":false,""forfeited"":false,""innings_number"":2,""legal_deliveries"":994,""runs"":459,""super_over"":false,""target_overs"":null,""target_runs"":null,""wickets"":10},{""batting_team"":""India"",""declared"":false,""forfeited"":false,""innings_number"":3,""legal_deliveries"":615,""runs"":266,""super_over"":false,""target_overs"":null,""target_runs"":null,""wickets"":10},{""batting_team"":""New Zealand"",""declared"":false,""forfeited"":false,""innings_number"":4,""legal_deliveries"":60,""runs"":22,""super_over"":false,""target_overs"":null,""target_runs"":null,""wickets"":1}]",DRAW,,DRAWN,Cricsheet,HISTORICAL_DATA
464532,TEST,2010-11-12,2010/11,2010,"Rajiv Gandhi International Stadium, Uppal",Hyderabad,,India,New Zealand,True,New Zealand,New Zealand,bat,"[{""batting_team"":""New Zealand"",""declared"":false,""forfeited"":false,""innings_number"":1,""legal_deliveries"":705,""runs"":350,""super_over"":false,""target_overs"":null,""target_runs"":null,""wickets"":10},{""batting_team"":""India"",""declared"":false,""forfeited"":false,""innings_number"":2,""legal_deliveries"":862,""runs"":472,""super_over"":false,""target_overs"":null,""target_runs"":null,""wickets"":10},{""batting_team"":""New Zealand"",""declared"":true,""forfeited"":false,""innings_number"":3,""legal_deliveries"":810,""runs"":448,""super_over"":false,""target_overs"":null,""target_runs"":null,""wickets"":8},{""batting_team"":""India"",""declared"":false,""forfeited"":false,""innings_number"":4,""legal_deliveries"":102,""runs"":68,""super_over"":false,""target_overs"":null,""target_runs"":null,""wickets"":0}]",DRAW,,DRAWN,Cricsheet,HISTORICAL_DATA
464533,TEST,2010-11-20,2010/11,2010,"Vidarbha Cricket Association Stadium, Jamtha",Nagpur,,India,New Zealand,True,New Zealand,New Zealand,bat,"[{""batting_team"":""New Zealand"",""declared"":false,""forfeited"":false,""innings_number"":1,""legal_deliveries"":399,""runs"":193,""super_over"":false,""target_overs"":null,""target_runs"":null,""wickets"":10},{""batting_team"":""India"",""declared"":true,""forfeited"":false,""innings_number"":2,""legal_deliveries"":990,""runs"":566,""super_over"":false,""target_overs"":null,""target_runs"":null,""wickets"":8},{""batting_team"":""New Zealand"",""declared"":false,""forfeited"":false,""innings_number"":3,""legal_deliveries"":308,""runs"":175,""super_over"":false,""target_overs"":null,""target_runs"":null,""wickets"":10}]",INDIA_WIN,India,COMPLETED,Cricsheet,HISTORICAL_DATA
467883,ODI,2010-11-28,2010/11,2010,Nehru Stadium,Guwahati,,India,New Zealand,True,New Zealand,New Zealand,field,"[{""batting_team"":""India"",""declared"":false,""forfeited"":false,""innings_number"":1,""legal_deliveries"":294,""runs"":276,""super_over"":false,""target_overs"":null,""target_runs"":null,""wickets"":10},{""batting_team"":""New Zealand"",""declared"":false,""forfeited"":false,""innings_number"":2,""legal_deliveries"":272,""runs"":236,""super_over"":false,""target_overs"":50,""target_runs"":277,""wickets"":10}]",INDIA_WIN,India,COMPLETED,Cricsheet,HISTORICAL_DATA
467884,ODI,2010-12-01,2010/11,2010,Sawai Mansingh Stadium,Jaipur,,India,New Zealand,True,New Zealand,India,field,"[{""batting_team"":""New Zealand"",""declared"":false,""forfeited"":false,""innings_number"":1,""legal_deliveries"":300,""runs"":258,""super_over"":false,""target_overs"":null,""target_runs"":null,""wickets"":8},{""batting_team"":""India"",""declared"":false,""forfeited"":false,""innings_number"":2,""legal_deliveries"":258,""runs"":259,""super_over"":false,""target_overs"":50,""target_runs"":259,""wickets"":2}]",INDIA_WIN,India,COMPLETED,Cricsheet,HISTORICAL_DATA
467885,ODI,2010-12-04,2010/11,2010,Reliance Stadium,Vadodara,,India,New Zealand,True,New Zealand,India,field,"[{""batting_team"":""New Zealand"",""declared"":false,""forfeited"":false,""innings_number"":1,""legal_deliveries"":300,""runs"":224,""super_over"":false,""target_overs"":null,""target_runs"":null,""wickets"":9},{""batting_team"":""India"",""declared"":false,""forfeited"":false,""innings_number"":2,""legal_deliveries"":237,""runs"":229,""super_over"":false,""target_overs"":50,""target_runs"":225,""wickets"":1}]",INDIA_WIN,India,COMPLETED,Cricsheet,HISTORICAL_DATA
467886,ODI,2010-12-07,2010/11,2010,M Chinnaswamy Stadium,Bangalore,,India,New Zealand,True,New Zealand,India,field,"[{""batting_team"":""New Zealand"",""declared"":false,""forfeited"":false,""innings_number"":1,""legal_deliveries"":300,""runs"":315,""super_over"":false,""target_overs"":null,""target_runs"":null,""wickets"":7},{""batting_team"":""India"",""declared"":false,""forfeited"":false,""innings_number"":2,""legal_deliveries"":293,""runs"":321,""super_over"":false,""target_overs"":50,""target_runs"":316,""wickets"":5}]",INDIA_WIN,India,COMPLETED,Cricsheet,HISTORICAL_DATA
467887,ODI,2010-12-10,2010/11,2010,"MA Chidambaram Stadium, Chepauk",Chennai,,India,New Zealand,True,New Zealand,New Zealand,bat,"[{""batting_team"":""New Zealand"",""declared"":false,""forfeited"":false,""innings_number"":1,""legal_deliveries"":162,""runs"":103,""super_over"":false,""target_overs"":null,""target_runs"":null,""wickets"":10},{""batting_team"":""India"",""declared"":false,""forfeited"":false,""innings_number"":2,""legal_deliveries"":127,""runs"":107,""super_over"":false,""target_overs"":50,""target_runs"":104,""wickets"":2}]",INDIA_WIN,India,COMPLETED,Cricsheet,HISTORICAL_DATA
463146,TEST,2010-12-16,2010/11,2010,SuperSport Park,Centurion,,South Africa,India,True,South Africa,South Africa,field,"[{""batting_team"":""India"",""declared"":false,""forfeited"":false,""innings_number"":1,""legal_deliveries"":232,""runs"":136,""super_over"":false,""target_overs"":null,""target_runs"":null,""wickets"":10},{""batting_team"":""South Africa"",""declared"":true,""forfeited"":false,""innings_number"":2,""legal_deliveries"":781,""runs"":620,""super_over"":false,""target_overs"":null,""target_runs"":null,""wickets"":4},{""batting_team"":""India"",""declared"":false,""forfeited"":false,""innings_number"":3,""legal_deliveries"":769,""runs"":459,""super_over"":false,""target_overs"":null,""target_runs"":null,""wickets"":10}]",OPPONENT_WIN,South Africa,COMPLETED,Cricsheet,HISTORICAL_DATA
463147,TEST,2010-12-26,2010/11,2010,Kingsmead,Durban,,South Africa,India,True,South Africa,South Africa,field,"[{""batting_team"":""India"",""declared"":false,""forfeited"":false,""innings_number"":1,""legal_deliveries"":391,""runs"":205,""super_over"":false,""target_overs"":null,""target_runs"":null,""wickets"":10},{""batting_team"":""South Africa"",""declared"":false,""forfeited"":false,""innings_number"":2,""legal_deliveries"":224,""runs"":131,""super_over"":false,""target_overs"":null,""target_runs"":null,""wickets"":10},{""batting_team"":""India"",""declared"":false,""forfeited"":false,""innings_number"":3,""legal_deliveries"":425,""runs"":228,""super_over"":false,""target_overs"":null,""target_runs"":null,""wickets"":10},{""batting_team"":""South Africa"",""declared"":false,""forfeited"":false,""innings_number"":4,""legal_deliveries"":434,""runs"":215,""super_over"":false,""target_overs"":null,""target_runs"":null,""wickets"":10}]",INDIA_WIN,India,COMPLETED,Cricsheet,HISTORICAL_DATA
463148,TEST,2011-01-02,2010/11,2011,Newlands,Cape Town,,South Africa,India,True,South Africa,India,field,"[{""batting_team"":""South Africa"",""declared"":false,""forfeited"":false,""innings_number"":1,""legal_deliveries"":677,""runs"":362,""super_over"":false,""target_overs"":null,""target_runs"":null,""wickets"":10},{""batting_team"":""India"",""declared"":false,""forfeited"":false,""innings_number"":2,""legal_deliveries"":703,""runs"":364,""super_over"":false,""target_overs"":null,""target_runs"":null,""wickets"":10},{""batting_team"":""South Africa"",""declared"":false,""forfeited"":false,""innings_number"":3,""legal_deliveries"":612,""runs"":341,""super_over"":false,""target_overs"":null,""target_runs"":null,""wickets"":10},{""batting_team"":""India"",""declared"":false,""forfeited"":false,""innings_number"":4,""legal_deliveries"":492,""runs"":166,""super_over"":false,""target_overs"":null,""target_runs"":null,""wickets"":3}]",DRAW,,DRAWN,Cricsheet,HISTORICAL_DATA
463149,T20I,2011-01-09,2010/11,2011,Moses Mabhida Stadium,Durban,,South Africa,India,True,South Africa,India,bat,"[{""batting_team"":""India"",""declared"":false,""forfeited"":false,""innings_number"":1,""legal_deliveries"":120,""runs"":168,""super_over"":false,""target_overs"":null,""target_runs"":null,""wickets"":6},{""batting_team"":""South Africa"",""declared"":false,""forfeited"":false,""innings_number"":2,""legal_deliveries"":120,""runs"":147,""super_over"":false,""target_overs"":20,""target_runs"":169,""wickets"":9}]",INDIA_WIN,India,COMPLETED,Cricsheet,HISTORICAL_DATA
463150,ODI,2011-01-12,2010/11,2011,Kingsmead,Durban,,South Africa,India,True,South Africa,South Africa,bat,"[{""batting_team"":""South Africa"",""declared"":false,""forfeited"":false,""innings_number"":1,""legal_deliveries"":300,""runs"":289,""super_over"":false,""target_overs"":null,""target_runs"":null,""wickets"":9},{""batting_team"":""India"",""declared"":false,""forfeited"":false,""innings_number"":2,""legal_deliveries"":214,""runs"":154,""super_over"":false,""target_overs"":50,""target_runs"":290,""wickets"":10}]",OPPONENT_WIN,South Africa,COMPLETED,Cricsheet,HISTORICAL_DATA
463151,ODI,2011-01-15,2010/11,2011,New Wanderers Stadium,Johannesburg,,South Africa,India,True,South Africa,India,bat,"[{""batting_team"":""India"",""declared"":false,""forfeited"":false,""innings_number"":1,""legal_deliveries"":284,""runs"":190,""super_over"":false,""target_overs"":null,""target_runs"":null,""wickets"":10},{""batting_team"":""South Africa"",""declared"":false,""forfeited"":false,""innings_number"":2,""legal_deliveries"":258,""runs"":189,""super_over"":false,""target_overs"":50,""target_runs"":191,""wickets"":10}]",INDIA_WIN,India,COMPLETED,Cricsheet,HISTORICAL_DATA
463152,ODI,2011-01-18,2010/11,2011,Newlands,Cape Town,,South Africa,India,True,South Africa,South Africa,bat,"[{""batting_team"":""South Africa"",""declared"":false,""forfeited"":false,""innings_number"":1,""legal_deliveries"":296,""runs"":220,""super_over"":false,""target_overs"":null,""target_runs"":null,""wickets"":10},{""batting_team"":""India"",""declared"":false,""forfeited"":false,""innings_number"":2,""legal_deliveries"":290,""runs"":223,""super_over"":false,""target_overs"":50,""target_runs"":221,""wickets"":8}]",INDIA_WIN,India,COMPLETED,Cricsheet,HISTORICAL_DATA
463153,ODI,2011-01-21,2010/11,2011,St George's Park,Port Elizabeth,,South Africa,India,True,South Africa,South Africa,bat,"[{""batting_team"":""South Africa"",""declared"":false,""forfeited"":false,""innings_number"":1,""legal_deliveries"":300,""runs"":265,""super_over"":false,""target_overs"":null,""target_runs"":null,""wickets"":7},{""batting_team"":""India"",""declared"":false,""forfeited"":false,""innings_number"":2,""legal_deliveries"":197,""runs"":142,""super_over"":false,""target_overs"":32.5,""target_runs"":191,""wickets"":6}]",OPPONENT_WIN,South Africa,COMPLETED,Cricsheet,HISTORICAL_DATA
463154,ODI,2011-01-23,2010/11,2011,SuperSport Park,Centurion,,South Africa,India,True,South Africa,India,field,"[{""batting_team"":""South Africa"",""declared"":false,""forfeited"":false,""innings_number"":1,""legal_deliveries"":276,""runs"":250,""super_over"":false,""target_overs"":null,""target_runs"":null,""wickets"":9},{""batting_team"":""India"",""declared"":false,""forfeited"":false,""innings_number"":2,""legal_deliveries"":242,""runs"":234,""super_over"":false,""target_overs"":46,""target_runs"":268,""wickets"":10}]",OPPONENT_WIN,South Africa,COMPLETED,Cricsheet,HISTORICAL_DATA
433558,ODI,2011-02-19,2010/11,2011,Shere Bangla National Stadium,Mirpur,,Bangladesh,India,True,Bangladesh,Bangladesh,field,"[{""batting_team"":""India"",""declared"":false,""forfeited"":false,""innings_number"":1,""legal_deliveries"":300,""runs"":370,""super_over"":false,""target_overs"":null,""target_runs"":null,""wickets"":4},{""batting_team"":""Bangladesh"",""declared"":false,""forfeited"":false,""innings_number"":2,""legal_deliveries"":300,""runs"":283,""super_over"":false,""target_overs"":50,""target_runs"":371,""wickets"":9}]",INDIA_WIN,India,COMPLETED,Cricsheet,HISTORICAL_DATA
433568,ODI,2011-02-27,2010/11,2011,M Chinnaswamy Stadium,Bangalore,,India,England,True,England,India,bat,"[{""batting_team"":""India"",""declared"":false,""forfeited"":false,""innings_number"":1,""legal_deliveries"":299,""runs"":338,""super_over"":false,""target_overs"":null,""target_runs"":null,""wickets"":10},{""batting_team"":""England"",""declared"":false,""forfeited"":false,""innings_number"":2,""legal_deliveries"":300,""runs"":338,""super_over"":false,""target_overs"":50,""target_runs"":339,""wickets"":8}]",,,TIED,Cricsheet,HISTORICAL_DATA
433578,ODI,2011-03-06,2010/11,2011,M Chinnaswamy Stadium,Bangalore,,India,Ireland,True,Ireland,India,field,"[{""batting_team"":""Ireland"",""declared"":false,""forfeited"":false,""innings_number"":1,""legal_deliveries"":287,""runs"":207,""super_over"":false,""target_overs"":null,""target_runs"":null,""wickets"":10},{""batting_team"":""India"",""declared"":false,""forfeited"":false,""innings_number"":2,""legal_deliveries"":276,""runs"":210,""super_over"":false,""target_overs"":50,""target_runs"":208,""wickets"":5}]",INDIA_WIN,India,COMPLETED,Cricsheet,HISTORICAL_DATA
433582,ODI,2011-03-09,2010/11,2011,Feroz Shah Kotla,Delhi,,India,Netherlands,True,Netherlands,Netherlands,bat,"[{""batting_team"":""Netherlands"",""declared"":false,""forfeited"":false,""innings_number"":1,""legal_deliveries"":280,""runs"":189,""super_over"":false,""target_overs"":null,""target_runs"":null,""wickets"":10},{""batting_team"":""India"",""declared"":false,""forfeited"":false,""innings_number"":2,""legal_deliveries"":219,""runs"":191,""super_over"":false,""target_overs"":50,""target_runs"":190,""wickets"":5}]",INDIA_WIN,India,COMPLETED,Cricsheet,HISTORICAL_DATA
433586,ODI,2011-03-12,2010/11,2011,"Vidarbha Cricket Association Stadium, Jamtha",Nagpur,,India,South Africa,True,South Africa,India,bat,"[{""batting_team"":""India"",""declared"":false,""forfeited"":false,""innings_number"":1,""legal_deliveries"":292,""runs"":296,""super_over"":false,""target_overs"":null,""target_runs"":null,""wickets"":10},{""batting_team"":""South Africa"",""declared"":false,""forfeited"":false,""innings_number"":2,""legal_deliveries"":298,""runs"":300,""super_over"":false,""target_overs"":50,""target_runs"":297,""wickets"":7}]",OPPONENT_WIN,South Africa,COMPLETED,Cricsheet,HISTORICAL_DATA
433599,ODI,2011-03-20,2010/11,2011,"MA Chidambaram Stadium, Chepauk",Chennai,,India,West Indies,True,West Indies,India,bat,"[{""batting_team"":""India"",""declared"":false,""forfeited"":false,""innings_number"":1,""legal_deliveries"":295,""runs"":268,""super_over"":false,""target_overs"":null,""target_runs"":null,""wickets"":10},{""batting_team"":""West Indies"",""declared"":false,""forfeited"":false,""innings_number"":2,""legal_deliveries"":258,""runs"":188,""super_over"":false,""target_overs"":50,""target_runs"":269,""wickets"":10}]",INDIA_WIN,India,COMPLETED,Cricsheet,HISTORICAL_DATA
433601,ODI,2011-03-24,2010/11,2011,"Sardar Patel Stadium, Motera",Ahmedabad,,India,Australia,True,Australia,Australia,bat,"[{""batting_team"":""Australia"",""declared"":false,""forfeited"":false,""innings_number"":1,""legal_deliveries"":300,""runs"":260,""super_over"":false,""target_overs"":null,""target_runs"":null,""wickets"":6},{""batting_team"":""India"",""declared"":false,""forfeited"":false,""innings_number"":2,""legal_deliveries"":286,""runs"":261,""super_over"":false,""target_overs"":50,""target_runs"":261,""wickets"":5}]",INDIA_WIN,India,COMPLETED,Cricsheet,HISTORICAL_DATA
433605,ODI,2011-03-30,2010/11,2011,"Punjab Cricket Association Stadium, Mohali",Chandigarh,,India,Pakistan,True,Pakistan,India,bat,"[{""batting_team"":""India"",""declared"":false,""forfeited"":false,""innings_number"":1,""legal_deliveries"":300,""runs"":260,""super_over"":false,""target_overs"":null,""target_runs"":null,""wickets"":9},{""batting_team"":""Pakistan"",""declared"":false,""forfeited"":false,""innings_number"":2,""legal_deliveries"":299,""runs"":231,""super_over"":false,""target_overs"":50,""target_runs"":261,""wickets"":10}]",INDIA_WIN,India,COMPLETED,Cricsheet,HISTORICAL_DATA
433606,ODI,2011-04-02,2010/11,2011,Wankhede Stadium,Mumbai,,India,Sri Lanka,True,Sri Lanka,Sri Lanka,bat,"[{""batting_team"":""Sri Lanka"",""declared"":false,""forfeited"":false,""innings_number"":1,""legal_deliveries"":300,""runs"":274,""super_over"":false,""target_overs"":null,""target_runs"":null,""wickets"":6},{""batting_team"":""India"",""declared"":false,""forfeited"":false,""innings_number"":2,""legal_deliveries"":290,""runs"":277,""super_over"":false,""target_overs"":50,""target_runs"":275,""wickets"":4}]",INDIA_WIN,India,COMPLETED,Cricsheet,HISTORICAL_DATA
489220,T20I,2011-06-04,2011,2011,"Queen's Park Oval, Port of Spain",Trinidad,,West Indies,India,True,West Indies,West Indies,field,"[{""batting_team"":""India"",""declared"":false,""forfeited"":false,""innings_number"":1,""legal_deliveries"":120,""runs"":159,""super_over"":false,""target_overs"":null,""target_runs"":null,""wickets"":6},{""batting_team"":""West Indies"",""declared"":false,""forfeited"":false,""innings_number"":2,""legal_deliveries"":120,""runs"":143,""super_over"":false,""target_overs"":20,""target_runs"":160,""wickets"":5}]",INDIA_WIN,India,COMPLETED,Cricsheet,HISTORICAL_DATA
489221,ODI,2011-06-06,2011,2011,"Queen's Park Oval, Port of Spain",Trinidad,,West Indies,India,True,West Indies,West Indies,bat,"[{""batting_team"":""West Indies"",""declared"":false,""forfeited"":false,""innings_number"":1,""legal_deliveries"":300,""runs"":214,""super_over"":false,""target_overs"":null,""target_runs"":null,""wickets"":9},{""batting_team"":""India"",""declared"":false,""forfeited"":false,""innings_number"":2,""legal_deliveries"":269,""runs"":217,""super_over"":false,""target_overs"":50,""target_runs"":215,""wickets"":6}]",INDIA_WIN,India,COMPLETED,Cricsheet,HISTORICAL_DATA
489222,ODI,2011-06-08,2011,2011,"Queen's Park Oval, Port of Spain",Trinidad,,West Indies,India,True,West Indies,India,field,"[{""batting_team"":""West Indies"",""declared"":false,""forfeited"":false,""innings_number"":1,""legal_deliveries"":300,""runs"":240,""super_over"":false,""target_overs"":null,""target_runs"":null,""wickets"":9},{""batting_team"":""India"",""declared"":false,""forfeited"":false,""innings_number"":2,""legal_deliveries"":202,""runs"":183,""super_over"":false,""target_overs"":37,""target_runs"":183,""wickets"":3}]",INDIA_WIN,India,COMPLETED,Cricsheet,HISTORICAL_DATA
489223,ODI,2011-06-11,2011,2011,"Sir Vivian Richards Stadium, North Sound",Antigua,,West Indies,India,True,West Indies,India,field,"[{""batting_team"":""West Indies"",""declared"":false,""forfeited"":false,""innings_number"":1,""legal_deliveries"":300,""runs"":225,""super_over"":false,""target_overs"":null,""target_runs"":null,""wickets"":8},{""batting_team"":""India"",""declared"":false,""forfeited"":false,""innings_number"":2,""legal_deliveries"":278,""runs"":228,""super_over"":false,""target_overs"":50,""target_runs"":226,""wickets"":7}]",INDIA_WIN,India,COMPLETED,Cricsheet,HISTORICAL_DATA
489224,ODI,2011-06-13,2011,2011,"Sir Vivian Richards Stadium, North Sound",Antigua,,West Indies,India,True,West Indies,India,field,"[{""batting_team"":""West Indies"",""declared"":false,""forfeited"":false,""innings_number"":1,""legal_deliveries"":300,""runs"":249,""super_over"":false,""target_overs"":null,""target_runs"":null,""wickets"":8},{""batting_team"":""India"",""declared"":false,""forfeited"":false,""innings_number"":2,""legal_deliveries"":234,""runs"":146,""super_over"":false,""target_overs"":50,""target_runs"":250,""wickets"":10}]",OPPONENT_WIN,West Indies,COMPLETED,Cricsheet,HISTORICAL_DATA
489225,ODI,2011-06-16,2011,2011,"Sabina Park, Kingston",Jamaica,,West Indies,India,True,West Indies,West Indies,field,"[{""batting_team"":""India"",""declared"":false,""forfeited"":false,""innings_number"":1,""legal_deliveries"":285,""runs"":251,""super_over"":false,""target_overs"":null,""target_runs"":null,""wickets"":10},{""batting_team"":""West Indies"",""declared"":false,""forfeited"":false,""innings_number"":2,""legal_deliveries"":292,""runs"":255,""super_over"":false,""target_overs"":50,""target_runs"":252,""wickets"":3}]",OPPONENT_WIN,West Indies,COMPLETED,Cricsheet,HISTORICAL_DATA
489226,TEST,2011-06-20,2011,2011,"Sabina Park, Kingston",Jamaica,,West Indies,India,True,West Indies,India,bat,"[{""batting_team"":""India"",""declared"":false,""forfeited"":false,""innings_number"":1,""legal_deliveries"":368,""runs"":246,""super_over"":false,""target_overs"":null,""target_runs"":null,""wickets"":10},{""batting_team"":""West Indies"",""declared"":false,""forfeited"":false,""innings_number"":2,""legal_deliveries"":407,""runs"":173,""super_over"":false,""target_overs"":null,""target_runs"":null,""wickets"":10},{""batting_team"":""India"",""declared"":false,""forfeited"":false,""innings_number"":3,""legal_deliveries"":569,""runs"":252,""super_over"":false,""target_overs"":null,""target_runs"":null,""wickets"":10},{""batting_team"":""West Indies"",""declared"":false,""forfeited"":false,""innings_number"":4,""legal_deliveries"":410,""runs"":262,""super_over"":false,""target_overs"":null,""target_runs"":null,""wickets"":10}]",INDIA_WIN,India,COMPLETED,Cricsheet,HISTORICAL_DATA
489227,TEST,2011-06-28,2011,2011,"Kensington Oval, Bridgetown",Barbados,,West Indies,India,True,West Indies,West Indies,field,"[{""batting_team"":""India"",""declared"":false,""forfeited"":false,""innings_number"":1,""legal_deliveries"":408,""runs"":201,""super_over"":false,""target_overs"":null,""target_runs"":null,""wickets"":10},{""batting_team"":""West Indies"",""declared"":false,""forfeited"":false,""innings_number"":2,""legal_deliveries"":443,""runs"":190,""super_over"":false,""target_overs"":null,""target_runs"":null,""wickets"":10},{""batting_team"":""India"",""declared"":true,""forfeited"":false,""innings_number"":3,""legal_deliveries"":612,""runs"":269,""super_over"":false,""target_overs"":null,""target_runs"":null,""wickets"":6},{""batting_team"":""West Indies"",""declared"":false,""forfeited"":false,""innings_number"":4,""legal_deliveries"":429,""runs"":202,""super_over"":false,""target_overs"":null,""target_runs"":null,""wickets"":7}]",DRAW,,DRAWN,Cricsheet,HISTORICAL_DATA
489228,TEST,2011-07-06,2011,2011,"Windsor Park, Roseau",Dominica,,West Indies,India,True,West Indies,India,field,"[{""batting_team"":""West Indies"",""declared"":false,""forfeited"":false,""innings_number"":1,""legal_deliveries"":459,""runs"":204,""super_over"":false,""target_overs"":null,""target_runs"":null,""wickets"":10},{""batting_team"":""India"",""declared"":false,""forfeited"":false,""innings_number"":2,""legal_deliveries"":650,""runs"":347,""super_over"":false,""target_overs"":null,""target_runs"":null,""wickets"":10},{""batting_team"":""West Indies"",""declared"":false,""forfeited"":false,""innings_number"":3,""legal_deliveries"":789,""runs"":322,""super_over"":false,""target_overs"":null,""target_runs"":null,""wickets"":10},{""batting_team"":""India"",""declared"":false,""forfeited"":false,""innings_number"":4,""legal_deliveries"":192,""runs"":94,""super_over"":false,""target_overs"":null,""target_runs"":null,""wickets"":3}]",DRAW,,DRAWN,Cricsheet,HISTORICAL_DATA
474472,TEST,2011-07-21,2011,2011,Lord's,London,,England,India,True,England,India,field,"[{""batting_team"":""England"",""declared"":true,""forfeited"":false,""innings_number"":1,""legal_deliveries"":790,""runs"":474,""super_over"":false,""target_overs"":null,""target_runs"":null,""wickets"":8},{""batting_team"":""India"",""declared"":false,""forfeited"":false,""innings_number"":2,""legal_deliveries"":575,""runs"":286,""super_over"":false,""target_overs"":null,""target_runs"":null,""wickets"":10},{""batting_team"":""England"",""declared"":true,""forfeited"":false,""innings_number"":3,""legal_deliveries"":426,""runs"":269,""super_over"":false,""target_overs"":null,""target_runs"":null,""wickets"":6},{""batting_team"":""India"",""declared"":false,""forfeited"":false,""innings_number"":4,""legal_deliveries"":579,""runs"":261,""super_over"":false,""target_overs"":null,""target_runs"":null,""wickets"":10}]",OPPONENT_WIN,England,COMPLETED,Cricsheet,HISTORICAL_DATA
474473,TEST,2011-07-29,2011,2011,Trent Bridge,Nottingham,,England,India,True,England,India,field,"[{""batting_team"":""England"",""declared"":false,""forfeited"":false,""innings_number"":1,""legal_deliveries"":412,""runs"":221,""super_over"":false,""target_overs"":null,""target_runs"":null,""wickets"":10},{""batting_team"":""India"",""declared"":false,""forfeited"":false,""innings_number"":2,""legal_deliveries"":547,""runs"":288,""super_over"":false,""target_overs"":null,""target_runs"":null,""wickets"":10},{""batting_team"":""England"",""declared"":false,""forfeited"":false,""innings_number"":3,""legal_deliveries"":722,""runs"":544,""super_over"":false,""target_overs"":null,""target_runs"":null,""wickets"":10},{""batting_team"":""India"",""declared"":false,""forfeited"":false,""innings_number"":4,""legal_deliveries"":286,""runs"":158,""super_over"":false,""target_overs"":null,""target_runs"":null,""wickets"":10}]",OPPONENT_WIN,England,COMPLETED,Cricsheet,HISTORICAL_DATA
474474,TEST,2011-08-10,2011,2011,Edgbaston,Birmingham,,England,India,True,England,England,field,"[{""batting_team"":""India"",""declared"":false,""forfeited"":false,""innings_number"":1,""legal_deliveries"":374,""runs"":224,""super_over"":false,""target_overs"":null,""target_runs"":null,""wickets"":10},{""batting_team"":""England"",""declared"":true,""forfeited"":false,""innings_number"":2,""legal_deliveries"":1129,""runs"":710,""super_over"":false,""target_overs"":null,""target_runs"":null,""wickets"":7},{""batting_team"":""India"",""declared"":false,""forfeited"":false,""innings_number"":3,""legal_deliveries"":333,""runs"":244,""super_over"":false,""target_overs"":null,""target_runs"":null,""wickets"":10}]",OPPONENT_WIN,England,COMPLETED,Cricsheet,HISTORICAL_DATA
474475,TEST,2011-08-18,2011,2011,Kennington Oval,London,,England,India,True,England,England,bat,"[{""batting_team"":""England"",""declared"":true,""forfeited"":false,""innings_number"":1,""legal_deliveries"":918,""runs"":591,""super_over"":false,""target_overs"":null,""target_runs"":null,""wickets"":6},{""batting_team"":""India"",""declared"":false,""forfeited"":false,""innings_number"":2,""legal_deliveries"":564,""runs"":300,""super_over"":false,""target_overs"":null,""target_runs"":null,""wickets"":10},{""batting_team"":""India"",""declared"":false,""forfeited"":false,""innings_number"":3,""legal_deliveries"":546,""runs"":283,""super_over"":false,""target_overs"":null,""target_runs"":null,""wickets"":10}]",OPPONENT_WIN,England,COMPLETED,Cricsheet,HISTORICAL_DATA
474476,T20I,2011-08-31,2011,2011,Old Trafford,Manchester,,England,India,True,England,India,bat,"[{""batting_team"":""India"",""declared"":false,""forfeited"":false,""innings_number"":1,""legal_deliveries"":118,""runs"":165,""super_over"":false,""target_overs"":null,""target_runs"":null,""wickets"":10},{""batting_team"":""England"",""declared"":false,""forfeited"":false,""innings_number"":2,""legal_deliveries"":117,""runs"":169,""super_over"":false,""target_overs"":20,""target_runs"":166,""wickets"":4}]",OPPONENT_WIN,England,COMPLETED,Cricsheet,HISTORICAL_DATA
474477,ODI,2011-09-03,2011,2011,Riverside Ground,Chester-le-Street,,England,India,True,England,England,field,"[{""batting_team"":""India"",""declared"":false,""forfeited"":false,""innings_number"":1,""legal_deliveries"":300,""runs"":274,""super_over"":false,""target_overs"":null,""target_runs"":null,""wickets"":7},{""batting_team"":""England"",""declared"":false,""forfeited"":false,""innings_number"":2,""legal_deliveries"":44,""runs"":27,""super_over"":false,""target_overs"":50,""target_runs"":275,""wickets"":2}]",,,NO_RESULT,Cricsheet,HISTORICAL_DATA
474478,ODI,2011-09-06,2011,2011,The Rose Bowl,Southampton,,England,India,True,England,England,field,"[{""batting_team"":""India"",""declared"":false,""forfeited"":false,""innings_number"":1,""legal_deliveries"":138,""runs"":187,""super_over"":false,""target_overs"":null,""target_runs"":null,""wickets"":8},{""batting_team"":""England"",""declared"":false,""forfeited"":false,""innings_number"":2,""legal_deliveries"":133,""runs"":188,""super_over"":false,""target_overs"":23,""target_runs"":188,""wickets"":3}]",OPPONENT_WIN,England,COMPLETED,Cricsheet,HISTORICAL_DATA
474479,ODI,2011-09-09,2011,2011,Kennington Oval,London,,England,India,True,England,England,field,"[{""batting_team"":""India"",""declared"":false,""forfeited"":false,""innings_number"":1,""legal_deliveries"":300,""runs"":234,""super_over"":false,""target_overs"":null,""target_runs"":null,""wickets"":7},{""batting_team"":""England"",""declared"":false,""forfeited"":false,""innings_number"":2,""legal_deliveries"":251,""runs"":218,""super_over"":false,""target_overs"":43,""target_runs"":218,""wickets"":7}]",OPPONENT_WIN,England,COMPLETED,Cricsheet,HISTORICAL_DATA
474480,ODI,2011-09-11,2011,2011,Lord's,London,,England,India,True,England,England,field,"[{""batting_team"":""India"",""declared"":false,""forfeited"":false,""innings_number"":1,""legal_deliveries"":300,""runs"":280,""super_over"":false,""target_overs"":null,""target_runs"":null,""wickets"":5},{""batting_team"":""England"",""declared"":false,""forfeited"":false,""innings_number"":2,""legal_deliveries"":293,""runs"":270,""super_over"":false,""target_overs"":48.5,""target_runs"":271,""wickets"":8}]",,,TIED,Cricsheet,HISTORICAL_DATA
474481,ODI,2011-09-16,2011,2011,Sophia Gardens,Cardiff,,England,India,True,England,England,field,"[{""batting_team"":""India"",""declared"":false,""forfeited"":false,""innings_number"":1,""legal_deliveries"":300,""runs"":304,""super_over"":false,""target_overs"":null,""target_runs"":null,""wickets"":6},{""batting_team"":""England"",""declared"":false,""forfeited"":false,""innings_number"":2,""legal_deliveries"":194,""runs"":241,""super_over"":false,""target_overs"":34,""target_runs"":241,""wickets"":4}]",OPPONENT_WIN,England,COMPLETED,Cricsheet,HISTORICAL_DATA
521218,ODI,2011-10-14,2011/12,2011,"Rajiv Gandhi International Stadium, Uppal",Hyderabad,,India,England,True,England,India,bat,"[{""batting_team"":""India"",""declared"":false,""forfeited"":false,""innings_number"":1,""legal_deliveries"":300,""runs"":300,""super_over"":false,""target_overs"":null,""target_runs"":null,""wickets"":7},{""batting_team"":""England"",""declared"":false,""forfeited"":false,""innings_number"":2,""legal_deliveries"":217,""runs"":174,""super_over"":false,""target_overs"":50,""target_runs"":301,""wickets"":10}]",INDIA_WIN,India,COMPLETED,Cricsheet,HISTORICAL_DATA
521219,ODI,2011-10-17,2011/12,2011,Feroz Shah Kotla,Delhi,,India,England,True,England,England,bat,"[{""batting_team"":""England"",""declared"":false,""forfeited"":false,""innings_number"":1,""legal_deliveries"":290,""runs"":237,""super_over"":false,""target_overs"":null,""target_runs"":null,""wickets"":10},{""batting_team"":""India"",""declared"":false,""forfeited"":false,""innings_number"":2,""legal_deliveries"":220,""runs"":238,""super_over"":false,""target_overs"":50,""target_runs"":238,""wickets"":2}]",INDIA_WIN,India,COMPLETED,Cricsheet,HISTORICAL_DATA
521220,ODI,2011-10-20,2011/12,2011,"Punjab Cricket Association Stadium, Mohali",Chandigarh,,India,England,True,England,England,bat,"[{""batting_team"":""England"",""declared"":false,""forfeited"":false,""innings_number"":1,""legal_deliveries"":300,""runs"":298,""super_over"":false,""target_overs"":null,""target_runs"":null,""wickets"":4},{""batting_team"":""India"",""declared"":false,""forfeited"":false,""innings_number"":2,""legal_deliveries"":296,""runs"":300,""super_over"":false,""target_overs"":50,""target_runs"":299,""wickets"":5}]",INDIA_WIN,India,COMPLETED,Cricsheet,HISTORICAL_DATA
521221,ODI,2011-10-23,2011/12,2011,Wankhede Stadium,Mumbai,,India,England,True,England,England,bat,"[{""batting_team"":""England"",""declared"":false,""forfeited"":false,""innings_number"":1,""legal_deliveries"":277,""runs"":220,""super_over"":false,""target_overs"":null,""target_runs"":null,""wickets"":10},{""batting_team"":""India"",""declared"":false,""forfeited"":false,""innings_number"":2,""legal_deliveries"":241,""runs"":223,""super_over"":false,""target_overs"":50,""target_runs"":221,""wickets"":4}]",INDIA_WIN,India,COMPLETED,Cricsheet,HISTORICAL_DATA
521222,ODI,2011-10-25,2011/12,2011,Eden Gardens,Kolkata,,India,England,True,England,England,field,"[{""batting_team"":""India"",""declared"":false,""forfeited"":false,""innings_number"":1,""legal_deliveries"":300,""runs"":271,""super_over"":false,""target_overs"":null,""target_runs"":null,""wickets"":8},{""batting_team"":""England"",""declared"":false,""forfeited"":false,""innings_number"":2,""legal_deliveries"":222,""runs"":176,""super_over"":false,""target_overs"":50,""target_runs"":272,""wickets"":10}]",INDIA_WIN,India,COMPLETED,Cricsheet,HISTORICAL_DATA
521217,T20I,2011-10-29,2011/12,2011,Eden Gardens,Kolkata,,India,England,True,England,India,bat,"[{""batting_team"":""India"",""declared"":false,""forfeited"":false,""innings_number"":1,""legal_deliveries"":120,""runs"":120,""super_over"":false,""target_overs"":null,""target_runs"":null,""wickets"":9},{""batting_team"":""England"",""declared"":false,""forfeited"":false,""innings_number"":2,""legal_deliveries"":112,""runs"":121,""super_over"":false,""target_overs"":20,""target_runs"":121,""wickets"":4}]",OPPONENT_WIN,England,COMPLETED,Cricsheet,HISTORICAL_DATA
535997,TEST,2011-11-06,2011/12,2011,Feroz Shah Kotla,Delhi,,India,West Indies,True,West Indies,West Indies,bat,"[{""batting_team"":""West Indies"",""declared"":false,""forfeited"":false,""innings_number"":1,""legal_deliveries"":650,""runs"":304,""super_over"":false,""target_overs"":null,""target_runs"":null,""wickets"":10},{""batting_team"":""India"",""declared"":false,""forfeited"":false,""innings_number"":2,""legal_deliveries"":317,""runs"":209,""super_over"":false,""target_overs"":null,""target_runs"":null,""wickets"":10},{""batting_team"":""West Indies"",""declared"":false,""forfeited"":false,""innings_number"":3,""legal_deliveries"":345,""runs"":180,""super_over"":false,""target_overs"":null,""target_runs"":null,""wickets"":10},{""batting_team"":""India"",""declared"":false,""forfeited"":false,""innings_number"":4,""legal_deliveries"":484,""runs"":276,""super_over"":false,""target_overs"":null,""target_runs"":null,""wickets"":5}]",INDIA_WIN,India,COMPLETED,Cricsheet,HISTORICAL_DATA
535998,TEST,2011-11-14,2011/12,2011,Eden Gardens,Kolkata,,India,West Indies,True,West Indies,India,bat,"[{""batting_team"":""India"",""declared"":true,""forfeited"":false,""innings_number"":1,""legal_deliveries"":908,""runs"":631,""super_over"":false,""target_overs"":null,""target_runs"":null,""wickets"":7},{""batting_team"":""West Indies"",""declared"":false,""forfeited"":false,""innings_number"":2,""legal_deliveries"":288,""runs"":153,""super_over"":false,""target_overs"":null,""target_runs"":null,""wickets"":10},{""batting_team"":""West Indies"",""declared"":false,""forfeited"":false,""innings_number"":3,""legal_deliveries"":759,""runs"":463,""super_over"":false,""target_overs"":null,""target_runs"":null,""wickets"":10}]",INDIA_WIN,India,COMPLETED,Cricsheet,HISTORICAL_DATA
535999,TEST,2011-11-22,2011/12,2011,Wankhede Stadium,Mumbai,,India,West Indies,True,West Indies,West Indies,bat,"[{""batting_team"":""West Indies"",""declared"":false,""forfeited"":false,""innings_number"":1,""legal_deliveries"":1105,""runs"":590,""super_over"":false,""target_overs"":null,""target_runs"":null,""wickets"":10},{""batting_team"":""India"",""declared"":false,""forfeited"":false,""innings_number"":2,""legal_deliveries"":814,""runs"":482,""super_over"":false,""target_overs"":null,""target_runs"":null,""wickets"":10},{""batting_team"":""West Indies"",""declared"":false,""forfeited"":false,""innings_number"":3,""legal_deliveries"":344,""runs"":134,""super_over"":false,""target_overs"":null,""target_runs"":null,""wickets"":10},{""batting_team"":""India"",""declared"":false,""forfeited"":false,""innings_number"":4,""legal_deliveries"":384,""runs"":242,""super_over"":false,""target_overs"":null,""target_runs"":null,""wickets"":9}]",DRAW,,DRAWN,Cricsheet,HISTORICAL_DATA
536929,ODI,2011-11-29,2011/12,2011,Barabati Stadium,Cuttack,,India,West Indies,True,West Indies,India,field,"[{""batting_team"":""West Indies"",""declared"":false,""forfeited"":false,""innings_number"":1,""legal_deliveries"":300,""runs"":211,""super_over"":false,""target_overs"":null,""target_runs"":null,""wickets"":9},{""batting_team"":""India"",""declared"":false,""forfeited"":false,""innings_number"":2,""legal_deliveries"":293,""runs"":213,""super_over"":false,""target_overs"":50,""target_runs"":212,""wickets"":9}]",INDIA_WIN,India,COMPLETED,Cricsheet,HISTORICAL_DATA
536930,ODI,2011-12-02,2011/12,2011,Dr. Y.S. Rajasekhara Reddy ACA-VDCA Cricket Stadium,Visakhapatnam,,India,West Indies,True,West Indies,India,field,"[{""batting_team"":""West Indies"",""declared"":false,""forfeited"":false,""innings_number"":1,""legal_deliveries"":300,""runs"":269,""super_over"":false,""target_overs"":null,""target_runs"":null,""wickets"":9},{""batting_team"":""India"",""declared"":false,""forfeited"":false,""innings_number"":2,""legal_deliveries"":289,""runs"":270,""super_over"":false,""target_overs"":50,""target_runs"":270,""wickets"":5}]",INDIA_WIN,India,COMPLETED,Cricsheet,HISTORICAL_DATA
536931,ODI,2011-12-05,2011/12,2011,"Sardar Patel Stadium, Motera",Ahmedabad,,India,West Indies,True,West Indies,India,field,"[{""batting_team"":""West Indies"",""declared"":false,""forfeited"":false,""innings_number"":1,""legal_deliveries"":300,""runs"":260,""super_over"":false,""target_overs"":null,""target_runs"":null,""wickets"":5},{""batting_team"":""India"",""declared"":false,""forfeited"":false,""innings_number"":2,""legal_deliveries"":281,""runs"":244,""super_over"":false,""target_overs"":50,""target_runs"":261,""wickets"":10}]",OPPONENT_WIN,West Indies,COMPLETED,Cricsheet,HISTORICAL_DATA
536932,ODI,2011-12-08,2011/12,2011,Holkar Cricket Stadium,Indore,,India,West Indies,True,West Indies,India,bat,"[{""batting_team"":""India"",""declared"":false,""forfeited"":false,""innings_number"":1,""legal_deliveries"":300,""runs"":418,""super_over"":false,""target_overs"":null,""target_runs"":null,""wickets"":5},{""batting_team"":""West Indies"",""declared"":false,""forfeited"":false,""innings_number"":2,""legal_deliveries"":296,""runs"":265,""super_over"":false,""target_overs"":50,""target_runs"":419,""wickets"":10}]",INDIA_WIN,India,COMPLETED,Cricsheet,HISTORICAL_DATA
536933,ODI,2011-12-11,2011/12,2011,"MA Chidambaram Stadium, Chepauk",Chennai,,India,West Indies,True,West Indies,India,bat,"[{""batting_team"":""India"",""declared"":false,""forfeited"":false,""innings_number"":1,""legal_deliveries"":300,""runs"":267,""super_over"":false,""target_overs"":null,""target_runs"":null,""wickets"":6},{""batting_team"":""West Indies"",""declared"":false,""forfeited"":false,""innings_number"":2,""legal_deliveries"":265,""runs"":233,""super_over"":false,""target_overs"":50,""target_runs"":268,""wickets"":10}]",INDIA_WIN,India,COMPLETED,Cricsheet,HISTORICAL_DATA
518950,TEST,2011-12-26,2011/12,2011,Melbourne Cricket Ground,,,Australia,India,True,Australia,Australia,bat,"[{""batting_team"":""Australia"",""declared"":false,""forfeited"":false,""innings_number"":1,""legal_deliveries"":660,""runs"":333,""super_over"":false,""target_overs"":null,""target_runs"":null,""wickets"":10},{""batting_team"":""India"",""declared"":false,""forfeited"":false,""innings_number"":2,""legal_deliveries"":565,""runs"":282,""super_over"":false,""target_overs"":null,""target_runs"":null,""wickets"":10},{""batting_team"":""Australia"",""declared"":false,""forfeited"":false,""innings_number"":3,""legal_deliveries"":459,""runs"":240,""super_over"":false,""target_overs"":null,""target_runs"":null,""wickets"":10},{""batting_team"":""India"",""declared"":false,""forfeited"":false,""innings_number"":4,""legal_deliveries"":287,""runs"":169,""super_over"":false,""target_overs"":null,""target_runs"":null,""wickets"":10}]",OPPONENT_WIN,Australia,COMPLETED,Cricsheet,HISTORICAL_DATA
518951,TEST,2012-01-03,2011/12,2012,Sydney Cricket Ground,,,Australia,India,True,Australia,India,bat,"[{""batting_team"":""India"",""declared"":false,""forfeited"":false,""innings_number"":1,""legal_deliveries"":357,""runs"":191,""super_over"":false,""target_overs"":null,""target_runs"":null,""wickets"":10},{""batting_team"":""Australia"",""declared"":true,""forfeited"":false,""innings_number"":2,""legal_deliveries"":978,""runs"":659,""super_over"":false,""target_overs"":null,""target_runs"":null,""wickets"":4},{""batting_team"":""India"",""declared"":false,""forfeited"":false,""innings_number"":3,""legal_deliveries"":665,""runs"":400,""super_over"":false,""target_overs"":null,""target_runs"":null,""wickets"":10}]",OPPONENT_WIN,Australia,COMPLETED,Cricsheet,HISTORICAL_DATA
518952,TEST,2012-01-13,2011/12,2012,Western Australia Cricket Association Ground,Perth,,Australia,India,True,Australia,Australia,field,"[{""batting_team"":""India"",""declared"":false,""forfeited"":false,""innings_number"":1,""legal_deliveries"":362,""runs"":161,""super_over"":false,""target_overs"":null,""target_runs"":null,""wickets"":10},{""batting_team"":""Australia"",""declared"":false,""forfeited"":false,""innings_number"":2,""legal_deliveries"":458,""runs"":369,""super_over"":false,""target_overs"":null,""target_runs"":null,""wickets"":10},{""batting_team"":""India"",""declared"":false,""forfeited"":false,""innings_number"":3,""legal_deliveries"":381,""runs"":171,""super_over"":false,""target_overs"":null,""target_runs"":null,""wickets"":10}]",OPPONENT_WIN,Australia,COMPLETED,Cricsheet,HISTORICAL_DATA
518953,TEST,2012-01-24,2011/12,2012,Adelaide Oval,,,Australia,India,True,Australia,Australia,bat,"[{""batting_team"":""Australia"",""declared"":true,""forfeited"":false,""innings_number"":1,""legal_deliveries"":942,""runs"":604,""super_over"":false,""target_overs"":null,""target_runs"":null,""wickets"":7},{""batting_team"":""India"",""declared"":false,""forfeited"":false,""innings_number"":2,""legal_deliveries"":571,""runs"":272,""super_over"":false,""target_overs"":null,""target_runs"":null,""wickets"":10},{""batting_team"":""Australia"",""declared"":true,""forfeited"":false,""innings_number"":3,""legal_deliveries"":275,""runs"":167,""super_over"":false,""target_overs"":null,""target_runs"":null,""wickets"":5},{""batting_team"":""India"",""declared"":false,""forfeited"":false,""innings_number"":4,""legal_deliveries"":418,""runs"":201,""super_over"":false,""target_overs"":null,""target_runs"":null,""wickets"":10}]",OPPONENT_WIN,Australia,COMPLETED,Cricsheet,HISTORICAL_DATA
518954,T20I,2012-02-01,2011/12,2012,Stadium Australia,Sydney,,Australia,India,True,Australia,India,field,"[{""batting_team"":""Australia"",""declared"":false,""forfeited"":false,""innings_number"":1,""legal_deliveries"":120,""runs"":171,""super_over"":false,""target_overs"":null,""target_runs"":null,""wickets"":4},{""batting_team"":""India"",""declared"":false,""forfeited"":false,""innings_number"":2,""legal_deliveries"":120,""runs"":140,""super_over"":false,""target_overs"":20,""target_runs"":172,""wickets"":6}]",OPPONENT_WIN,Australia,COMPLETED,Cricsheet,HISTORICAL_DATA
518955,T20I,2012-02-03,2011/12,2012,Melbourne Cricket Ground,,,Australia,India,True,Australia,Australia,bat,"[{""batting_team"":""Australia"",""declared"":false,""forfeited"":false,""innings_number"":1,""legal_deliveries"":118,""runs"":131,""super_over"":false,""target_overs"":null,""target_runs"":null,""wickets"":10},{""batting_team"":""India"",""declared"":false,""forfeited"":false,""innings_number"":2,""legal_deliveries"":118,""runs"":135,""super_over"":false,""target_overs"":20,""target_runs"":132,""wickets"":2}]",INDIA_WIN,India,COMPLETED,Cricsheet,HISTORICAL_DATA
518956,ODI,2012-02-05,2011/12,2012,Melbourne Cricket Ground,,,Australia,India,True,Australia,India,field,"[{""batting_team"":""Australia"",""declared"":false,""forfeited"":false,""innings_number"":1,""legal_deliveries"":192,""runs"":216,""super_over"":false,""target_overs"":null,""target_runs"":null,""wickets"":5},{""batting_team"":""India"",""declared"":false,""forfeited"":false,""innings_number"":2,""legal_deliveries"":178,""runs"":151,""super_over"":false,""target_overs"":32,""target_runs"":217,""wickets"":10}]",OPPONENT_WIN,Australia,COMPLETED,Cricsheet,HISTORICAL_DATA
518957,ODI,2012-02-08,2011/12,2012,Western Australia Cricket Association Ground,Perth,,India,Sri Lanka,True,Sri Lanka,Sri Lanka,bat,"[{""batting_team"":""Sri Lanka"",""declared"":false,""forfeited"":false,""innings_number"":1,""legal_deliveries"":300,""runs"":233,""super_over"":false,""target_overs"":null,""target_runs"":null,""wickets"":8},{""batting_team"":""India"",""declared"":false,""forfeited"":false,""innings_number"":2,""legal_deliveries"":280,""runs"":234,""super_over"":false,""target_overs"":50,""target_runs"":234,""wickets"":6}]",INDIA_WIN,India,COMPLETED,Cricsheet,HISTORICAL_DATA
518959,ODI,2012-02-12,2011/12,2012,Adelaide Oval,,,Australia,India,True,Australia,Australia,bat,"[{""batting_team"":""Australia"",""declared"":false,""forfeited"":false,""innings_number"":1,""legal_deliveries"":300,""runs"":269,""super_over"":false,""target_overs"":null,""target_runs"":null,""wickets"":8},{""batting_team"":""India"",""declared"":false,""forfeited"":false,""innings_number"":2,""legal_deliveries"":298,""runs"":270,""super_over"":false,""target_overs"":50,""target_runs"":270,""wickets"":6}]",INDIA_WIN,India,COMPLETED,Cricsheet,HISTORICAL_DATA
518960,ODI,2012-02-14,2011/12,2012,Adelaide Oval,,,India,Sri Lanka,True,Sri Lanka,Sri Lanka,bat,"[{""batting_team"":""Sri Lanka"",""declared"":false,""forfeited"":false,""innings_number"":1,""legal_deliveries"":300,""runs"":236,""super_over"":false,""target_overs"":null,""target_runs"":null,""wickets"":9},{""batting_team"":""India"",""declared"":false,""forfeited"":false,""innings_number"":2,""legal_deliveries"":299,""runs"":236,""super_over"":false,""target_overs"":50,""target_runs"":237,""wickets"":9}]",,,TIED,Cricsheet,HISTORICAL_DATA
518962,ODI,2012-02-19,2011/12,2012,"Brisbane Cricket Ground, Woolloongabba",Brisbane,,Australia,India,True,Australia,Australia,bat,"[{""batting_team"":""Australia"",""declared"":false,""forfeited"":false,""innings_number"":1,""legal_deliveries"":300,""runs"":288,""super_over"":false,""target_overs"":null,""target_runs"":null,""wickets"":5},{""batting_team"":""India"",""declared"":false,""forfeited"":false,""innings_number"":2,""legal_deliveries"":261,""runs"":178,""super_over"":false,""target_overs"":50,""target_runs"":289,""wickets"":10}]",OPPONENT_WIN,Australia,COMPLETED,Cricsheet,HISTORICAL_DATA
518963,ODI,2012-02-21,2011/12,2012,"Brisbane Cricket Ground, Woolloongabba",Brisbane,,India,Sri Lanka,True,Sri Lanka,Sri Lanka,bat,"[{""batting_team"":""Sri Lanka"",""declared"":false,""forfeited"":false,""innings_number"":1,""legal_deliveries"":300,""runs"":289,""super_over"":false,""target_overs"":null,""target_runs"":null,""wickets"":6},{""batting_team"":""India"",""declared"":false,""forfeited"":false,""innings_number"":2,""legal_deliveries"":271,""runs"":238,""super_over"":false,""target_overs"":50,""target_runs"":290,""wickets"":10}]",OPPONENT_WIN,Sri Lanka,COMPLETED,Cricsheet,HISTORICAL_DATA
518965,ODI,2012-02-26,2011/12,2012,Sydney Cricket Ground,,,Australia,India,True,Australia,Australia,bat,"[{""batting_team"":""Australia"",""declared"":false,""forfeited"":false,""innings_number"":1,""legal_deliveries"":300,""runs"":252,""super_over"":false,""target_overs"":null,""target_runs"":null,""wickets"":9},{""batting_team"":""India"",""declared"":false,""forfeited"":false,""innings_number"":2,""legal_deliveries"":237,""runs"":165,""super_over"":false,""target_overs"":50,""target_runs"":253,""wickets"":10}]",OPPONENT_WIN,Australia,COMPLETED,Cricsheet,HISTORICAL_DATA
518966,ODI,2012-02-28,2011/12,2012,Bellerive Oval,Hobart,,India,Sri Lanka,True,Sri Lanka,India,field,"[{""batting_team"":""Sri Lanka"",""declared"":false,""forfeited"":false,""innings_number"":1,""legal_deliveries"":300,""runs"":320,""super_over"":false,""target_overs"":null,""target_runs"":null,""wickets"":4},{""batting_team"":""India"",""declared"":false,""forfeited"":false,""innings_number"":2,""legal_deliveries"":220,""runs"":321,""super_over"":false,""target_overs"":50,""target_runs"":321,""wickets"":3}]",INDIA_WIN,India,COMPLETED,Cricsheet,HISTORICAL_DATA
535795,ODI,2012-03-13,2011/12,2012,Shere Bangla National Stadium,Mirpur,,India,Sri Lanka,True,Sri Lanka,Sri Lanka,field,"[{""batting_team"":""India"",""declared"":false,""forfeited"":false,""innings_number"":1,""legal_deliveries"":300,""runs"":304,""super_over"":false,""target_overs"":null,""target_runs"":null,""wickets"":3},{""batting_team"":""Sri Lanka"",""declared"":false,""forfeited"":false,""innings_number"":2,""legal_deliveries"":271,""runs"":254,""super_over"":false,""target_overs"":50,""target_runs"":305,""wickets"":10}]",INDIA_WIN,India,COMPLETED,Cricsheet,HISTORICAL_DATA
535797,ODI,2012-03-16,2011/12,2012,Shere Bangla National Stadium,Mirpur,,Bangladesh,India,True,Bangladesh,Bangladesh,field,"[{""batting_team"":""India"",""declared"":false,""forfeited"":false,""innings_number"":1,""legal_deliveries"":300,""runs"":289,""super_over"":false,""target_overs"":null,""target_runs"":null,""wickets"":5},{""batting_team"":""Bangladesh"",""declared"":false,""forfeited"":false,""innings_number"":2,""legal_deliveries"":296,""runs"":293,""super_over"":false,""target_overs"":50,""target_runs"":290,""wickets"":5}]",OPPONENT_WIN,Bangladesh,COMPLETED,Cricsheet,HISTORICAL_DATA
535798,ODI,2012-03-18,2011/12,2012,Shere Bangla National Stadium,Mirpur,,India,Pakistan,True,Pakistan,Pakistan,bat,"[{""batting_team"":""Pakistan"",""declared"":false,""forfeited"":false,""innings_number"":1,""legal_deliveries"":300,""runs"":329,""super_over"":false,""target_overs"":null,""target_runs"":null,""wickets"":6},{""batting_team"":""India"",""declared"":false,""forfeited"":false,""innings_number"":2,""legal_deliveries"":287,""runs"":330,""super_over"":false,""target_overs"":50,""target_runs"":330,""wickets"":4}]",INDIA_WIN,India,COMPLETED,Cricsheet,HISTORICAL_DATA
556252,T20I,2012-03-30,2011/12,2012,New Wanderers Stadium,Johannesburg,,South Africa,India,True,South Africa,India,field,"[{""batting_team"":""South Africa"",""declared"":false,""forfeited"":false,""innings_number"":1,""legal_deliveries"":120,""runs"":219,""super_over"":false,""target_overs"":null,""target_runs"":null,""wickets"":4},{""batting_team"":""India"",""declared"":false,""forfeited"":false,""innings_number"":2,""legal_deliveries"":47,""runs"":71,""super_over"":false,""target_overs"":7.5,""target_runs"":83,""wickets"":0}]",OPPONENT_WIN,South Africa,COMPLETED,Cricsheet,HISTORICAL_DATA
564781,ODI,2012-07-21,2012,2012,"Mahinda Rajapaksa International Cricket Stadium, Sooriyawewa",Hambantota,,Sri Lanka,India,True,Sri Lanka,India,bat,"[{""batting_team"":""India"",""declared"":false,""forfeited"":false,""innings_number"":1,""legal_deliveries"":300,""runs"":314,""super_over"":false,""target_overs"":null,""target_runs"":null,""wickets"":6},{""batting_team"":""Sri Lanka"",""declared"":false,""forfeited"":false,""innings_number"":2,""legal_deliveries"":300,""runs"":293,""super_over"":false,""target_overs"":50,""target_runs"":315,""wickets"":9}]",INDIA_WIN,India,COMPLETED,Cricsheet,HISTORICAL_DATA
564782,ODI,2012-07-24,2012,2012,"Mahinda Rajapaksa International Cricket Stadium, Sooriyawewa",Hambantota,,Sri Lanka,India,True,Sri Lanka,India,bat,"[{""batting_team"":""India"",""declared"":false,""forfeited"":false,""innings_number"":1,""legal_deliveries"":201,""runs"":138,""super_over"":false,""target_overs"":null,""target_runs"":null,""wickets"":10},{""batting_team"":""Sri Lanka"",""declared"":false,""forfeited"":false,""innings_number"":2,""legal_deliveries"":119,""runs"":139,""super_over"":false,""target_overs"":50,""target_runs"":139,""wickets"":1}]",OPPONENT_WIN,Sri Lanka,COMPLETED,Cricsheet,HISTORICAL_DATA
564783,ODI,2012-07-28,2012,2012,R Premadasa Stadium,Colombo,,Sri Lanka,India,True,Sri Lanka,Sri Lanka,bat,"[{""batting_team"":""Sri Lanka"",""declared"":false,""forfeited"":false,""innings_number"":1,""legal_deliveries"":300,""runs"":286,""super_over"":false,""target_overs"":null,""target_runs"":null,""wickets"":5},{""batting_team"":""India"",""declared"":false,""forfeited"":false,""innings_number"":2,""legal_deliveries"":298,""runs"":288,""super_over"":false,""target_overs"":50,""target_runs"":287,""wickets"":5}]",INDIA_WIN,India,COMPLETED,Cricsheet,HISTORICAL_DATA
564784,ODI,2012-07-31,2012,2012,R Premadasa Stadium,Colombo,,Sri Lanka,India,True,Sri Lanka,Sri Lanka,bat,"[{""batting_team"":""Sri Lanka"",""declared"":false,""forfeited"":false,""innings_number"":1,""legal_deliveries"":300,""runs"":251,""super_over"":false,""target_overs"":null,""target_runs"":null,""wickets"":8},{""batting_team"":""India"",""declared"":false,""forfeited"":false,""innings_number"":2,""legal_deliveries"":254,""runs"":255,""super_over"":false,""target_overs"":50,""target_runs"":252,""wickets"":4}]",INDIA_WIN,India,COMPLETED,Cricsheet,HISTORICAL_DATA
564785,ODI,2012-08-04,2012,2012,Pallekele International Cricket Stadium,,,Sri Lanka,India,True,Sri Lanka,India,bat,"[{""batting_team"":""India"",""declared"":false,""forfeited"":false,""innings_number"":1,""legal_deliveries"":300,""runs"":294,""super_over"":false,""target_overs"":null,""target_runs"":null,""wickets"":7},{""batting_team"":""Sri Lanka"",""declared"":false,""forfeited"":false,""innings_number"":2,""legal_deliveries"":274,""runs"":274,""super_over"":false,""target_overs"":50,""target_runs"":295,""wickets"":10}]",INDIA_WIN,India,COMPLETED,Cricsheet,HISTORICAL_DATA
564786,T20I,2012-08-07,2012,2012,Pallekele International Cricket Stadium,,,Sri Lanka,India,True,Sri Lanka,Sri Lanka,field,"[{""batting_team"":""India"",""declared"":false,""forfeited"":false,""innings_number"":1,""legal_deliveries"":120,""runs"":155,""super_over"":false,""target_overs"":null,""target_runs"":null,""wickets"":3},{""batting_team"":""Sri Lanka"",""declared"":false,""forfeited"":false,""innings_number"":2,""legal_deliveries"":108,""runs"":116,""super_over"":false,""target_overs"":20,""target_runs"":156,""wickets"":10}]",INDIA_WIN,India,COMPLETED,Cricsheet,HISTORICAL_DATA
565817,TEST,2012-08-23,2012,2012,"Rajiv Gandhi International Stadium, Uppal",Hyderabad,,India,New Zealand,True,New Zealand,India,bat,"[{""batting_team"":""India"",""declared"":false,""forfeited"":false,""innings_number"":1,""legal_deliveries"":807,""runs"":438,""super_over"":false,""target_overs"":null,""target_runs"":null,""wickets"":10},{""batting_team"":""New Zealand"",""declared"":false,""forfeited"":false,""innings_number"":2,""legal_deliveries"":369,""runs"":159,""super_over"":false,""target_overs"":null,""target_runs"":null,""wickets"":10},{""batting_team"":""New Zealand"",""declared"":false,""forfeited"":false,""innings_number"":3,""legal_deliveries"":479,""runs"":164,""super_over"":false,""target_overs"":null,""target_runs"":null,""wickets"":10}]",INDIA_WIN,India,COMPLETED,Cricsheet,HISTORICAL_DATA
565818,TEST,2012-08-31,2012,2012,M Chinnaswamy Stadium,Bangalore,,India,New Zealand,True,New Zealand,New Zealand,bat,"[{""batting_team"":""New Zealand"",""declared"":false,""forfeited"":false,""innings_number"":1,""legal_deliveries"":541,""runs"":365,""super_over"":false,""target_overs"":null,""target_runs"":null,""wickets"":10},{""batting_team"":""India"",""declared"":false,""forfeited"":false,""innings_number"":2,""legal_deliveries"":581,""runs"":353,""super_over"":false,""target_overs"":null,""target_runs"":null,""wickets"":10},{""batting_team"":""New Zealand"",""declared"":false,""forfeited"":false,""innings_number"":3,""legal_deliveries"":440,""runs"":248,""super_over"":false,""target_overs"":null,""target_runs"":null,""wickets"":10},{""batting_team"":""India"",""declared"":false,""forfeited"":false,""innings_number"":4,""legal_deliveries"":380,""runs"":262,""super_over"":false,""target_overs"":null,""target_runs"":null,""wickets"":5}]",INDIA_WIN,India,COMPLETED,Cricsheet,HISTORICAL_DATA
565820,T20I,2012-09-11,2012,2012,"MA Chidambaram Stadium, Chepauk",Chennai,,India,New Zealand,True,New Zealand,India,field,"[{""batting_team"":""New Zealand"",""declared"":false,""forfeited"":false,""innings_number"":1,""legal_deliveries"":120,""runs"":167,""super_over"":false,""target_overs"":null,""target_runs"":null,""wickets"":5},{""batting_team"":""India"",""declared"":false,""forfeited"":false,""innings_number"":2,""legal_deliveries"":120,""runs"":166,""super_over"":false,""target_overs"":20,""target_runs"":168,""wickets"":4}]",OPPONENT_WIN,New Zealand,COMPLETED,Cricsheet,HISTORICAL_DATA
533281,T20I,2012-09-23,2012/13,2012,R Premadasa Stadium,Colombo,,England,India,True,England,England,field,"[{""batting_team"":""India"",""declared"":false,""forfeited"":false,""innings_number"":1,""legal_deliveries"":120,""runs"":170,""super_over"":false,""target_overs"":null,""target_runs"":null,""wickets"":4},{""batting_team"":""England"",""declared"":false,""forfeited"":false,""innings_number"":2,""legal_deliveries"":88,""runs"":80,""super_over"":false,""target_overs"":20,""target_runs"":171,""wickets"":10}]",INDIA_WIN,India,COMPLETED,Cricsheet,HISTORICAL_DATA
533287,T20I,2012-09-28,2012/13,2012,R Premadasa Stadium,Colombo,,Australia,India,True,Australia,India,bat,"[{""batting_team"":""India"",""declared"":false,""forfeited"":false,""innings_number"":1,""legal_deliveries"":120,""runs"":140,""super_over"":false,""target_overs"":null,""target_runs"":null,""wickets"":7},{""batting_team"":""Australia"",""declared"":false,""forfeited"":false,""innings_number"":2,""legal_deliveries"":89,""runs"":141,""super_over"":false,""target_overs"":20,""target_runs"":141,""wickets"":1}]",OPPONENT_WIN,Australia,COMPLETED,Cricsheet,HISTORICAL_DATA
533291,T20I,2012-09-30,2012/13,2012,R Premadasa Stadium,Colombo,,India,Pakistan,True,Pakistan,Pakistan,bat,"[{""batting_team"":""Pakistan"",""declared"":false,""forfeited"":false,""innings_number"":1,""legal_deliveries"":118,""runs"":128,""super_over"":false,""target_overs"":null,""target_runs"":null,""wickets"":10},{""batting_team"":""India"",""declared"":false,""forfeited"":false,""innings_number"":2,""legal_deliveries"":102,""runs"":129,""super_over"":false,""target_overs"":20,""target_runs"":129,""wickets"":2}]",INDIA_WIN,India,COMPLETED,Cricsheet,HISTORICAL_DATA
533295,T20I,2012-10-02,2012/13,2012,R Premadasa Stadium,Colombo,,India,South Africa,True,South Africa,South Africa,field,"[{""batting_team"":""India"",""declared"":false,""forfeited"":false,""innings_number"":1,""legal_deliveries"":120,""runs"":152,""super_over"":false,""target_overs"":null,""target_runs"":null,""wickets"":6},{""batting_team"":""South Africa"",""declared"":false,""forfeited"":false,""innings_number"":2,""legal_deliveries"":119,""runs"":151,""super_over"":false,""target_overs"":20,""target_runs"":153,""wickets"":10}]",INDIA_WIN,India,COMPLETED,Cricsheet,HISTORICAL_DATA
565806,TEST,2012-11-15,2012/13,2012,"Sardar Patel Stadium, Motera",Ahmedabad,,India,England,True,England,India,bat,"[{""batting_team"":""India"",""declared"":true,""forfeited"":false,""innings_number"":1,""legal_deliveries"":960,""runs"":521,""super_over"":false,""target_overs"":null,""target_runs"":null,""wickets"":8},{""batting_team"":""England"",""declared"":false,""forfeited"":false,""innings_number"":2,""legal_deliveries"":446,""runs"":191,""super_over"":false,""target_overs"":null,""target_runs"":null,""wickets"":10},{""batting_team"":""England"",""declared"":false,""forfeited"":false,""innings_number"":3,""legal_deliveries"":927,""runs"":406,""super_over"":false,""target_overs"":null,""target_runs"":null,""wickets"":10},{""batting_team"":""India"",""declared"":false,""forfeited"":false,""innings_number"":4,""legal_deliveries"":93,""runs"":80,""super_over"":false,""target_overs"":null,""target_runs"":null,""wickets"":1}]",INDIA_WIN,India,COMPLETED,Cricsheet,HISTORICAL_DATA
565807,TEST,2012-11-23,2012/13,2012,Wankhede Stadium,Mumbai,,India,England,True,England,India,bat,"[{""batting_team"":""India"",""declared"":false,""forfeited"":false,""innings_number"":1,""legal_deliveries"":691,""runs"":327,""super_over"":false,""target_overs"":null,""target_runs"":null,""wickets"":10},{""batting_team"":""England"",""declared"":false,""forfeited"":false,""innings_number"":2,""legal_deliveries"":729,""runs"":413,""super_over"":false,""target_overs"":null,""target_runs"":null,""wickets"":10},{""batting_team"":""India"",""declared"":false,""forfeited"":false,""innings_number"":3,""legal_deliveries"":265,""runs"":142,""super_over"":false,""target_overs"":null,""target_runs"":null,""wickets"":10},{""batting_team"":""England"",""declared"":false,""forfeited"":false,""innings_number"":4,""legal_deliveries"":58,""runs"":58,""super_over"":false,""target_overs"":null,""target_runs"":null,""wickets"":0}]",OPPONENT_WIN,England,COMPLETED,Cricsheet,HISTORICAL_DATA
565808,TEST,2012-12-05,2012/13,2012,Eden Gardens,Kolkata,,India,England,True,England,India,bat,"[{""batting_team"":""India"",""declared"":false,""forfeited"":false,""innings_number"":1,""legal_deliveries"":630,""runs"":316,""super_over"":false,""target_overs"":null,""target_runs"":null,""wickets"":10},{""batting_team"":""England"",""declared"":false,""forfeited"":false,""innings_number"":2,""legal_deliveries"":1005,""runs"":523,""super_over"":false,""target_overs"":null,""target_runs"":null,""wickets"":10},{""batting_team"":""India"",""declared"":false,""forfeited"":false,""innings_number"":3,""legal_deliveries"":508,""runs"":247,""super_over"":false,""target_overs"":null,""target_runs"":null,""wickets"":10},{""batting_team"":""England"",""declared"":false,""forfeited"":false,""innings_number"":4,""legal_deliveries"":73,""runs"":41,""super_over"":false,""target_overs"":null,""target_runs"":null,""wickets"":3}]",OPPONENT_WIN,England,COMPLETED,Cricsheet,HISTORICAL_DATA
565809,TEST,2012-12-13,2012/13,2012,"Vidarbha Cricket Association Stadium, Jamtha",Nagpur,,India,England,True,England,England,bat,"[{""batting_team"":""England"",""declared"":false,""forfeited"":false,""innings_number"":1,""legal_deliveries"":875,""runs"":330,""super_over"":false,""target_overs"":null,""target_runs"":null,""wickets"":10},{""batting_team"":""India"",""declared"":true,""forfeited"":false,""innings_number"":2,""legal_deliveries"":858,""runs"":326,""super_over"":false,""target_overs"":null,""target_runs"":null,""wickets"":9},{""batting_team"":""England"",""declared"":true,""forfeited"":false,""innings_number"":3,""legal_deliveries"":924,""runs"":352,""super_over"":false,""target_overs"":null,""target_runs"":null,""wickets"":4}]",DRAW,,DRAWN,Cricsheet,HISTORICAL_DATA
565810,T20I,2012-12-20,2012/13,2012,Subrata Roy Sahara Stadium,Pune,,India,England,True,England,India,field,"[{""batting_team"":""England"",""declared"":false,""forfeited"":false,""innings_number"":1,""legal_deliveries"":120,""runs"":157,""super_over"":false,""target_overs"":null,""target_runs"":null,""wickets"":6},{""batting_team"":""India"",""declared"":false,""forfeited"":false,""innings_number"":2,""legal_deliveries"":107,""runs"":158,""super_over"":false,""target_overs"":20,""target_runs"":158,""wickets"":5}]",INDIA_WIN,India,COMPLETED,Cricsheet,HISTORICAL_DATA
565811,T20I,2012-12-22,2012/13,2012,Wankhede Stadium,Mumbai,,India,England,True,England,England,field,"[{""batting_team"":""India"",""declared"":false,""forfeited"":false,""innings_number"":1,""legal_deliveries"":120,""runs"":177,""super_over"":false,""target_overs"":null,""target_runs"":null,""wickets"":8},{""batting_team"":""England"",""declared"":false,""forfeited"":false,""innings_number"":2,""legal_deliveries"":120,""runs"":181,""super_over"":false,""target_overs"":20,""target_runs"":178,""wickets"":4}]",OPPONENT_WIN,England,COMPLETED,Cricsheet,HISTORICAL_DATA
589306,T20I,2012-12-25,2012/13,2012,M Chinnaswamy Stadium,Bangalore,,India,Pakistan,True,Pakistan,Pakistan,field,"[{""batting_team"":""India"",""declared"":false,""forfeited"":false,""innings_number"":1,""legal_deliveries"":120,""runs"":133,""super_over"":false,""target_overs"":null,""target_runs"":null,""wickets"":9},{""batting_team"":""Pakistan"",""declared"":false,""forfeited"":false,""innings_number"":2,""legal_deliveries"":118,""runs"":134,""super_over"":false,""target_overs"":20,""target_runs"":134,""wickets"":5}]",OPPONENT_WIN,Pakistan,COMPLETED,Cricsheet,HISTORICAL_DATA
589307,T20I,2012-12-28,2012/13,2012,"Sardar Patel Stadium, Motera",Ahmedabad,,India,Pakistan,True,Pakistan,Pakistan,field,"[{""batting_team"":""India"",""declared"":false,""forfeited"":false,""innings_number"":1,""legal_deliveries"":120,""runs"":192,""super_over"":false,""target_overs"":null,""target_runs"":null,""wickets"":5},{""batting_team"":""Pakistan"",""declared"":false,""forfeited"":false,""innings_number"":2,""legal_deliveries"":120,""runs"":181,""super_over"":false,""target_overs"":20,""target_runs"":193,""wickets"":7}]",INDIA_WIN,India,COMPLETED,Cricsheet,HISTORICAL_DATA
589308,ODI,2012-12-30,2012/13,2012,"MA Chidambaram Stadium, Chepauk",Chennai,,India,Pakistan,True,Pakistan,Pakistan,field,"[{""batting_team"":""India"",""declared"":false,""forfeited"":false,""innings_number"":1,""legal_deliveries"":300,""runs"":227,""super_over"":false,""target_overs"":null,""target_runs"":null,""wickets"":6},{""batting_team"":""Pakistan"",""declared"":false,""forfeited"":false,""innings_number"":2,""legal_deliveries"":289,""runs"":228,""super_over"":false,""target_overs"":50,""target_runs"":228,""wickets"":4}]",OPPONENT_WIN,Pakistan,COMPLETED,Cricsheet,HISTORICAL_DATA
589309,ODI,2013-01-03,2012/13,2013,Eden Gardens,Kolkata,,India,Pakistan,True,Pakistan,India,field,"[{""batting_team"":""Pakistan"",""declared"":false,""forfeited"":false,""innings_number"":1,""legal_deliveries"":291,""runs"":250,""super_over"":false,""target_overs"":null,""target_runs"":null,""wickets"":10},{""batting_team"":""India"",""declared"":false,""forfeited"":false,""innings_number"":2,""legal_deliveries"":288,""runs"":165,""super_over"":false,""target_overs"":50,""target_runs"":251,""wickets"":10}]",OPPONENT_WIN,Pakistan,COMPLETED,Cricsheet,HISTORICAL_DATA
589310,ODI,2013-01-06,2012/13,2013,Feroz Shah Kotla,Delhi,,India,Pakistan,True,Pakistan,India,bat,"[{""batting_team"":""India"",""declared"":false,""forfeited"":false,""innings_number"":1,""legal_deliveries"":262,""runs"":167,""super_over"":false,""target_overs"":null,""target_runs"":null,""wickets"":10},{""batting_team"":""Pakistan"",""declared"":false,""forfeited"":false,""innings_number"":2,""legal_deliveries"":293,""runs"":157,""super_over"":false,""target_overs"":50,""target_runs"":168,""wickets"":10}]",INDIA_WIN,India,COMPLETED,Cricsheet,HISTORICAL_DATA
565812,ODI,2013-01-11,2012/13,2013,Saurashtra Cricket Association Stadium,Rajkot,,India,England,True,England,England,bat,"[{""batting_team"":""England"",""declared"":false,""forfeited"":false,""innings_number"":1,""legal_deliveries"":300,""runs"":325,""super_over"":false,""target_overs"":null,""target_runs"":null,""wickets"":4},{""batting_team"":""India"",""declared"":false,""forfeited"":false,""innings_number"":2,""legal_deliveries"":300,""runs"":316,""super_over"":false,""target_overs"":50,""target_runs"":326,""wickets"":9}]",OPPONENT_WIN,England,COMPLETED,Cricsheet,HISTORICAL_DATA
565813,ODI,2013-01-15,2012/13,2013,Nehru Stadium,Kochi,,India,England,True,England,India,bat,"[{""batting_team"":""India"",""declared"":false,""forfeited"":false,""innings_number"":1,""legal_deliveries"":300,""runs"":285,""super_over"":false,""target_overs"":null,""target_runs"":null,""wickets"":6},{""batting_team"":""England"",""declared"":false,""forfeited"":false,""innings_number"":2,""legal_deliveries"":216,""runs"":158,""super_over"":false,""target_overs"":50,""target_runs"":286,""wickets"":10}]",INDIA_WIN,India,COMPLETED,Cricsheet,HISTORICAL_DATA
565814,ODI,2013-01-19,2012/13,2013,JSCA International Stadium Complex,Ranchi,,India,England,True,England,India,field,"[{""batting_team"":""England"",""declared"":false,""forfeited"":false,""innings_number"":1,""legal_deliveries"":254,""runs"":155,""super_over"":false,""target_overs"":null,""target_runs"":null,""wickets"":10},{""batting_team"":""India"",""declared"":false,""forfeited"":false,""innings_number"":2,""legal_deliveries"":169,""runs"":157,""super_over"":false,""target_overs"":50,""target_runs"":156,""wickets"":3}]",INDIA_WIN,India,COMPLETED,Cricsheet,HISTORICAL_DATA
565815,ODI,2013-01-23,2012/13,2013,"Punjab Cricket Association Stadium, Mohali",Chandigarh,,India,England,True,England,India,field,"[{""batting_team"":""England"",""declared"":false,""forfeited"":false,""innings_number"":1,""legal_deliveries"":300,""runs"":257,""super_over"":false,""target_overs"":null,""target_runs"":null,""wickets"":7},{""batting_team"":""India"",""declared"":false,""forfeited"":false,""innings_number"":2,""legal_deliveries"":285,""runs"":258,""super_over"":false,""target_overs"":50,""target_runs"":258,""wickets"":5}]",INDIA_WIN,India,COMPLETED,Cricsheet,HISTORICAL_DATA
565816,ODI,2013-01-27,2012/13,2013,Himachal Pradesh Cricket Association Stadium,Dharamsala,,India,England,True,England,England,field,"[{""batting_team"":""India"",""declared"":false,""forfeited"":false,""innings_number"":1,""legal_deliveries"":298,""runs"":226,""super_over"":false,""target_overs"":null,""target_runs"":null,""wickets"":10},{""batting_team"":""England"",""declared"":false,""forfeited"":false,""innings_number"":2,""legal_deliveries"":284,""runs"":227,""super_over"":false,""target_overs"":50,""target_runs"":227,""wickets"":3}]",OPPONENT_WIN,England,COMPLETED,Cricsheet,HISTORICAL_DATA
598812,TEST,2013-02-22,2012/13,2013,"MA Chidambaram Stadium, Chepauk",Chennai,,India,Australia,True,Australia,Australia,bat,"[{""batting_team"":""Australia"",""declared"":false,""forfeited"":false,""innings_number"":1,""legal_deliveries"":798,""runs"":380,""super_over"":false,""target_overs"":null,""target_runs"":null,""wickets"":10},{""batting_team"":""India"",""declared"":false,""forfeited"":false,""innings_number"":2,""legal_deliveries"":927,""runs"":572,""super_over"":false,""target_overs"":null,""target_runs"":null,""wickets"":10},{""batting_team"":""Australia"",""declared"":false,""forfeited"":false,""innings_number"":3,""legal_deliveries"":558,""runs"":241,""super_over"":false,""target_overs"":null,""target_runs"":null,""wickets"":10},{""batting_team"":""India"",""declared"":false,""forfeited"":false,""innings_number"":4,""legal_deliveries"":69,""runs"":50,""super_over"":false,""target_overs"":null,""target_runs"":null,""wickets"":2}]",INDIA_WIN,India,COMPLETED,Cricsheet,HISTORICAL_DATA
598813,TEST,2013-03-02,2012/13,2013,"Rajiv Gandhi International Stadium, Uppal",Hyderabad,,India,Australia,True,Australia,Australia,bat,"[{""batting_team"":""Australia"",""declared"":true,""forfeited"":false,""innings_number"":1,""legal_deliveries"":510,""runs"":237,""super_over"":false,""target_overs"":null,""target_runs"":null,""wickets"":9},{""batting_team"":""India"",""declared"":false,""forfeited"":false,""innings_number"":2,""legal_deliveries"":925,""runs"":503,""super_over"":false,""target_overs"":null,""target_runs"":null,""wickets"":10},{""batting_team"":""Australia"",""declared"":false,""forfeited"":false,""innings_number"":3,""legal_deliveries"":402,""runs"":131,""super_over"":false,""target_overs"":null,""target_runs"":null,""wickets"":10}]",INDIA_WIN,India,COMPLETED,Cricsheet,HISTORICAL_DATA
598814,TEST,2013-03-14,2012/13,2013,"Punjab Cricket Association Stadium, Mohali",Chandigarh,,India,Australia,True,Australia,Australia,bat,"[{""batting_team"":""Australia"",""declared"":false,""forfeited"":false,""innings_number"":1,""legal_deliveries"":851,""runs"":408,""super_over"":false,""target_overs"":null,""target_runs"":null,""wickets"":10},{""batting_team"":""India"",""declared"":false,""forfeited"":false,""innings_number"":2,""legal_deliveries"":793,""runs"":499,""super_over"":false,""target_overs"":null,""target_runs"":null,""wickets"":10},{""batting_team"":""Australia"",""declared"":false,""forfeited"":false,""innings_number"":3,""legal_deliveries"":536,""runs"":223,""super_over"":false,""target_overs"":null,""target_runs"":null,""wickets"":10},{""batting_team"":""India"",""declared"":false,""forfeited"":false,""innings_number"":4,""legal_deliveries"":201,""runs"":136,""super_over"":false,""target_overs"":null,""target_runs"":null,""wickets"":4}]",INDIA_WIN,India,COMPLETED,Cricsheet,HISTORICAL_DATA
598815,TEST,2013-03-22,2012/13,2013,Feroz Shah Kotla,Delhi,,India,Australia,True,Australia,Australia,bat,"[{""batting_team"":""Australia"",""declared"":false,""forfeited"":false,""innings_number"":1,""legal_deliveries"":673,""runs"":262,""super_over"":false,""target_overs"":null,""target_runs"":null,""wickets"":10},{""batting_team"":""India"",""declared"":false,""forfeited"":false,""innings_number"":2,""legal_deliveries"":422,""runs"":272,""super_over"":false,""target_overs"":null,""target_runs"":null,""wickets"":10},{""batting_team"":""Australia"",""declared"":false,""forfeited"":false,""innings_number"":3,""legal_deliveries"":279,""runs"":164,""super_over"":false,""target_overs"":null,""target_runs"":null,""wickets"":10},{""batting_team"":""India"",""declared"":false,""forfeited"":false,""innings_number"":4,""legal_deliveries"":188,""runs"":158,""super_over"":false,""target_overs"":null,""target_runs"":null,""wickets"":4}]",INDIA_WIN,India,COMPLETED,Cricsheet,HISTORICAL_DATA
578614,ODI,2013-06-06,2013,2013,Sophia Gardens,Cardiff,,India,South Africa,True,South Africa,South Africa,field,"[{""batting_team"":""India"",""declared"":false,""forfeited"":false,""innings_number"":1,""legal_deliveries"":300,""runs"":331,""super_over"":false,""target_overs"":null,""target_runs"":null,""wickets"":7},{""batting_team"":""South Africa"",""declared"":false,""forfeited"":false,""innings_number"":2,""legal_deliveries"":300,""runs"":305,""super_over"":false,""target_overs"":50,""target_runs"":332,""wickets"":10}]",INDIA_WIN,India,COMPLETED,Cricsheet,HISTORICAL_DATA
578619,ODI,2013-06-11,2013,2013,Kennington Oval,London,,India,West Indies,True,West Indies,India,field,"[{""batting_team"":""West Indies"",""declared"":false,""forfeited"":false,""innings_number"":1,""legal_deliveries"":300,""runs"":233,""super_over"":false,""target_overs"":null,""target_runs"":null,""wickets"":9},{""batting_team"":""India"",""declared"":false,""forfeited"":false,""innings_number"":2,""legal_deliveries"":235,""runs"":236,""super_over"":false,""target_overs"":50,""target_runs"":234,""wickets"":2}]",INDIA_WIN,India,COMPLETED,Cricsheet,HISTORICAL_DATA
578623,ODI,2013-06-15,2013,2013,Edgbaston,Birmingham,,India,Pakistan,True,Pakistan,India,field,"[{""batting_team"":""Pakistan"",""declared"":false,""forfeited"":false,""innings_number"":1,""legal_deliveries"":238,""runs"":165,""super_over"":false,""target_overs"":null,""target_runs"":null,""wickets"":10},{""batting_team"":""India"",""declared"":false,""forfeited"":false,""innings_number"":2,""legal_deliveries"":115,""runs"":102,""super_over"":false,""target_overs"":22,""target_runs"":102,""wickets"":2}]",INDIA_WIN,India,COMPLETED,Cricsheet,HISTORICAL_DATA
566947,ODI,2013-06-20,2013,2013,Sophia Gardens,Cardiff,,India,Sri Lanka,True,Sri Lanka,India,field,"[{""batting_team"":""Sri Lanka"",""declared"":false,""forfeited"":false,""innings_number"":1,""legal_deliveries"":300,""runs"":181,""super_over"":false,""target_overs"":null,""target_runs"":null,""wickets"":8},{""batting_team"":""India"",""declared"":false,""forfeited"":false,""innings_number"":2,""legal_deliveries"":210,""runs"":182,""super_over"":false,""target_overs"":50,""target_runs"":182,""wickets"":2}]",INDIA_WIN,India,COMPLETED,Cricsheet,HISTORICAL_DATA
566948,ODI,2013-06-23,2013,2013,Edgbaston,Birmingham,,England,India,True,England,England,field,"[{""batting_team"":""India"",""declared"":false,""forfeited"":false,""innings_number"":1,""legal_deliveries"":120,""runs"":129,""super_over"":false,""target_overs"":null,""target_runs"":null,""wickets"":7},{""batting_team"":""England"",""declared"":false,""forfeited"":false,""innings_number"":2,""legal_deliveries"":120,""runs"":124,""super_over"":false,""target_overs"":20,""target_runs"":130,""wickets"":8}]",INDIA_WIN,India,COMPLETED,Cricsheet,HISTORICAL_DATA
597924,ODI,2013-06-30,2013,2013,"Sabina Park, Kingston",Jamaica,,West Indies,India,True,West Indies,West Indies,field,"[{""batting_team"":""India"",""declared"":false,""forfeited"":false,""innings_number"":1,""legal_deliveries"":300,""runs"":229,""super_over"":false,""target_overs"":null,""target_runs"":null,""wickets"":7},{""batting_team"":""West Indies"",""declared"":false,""forfeited"":false,""innings_number"":2,""legal_deliveries"":286,""runs"":230,""super_over"":false,""target_overs"":50,""target_runs"":230,""wickets"":9}]",OPPONENT_WIN,West Indies,COMPLETED,Cricsheet,HISTORICAL_DATA
597925,ODI,2013-07-02,2013,2013,"Sabina Park, Kingston",Jamaica,,India,Sri Lanka,True,Sri Lanka,India,field,"[{""batting_team"":""Sri Lanka"",""declared"":false,""forfeited"":false,""innings_number"":1,""legal_deliveries"":300,""runs"":348,""super_over"":false,""target_overs"":null,""target_runs"":null,""wickets"":1},{""batting_team"":""India"",""declared"":false,""forfeited"":false,""innings_number"":2,""legal_deliveries"":269,""runs"":187,""super_over"":false,""target_overs"":50,""target_runs"":349,""wickets"":10}]",OPPONENT_WIN,Sri Lanka,COMPLETED,Cricsheet,HISTORICAL_DATA
597926,ODI,2013-07-05,2013,2013,"Queen's Park Oval, Port of Spain",Trinidad,,West Indies,India,True,West Indies,West Indies,field,"[{""batting_team"":""India"",""declared"":false,""forfeited"":false,""innings_number"":1,""legal_deliveries"":300,""runs"":311,""super_over"":false,""target_overs"":null,""target_runs"":null,""wickets"":7},{""batting_team"":""West Indies"",""declared"":false,""forfeited"":false,""innings_number"":2,""legal_deliveries"":205,""runs"":171,""super_over"":false,""target_overs"":39,""target_runs"":274,""wickets"":10}]",INDIA_WIN,India,COMPLETED,Cricsheet,HISTORICAL_DATA
597928,ODI,2013-07-09,2013,2013,"Queen's Park Oval, Port of Spain",Trinidad,,India,Sri Lanka,True,Sri Lanka,Sri Lanka,field,"[{""batting_team"":""India"",""declared"":false,""forfeited"":false,""innings_number"":1,""legal_deliveries"":174,""runs"":119,""super_over"":false,""target_overs"":null,""target_runs"":null,""wickets"":3},{""batting_team"":""Sri Lanka"",""declared"":false,""forfeited"":false,""innings_number"":2,""legal_deliveries"":148,""runs"":96,""super_over"":false,""target_overs"":26,""target_runs"":178,""wickets"":10}]",INDIA_WIN,India,COMPLETED,Cricsheet,HISTORICAL_DATA
597929,ODI,2013-07-11,2013,2013,"Queen's Park Oval, Port of Spain",Trinidad,,India,Sri Lanka,True,Sri Lanka,India,field,"[{""batting_team"":""Sri Lanka"",""declared"":false,""forfeited"":false,""innings_number"":1,""legal_deliveries"":293,""runs"":201,""super_over"":false,""target_overs"":null,""target_runs"":null,""wickets"":10},{""batting_team"":""India"",""declared"":false,""forfeited"":false,""innings_number"":2,""legal_deliveries"":298,""runs"":203,""super_over"":false,""target_overs"":50,""target_runs"":202,""wickets"":9}]",INDIA_WIN,India,COMPLETED,Cricsheet,HISTORICAL_DATA
643665,ODI,2013-07-24,2013,2013,Harare Sports Club,,,Zimbabwe,India,True,Zimbabwe,India,field,"[{""batting_team"":""Zimbabwe"",""declared"":false,""forfeited"":false,""innings_number"":1,""legal_deliveries"":300,""runs"":228,""super_over"":false,""target_overs"":null,""target_runs"":null,""wickets"":7},{""batting_team"":""India"",""declared"":false,""forfeited"":false,""innings_number"":2,""legal_deliveries"":269,""runs"":230,""super_over"":false,""target_overs"":50,""target_runs"":229,""wickets"":4}]",INDIA_WIN,India,COMPLETED,Cricsheet,HISTORICAL_DATA
643667,ODI,2013-07-26,2013,2013,Harare Sports Club,,,Zimbabwe,India,True,Zimbabwe,Zimbabwe,field,"[{""batting_team"":""India"",""declared"":false,""forfeited"":false,""innings_number"":1,""legal_deliveries"":300,""runs"":294,""super_over"":false,""target_overs"":null,""target_runs"":null,""wickets"":8},{""batting_team"":""Zimbabwe"",""declared"":false,""forfeited"":false,""innings_number"":2,""legal_deliveries"":300,""runs"":236,""super_over"":false,""target_overs"":50,""target_runs"":295,""wickets"":9}]",INDIA_WIN,India,COMPLETED,Cricsheet,HISTORICAL_DATA
643669,ODI,2013-07-28,2013,2013,Harare Sports Club,,,Zimbabwe,India,True,Zimbabwe,India,field,"[{""batting_team"":""Zimbabwe"",""declared"":false,""forfeited"":false,""innings_number"":1,""legal_deliveries"":276,""runs"":183,""super_over"":false,""target_overs"":null,""target_runs"":null,""wickets"":10},{""batting_team"":""India"",""declared"":false,""forfeited"":false,""innings_number"":2,""legal_deliveries"":213,""runs"":187,""super_over"":false,""target_overs"":50,""target_runs"":184,""wickets"":3}]",INDIA_WIN,India,COMPLETED,Cricsheet,HISTORICAL_DATA
643675,ODI,2013-08-01,2013,2013,Queens Sports Club,Bulawayo,,Zimbabwe,India,True,Zimbabwe,India,field,"[{""batting_team"":""Zimbabwe"",""declared"":false,""forfeited"":false,""innings_number"":1,""legal_deliveries"":256,""runs"":144,""super_over"":false,""target_overs"":null,""target_runs"":null,""wickets"":10},{""batting_team"":""India"",""declared"":false,""forfeited"":false,""innings_number"":2,""legal_deliveries"":185,""runs"":145,""super_over"":false,""target_overs"":50,""target_runs"":145,""wickets"":1}]",INDIA_WIN,India,COMPLETED,Cricsheet,HISTORICAL_DATA
643677,ODI,2013-08-03,2013,2013,Queens Sports Club,Bulawayo,,Zimbabwe,India,True,Zimbabwe,India,field,"[{""batting_team"":""Zimbabwe"",""declared"":false,""forfeited"":false,""innings_number"":1,""legal_deliveries"":239,""runs"":163,""super_over"":false,""target_overs"":null,""target_runs"":null,""wickets"":10},{""batting_team"":""India"",""declared"":false,""forfeited"":false,""innings_number"":2,""legal_deliveries"":204,""runs"":167,""super_over"":false,""target_overs"":50,""target_runs"":164,""wickets"":3}]",INDIA_WIN,India,COMPLETED,Cricsheet,HISTORICAL_DATA
647247,T20I,2013-10-10,2013/14,2013,Saurashtra Cricket Association Stadium,Rajkot,,India,Australia,True,Australia,India,field,"[{""batting_team"":""Australia"",""declared"":false,""forfeited"":false,""innings_number"":1,""legal_deliveries"":120,""runs"":201,""super_over"":false,""target_overs"":null,""target_runs"":null,""wickets"":7},{""batting_team"":""India"",""declared"":false,""forfeited"":false,""innings_number"":2,""legal_deliveries"":118,""runs"":202,""super_over"":false,""target_overs"":20,""target_runs"":202,""wickets"":4}]",INDIA_WIN,India,COMPLETED,Cricsheet,HISTORICAL_DATA
647249,ODI,2013-10-13,2013/14,2013,Maharashtra Cricket Association Stadium,Pune,,India,Australia,True,Australia,Australia,bat,"[{""batting_team"":""Australia"",""declared"":false,""forfeited"":false,""innings_number"":1,""legal_deliveries"":300,""runs"":304,""super_over"":false,""target_overs"":null,""target_runs"":null,""wickets"":8},{""batting_team"":""India"",""declared"":false,""forfeited"":false,""innings_number"":2,""legal_deliveries"":298,""runs"":232,""super_over"":false,""target_overs"":50,""target_runs"":305,""wickets"":10}]",OPPONENT_WIN,Australia,COMPLETED,Cricsheet,HISTORICAL_DATA
647251,ODI,2013-10-16,2013/14,2013,Sawai Mansingh Stadium,Jaipur,,India,Australia,True,Australia,Australia,bat,"[{""batting_team"":""Australia"",""declared"":false,""forfeited"":false,""innings_number"":1,""legal_deliveries"":300,""runs"":359,""super_over"":false,""target_overs"":null,""target_runs"":null,""wickets"":5},{""batting_team"":""India"",""declared"":false,""forfeited"":false,""innings_number"":2,""legal_deliveries"":261,""runs"":362,""super_over"":false,""target_overs"":50,""target_runs"":360,""wickets"":1}]",INDIA_WIN,India,COMPLETED,Cricsheet,HISTORICAL_DATA
647253,ODI,2013-10-19,2013/14,2013,"Punjab Cricket Association Stadium, Mohali",Chandigarh,,India,Australia,True,Australia,Australia,field,"[{""batting_team"":""India"",""declared"":false,""forfeited"":false,""innings_number"":1,""legal_deliveries"":300,""runs"":303,""super_over"":false,""target_overs"":null,""target_runs"":null,""wickets"":9},{""batting_team"":""Australia"",""declared"":false,""forfeited"":false,""innings_number"":2,""legal_deliveries"":297,""runs"":304,""super_over"":false,""target_overs"":50,""target_runs"":304,""wickets"":6}]",OPPONENT_WIN,Australia,COMPLETED,Cricsheet,HISTORICAL_DATA
647255,ODI,2013-10-23,2013/14,2013,JSCA International Stadium Complex,Ranchi,,India,Australia,True,Australia,India,field,"[{""batting_team"":""Australia"",""declared"":false,""forfeited"":false,""innings_number"":1,""legal_deliveries"":300,""runs"":295,""super_over"":false,""target_overs"":null,""target_runs"":null,""wickets"":8},{""batting_team"":""India"",""declared"":false,""forfeited"":false,""innings_number"":2,""legal_deliveries"":25,""runs"":27,""super_over"":false,""target_overs"":50,""target_runs"":296,""wickets"":0}]",,,NO_RESULT,Cricsheet,HISTORICAL_DATA
647259,ODI,2013-10-30,2013/14,2013,"Vidarbha Cricket Association Stadium, Jamtha",Nagpur,,India,Australia,True,Australia,India,field,"[{""batting_team"":""Australia"",""declared"":false,""forfeited"":false,""innings_number"":1,""legal_deliveries"":300,""runs"":350,""super_over"":false,""target_overs"":null,""target_runs"":null,""wickets"":6},{""batting_team"":""India"",""declared"":false,""forfeited"":false,""innings_number"":2,""legal_deliveries"":297,""runs"":351,""super_over"":false,""target_overs"":50,""target_runs"":351,""wickets"":4}]",INDIA_WIN,India,COMPLETED,Cricsheet,HISTORICAL_DATA
647261,ODI,2013-11-02,2013/14,2013,M Chinnaswamy Stadium,Bangalore,,India,Australia,True,Australia,Australia,field,"[{""batting_team"":""India"",""declared"":false,""forfeited"":false,""innings_number"":1,""legal_deliveries"":300,""runs"":383,""super_over"":false,""target_overs"":null,""target_runs"":null,""wickets"":6},{""batting_team"":""Australia"",""declared"":false,""forfeited"":false,""innings_number"":2,""legal_deliveries"":271,""runs"":326,""super_over"":false,""target_overs"":50,""target_runs"":384,""wickets"":10}]",INDIA_WIN,India,COMPLETED,Cricsheet,HISTORICAL_DATA
676525,TEST,2013-11-06,2013/14,2013,Eden Gardens,Kolkata,,India,West Indies,True,West Indies,West Indies,bat,"[{""batting_team"":""West Indies"",""declared"":false,""forfeited"":false,""innings_number"":1,""legal_deliveries"":468,""runs"":234,""super_over"":false,""target_overs"":null,""target_runs"":null,""wickets"":10},{""batting_team"":""India"",""declared"":false,""forfeited"":false,""innings_number"":2,""legal_deliveries"":778,""runs"":453,""super_over"":false,""target_overs"":null,""target_runs"":null,""wickets"":10},{""batting_team"":""West Indies"",""declared"":false,""forfeited"":false,""innings_number"":3,""legal_deliveries"":325,""runs"":168,""super_over"":false,""target_overs"":null,""target_runs"":null,""wickets"":10}]",INDIA_WIN,India,COMPLETED,Cricsheet,HISTORICAL_DATA
676527,TEST,2013-11-14,2013/14,2013,Wankhede Stadium,Mumbai,,India,West Indies,True,West Indies,India,field,"[{""batting_team"":""West Indies"",""declared"":false,""forfeited"":false,""innings_number"":1,""legal_deliveries"":332,""runs"":182,""super_over"":false,""target_overs"":null,""target_runs"":null,""wickets"":10},{""batting_team"":""India"",""declared"":false,""forfeited"":false,""innings_number"":2,""legal_deliveries"":648,""runs"":495,""super_over"":false,""target_overs"":null,""target_runs"":null,""wickets"":10},{""batting_team"":""West Indies"",""declared"":false,""forfeited"":false,""innings_number"":3,""legal_deliveries"":282,""runs"":187,""super_over"":false,""target_overs"":null,""target_runs"":null,""wickets"":10}]",INDIA_WIN,India,COMPLETED,Cricsheet,HISTORICAL_DATA
676529,ODI,2013-11-21,2013/14,2013,Nehru Stadium,Kochi,,India,West Indies,True,West Indies,West Indies,bat,"[{""batting_team"":""West Indies"",""declared"":false,""forfeited"":false,""innings_number"":1,""legal_deliveries"":293,""runs"":211,""super_over"":false,""target_overs"":null,""target_runs"":null,""wickets"":10},{""batting_team"":""India"",""declared"":false,""forfeited"":false,""innings_number"":2,""legal_deliveries"":212,""runs"":212,""super_over"":false,""target_overs"":50,""target_runs"":212,""wickets"":4}]",INDIA_WIN,India,COMPLETED,Cricsheet,HISTORICAL_DATA
676531,ODI,2013-11-24,2013/14,2013,Dr. Y.S. Rajasekhara Reddy ACA-VDCA Cricket Stadium,Visakhapatnam,,India,West Indies,True,West Indies,West Indies,field,"[{""batting_team"":""India"",""declared"":false,""forfeited"":false,""innings_number"":1,""legal_deliveries"":300,""runs"":288,""super_over"":false,""target_overs"":null,""target_runs"":null,""wickets"":7},{""batting_team"":""West Indies"",""declared"":false,""forfeited"":false,""innings_number"":2,""legal_deliveries"":297,""runs"":289,""super_over"":false,""target_overs"":50,""target_runs"":289,""wickets"":8}]",OPPONENT_WIN,West Indies,COMPLETED,Cricsheet,HISTORICAL_DATA
676533,ODI,2013-11-27,2013/14,2013,Green Park,Kanpur,,India,West Indies,True,West Indies,India,field,"[{""batting_team"":""West Indies"",""declared"":false,""forfeited"":false,""innings_number"":1,""legal_deliveries"":300,""runs"":263,""super_over"":false,""target_overs"":null,""target_runs"":null,""wickets"":5},{""batting_team"":""India"",""declared"":false,""forfeited"":false,""innings_number"":2,""legal_deliveries"":277,""runs"":266,""super_over"":false,""target_overs"":50,""target_runs"":264,""wickets"":5}]",INDIA_WIN,India,COMPLETED,Cricsheet,HISTORICAL_DATA
648651,ODI,2013-12-05,2013/14,2013,New Wanderers Stadium,Johannesburg,,South Africa,India,True,South Africa,India,field,"[{""batting_team"":""South Africa"",""declared"":false,""forfeited"":false,""innings_number"":1,""legal_deliveries"":300,""runs"":358,""super_over"":false,""target_overs"":null,""target_runs"":null,""wickets"":4},{""batting_team"":""India"",""declared"":false,""forfeited"":false,""innings_number"":2,""legal_deliveries"":246,""runs"":217,""super_over"":false,""target_overs"":50,""target_runs"":359,""wickets"":10}]",OPPONENT_WIN,South Africa,COMPLETED,Cricsheet,HISTORICAL_DATA
648653,ODI,2013-12-08,2013/14,2013,Kingsmead,Durban,,South Africa,India,True,South Africa,India,field,"[{""batting_team"":""South Africa"",""declared"":false,""forfeited"":false,""innings_number"":1,""legal_deliveries"":294,""runs"":280,""super_over"":false,""target_overs"":null,""target_runs"":null,""wickets"":6},{""batting_team"":""India"",""declared"":false,""forfeited"":false,""innings_number"":2,""legal_deliveries"":211,""runs"":146,""super_over"":false,""target_overs"":49,""target_runs"":281,""wickets"":10}]",OPPONENT_WIN,South Africa,COMPLETED,Cricsheet,HISTORICAL_DATA
648655,ODI,2013-12-11,2013/14,2013,SuperSport Park,Centurion,,South Africa,India,True,South Africa,South Africa,bat,"[{""batting_team"":""South Africa"",""declared"":false,""forfeited"":false,""innings_number"":1,""legal_deliveries"":300,""runs"":301,""super_over"":false,""target_overs"":null,""target_runs"":null,""wickets"":8}]",,,NO_RESULT,Cricsheet,HISTORICAL_DATA
648665,TEST,2013-12-18,2013/14,2013,New Wanderers Stadium,Johannesburg,,South Africa,India,True,South Africa,India,bat,"[{""batting_team"":""India"",""declared"":false,""forfeited"":false,""innings_number"":1,""legal_deliveries"":618,""runs"":280,""super_over"":false,""target_overs"":null,""target_runs"":null,""wickets"":10},{""batting_team"":""South Africa"",""declared"":false,""forfeited"":false,""innings_number"":2,""legal_deliveries"":453,""runs"":244,""super_over"":false,""target_overs"":null,""target_runs"":null,""wickets"":10},{""batting_team"":""India"",""declared"":false,""forfeited"":false,""innings_number"":3,""legal_deliveries"":724,""runs"":421,""super_over"":false,""target_overs"":null,""target_runs"":null,""wickets"":10},{""batting_team"":""South Africa"",""declared"":false,""forfeited"":false,""innings_number"":4,""legal_deliveries"":816,""runs"":450,""super_over"":false,""target_overs"":null,""target_runs"":null,""wickets"":7}]",DRAW,,DRAWN,Cricsheet,HISTORICAL_DATA
648667,TEST,2013-12-26,2013/14,2013,Kingsmead,Durban,,South Africa,India,True,South Africa,India,bat,"[{""batting_team"":""India"",""declared"":false,""forfeited"":false,""innings_number"":1,""legal_deliveries"":669,""runs"":334,""super_over"":false,""target_overs"":null,""target_runs"":null,""wickets"":10},{""batting_team"":""South Africa"",""declared"":false,""forfeited"":false,""innings_number"":2,""legal_deliveries"":932,""runs"":500,""super_over"":false,""target_overs"":null,""target_runs"":null,""wickets"":10},{""batting_team"":""India"",""declared"":false,""forfeited"":false,""innings_number"":3,""legal_deliveries"":516,""runs"":223,""super_over"":false,""target_overs"":null,""target_runs"":null,""wickets"":10},{""batting_team"":""South Africa"",""declared"":false,""forfeited"":false,""innings_number"":4,""legal_deliveries"":70,""runs"":59,""super_over"":false,""target_overs"":null,""target_runs"":null,""wickets"":0}]",OPPONENT_WIN,South Africa,COMPLETED,Cricsheet,HISTORICAL_DATA
667641,ODI,2014-01-19,2013/14,2014,McLean Park,Napier,,New Zealand,India,True,New Zealand,India,field,"[{""batting_team"":""New Zealand"",""declared"":false,""forfeited"":false,""innings_number"":1,""legal_deliveries"":300,""runs"":292,""super_over"":false,""target_overs"":null,""target_runs"":null,""wickets"":7},{""batting_team"":""India"",""declared"":false,""forfeited"":false,""innings_number"":2,""legal_deliveries"":292,""runs"":268,""super_over"":false,""target_overs"":50,""target_runs"":293,""wickets"":10}]",OPPONENT_WIN,New Zealand,COMPLETED,Cricsheet,HISTORICAL_DATA
667643,ODI,2014-01-22,2013/14,2014,Seddon Park,Hamilton,,New Zealand,India,True,New Zealand,India,field,"[{""batting_team"":""New Zealand"",""declared"":false,""forfeited"":false,""innings_number"":1,""legal_deliveries"":252,""runs"":271,""super_over"":false,""target_overs"":null,""target_runs"":null,""wickets"":7},{""batting_team"":""India"",""declared"":false,""forfeited"":false,""innings_number"":2,""legal_deliveries"":249,""runs"":277,""super_over"":false,""target_overs"":41.3,""target_runs"":293,""wickets"":9}]",OPPONENT_WIN,New Zealand,COMPLETED,Cricsheet,HISTORICAL_DATA
667645,ODI,2014-01-25,2013/14,2014,Eden Park,Auckland,,New Zealand,India,True,New Zealand,India,field,"[{""batting_team"":""New Zealand"",""declared"":false,""forfeited"":false,""innings_number"":1,""legal_deliveries"":300,""runs"":314,""super_over"":false,""target_overs"":null,""target_runs"":null,""wickets"":10},{""batting_team"":""India"",""declared"":false,""forfeited"":false,""innings_number"":2,""legal_deliveries"":300,""runs"":314,""super_over"":false,""target_overs"":50,""target_runs"":315,""wickets"":9}]",,,TIED,Cricsheet,HISTORICAL_DATA
667647,ODI,2014-01-28,2013/14,2014,Seddon Park,Hamilton,,New Zealand,India,True,New Zealand,India,bat,"[{""batting_team"":""India"",""declared"":false,""forfeited"":false,""innings_number"":1,""legal_deliveries"":300,""runs"":278,""super_over"":false,""target_overs"":null,""target_runs"":null,""wickets"":5},{""batting_team"":""New Zealand"",""declared"":false,""forfeited"":false,""innings_number"":2,""legal_deliveries"":289,""runs"":280,""super_over"":false,""target_overs"":50,""target_runs"":279,""wickets"":3}]",OPPONENT_WIN,New Zealand,COMPLETED,Cricsheet,HISTORICAL_DATA
667649,ODI,2014-01-31,2013/14,2014,Westpac Stadium,Wellington,,New Zealand,India,True,New Zealand,India,field,"[{""batting_team"":""New Zealand"",""declared"":false,""forfeited"":false,""innings_number"":1,""legal_deliveries"":300,""runs"":303,""super_over"":false,""target_overs"":null,""target_runs"":null,""wickets"":5},{""batting_team"":""India"",""declared"":false,""forfeited"":false,""innings_number"":2,""legal_deliveries"":298,""runs"":216,""super_over"":false,""target_overs"":50,""target_runs"":304,""wickets"":10}]",OPPONENT_WIN,New Zealand,COMPLETED,Cricsheet,HISTORICAL_DATA
667651,TEST,2014-02-06,2013/14,2014,Eden Park,Auckland,,New Zealand,India,True,New Zealand,India,field,"[{""batting_team"":""New Zealand"",""declared"":false,""forfeited"":false,""innings_number"":1,""legal_deliveries"":730,""runs"":503,""super_over"":false,""target_overs"":null,""target_runs"":null,""wickets"":10},{""batting_team"":""India"",""declared"":false,""forfeited"":false,""innings_number"":2,""legal_deliveries"":360,""runs"":202,""super_over"":false,""target_overs"":null,""target_runs"":null,""wickets"":10},{""batting_team"":""New Zealand"",""declared"":false,""forfeited"":false,""innings_number"":3,""legal_deliveries"":248,""runs"":105,""super_over"":false,""target_overs"":null,""target_runs"":null,""wickets"":10},{""batting_team"":""India"",""declared"":false,""forfeited"":false,""innings_number"":4,""legal_deliveries"":579,""runs"":366,""super_over"":false,""target_overs"":null,""target_runs"":null,""wickets"":10}]",OPPONENT_WIN,New Zealand,COMPLETED,Cricsheet,HISTORICAL_DATA
667653,TEST,2014-02-14,2013/14,2014,Basin Reserve,Wellington,,New Zealand,India,True,New Zealand,India,field,"[{""batting_team"":""New Zealand"",""declared"":false,""forfeited"":false,""innings_number"":1,""legal_deliveries"":317,""runs"":192,""super_over"":false,""target_overs"":null,""target_runs"":null,""wickets"":10},{""batting_team"":""India"",""declared"":false,""forfeited"":false,""innings_number"":2,""legal_deliveries"":616,""runs"":438,""super_over"":false,""target_overs"":null,""target_runs"":null,""wickets"":10},{""batting_team"":""New Zealand"",""declared"":true,""forfeited"":false,""innings_number"":3,""legal_deliveries"":1260,""runs"":680,""super_over"":false,""target_overs"":null,""target_runs"":null,""wickets"":8},{""batting_team"":""India"",""declared"":false,""forfeited"":false,""innings_number"":4,""legal_deliveries"":312,""runs"":166,""super_over"":false,""target_overs"":null,""target_runs"":null,""wickets"":3}]",DRAW,,DRAWN,Cricsheet,HISTORICAL_DATA
710293,ODI,2014-02-26,2013/14,2014,Khan Shaheb Osman Ali Stadium,Fatullah,,Bangladesh,India,True,Bangladesh,India,field,"[{""batting_team"":""Bangladesh"",""declared"":false,""forfeited"":false,""innings_number"":1,""legal_deliveries"":300,""runs"":279,""super_over"":false,""target_overs"":null,""target_runs"":null,""wickets"":7},{""batting_team"":""India"",""declared"":false,""forfeited"":false,""innings_number"":2,""legal_deliveries"":294,""runs"":280,""super_over"":false,""target_overs"":50,""target_runs"":280,""wickets"":4}]",INDIA_WIN,India,COMPLETED,Cricsheet,HISTORICAL_DATA
710297,ODI,2014-02-28,2013/14,2014,Khan Shaheb Osman Ali Stadium,Fatullah,,India,Sri Lanka,True,Sri Lanka,Sri Lanka,field,"[{""batting_team"":""India"",""declared"":false,""forfeited"":false,""innings_number"":1,""legal_deliveries"":300,""runs"":264,""super_over"":false,""target_overs"":null,""target_runs"":null,""wickets"":9},{""batting_team"":""Sri Lanka"",""declared"":false,""forfeited"":false,""innings_number"":2,""legal_deliveries"":296,""runs"":265,""super_over"":false,""target_overs"":50,""target_runs"":265,""wickets"":8}]",OPPONENT_WIN,Sri Lanka,COMPLETED,Cricsheet,HISTORICAL_DATA
710301,ODI,2014-03-02,2013/14,2014,Shere Bangla National Stadium,Mirpur,,India,Pakistan,True,Pakistan,Pakistan,field,"[{""batting_team"":""India"",""declared"":false,""forfeited"":false,""innings_number"":1,""legal_deliveries"":300,""runs"":245,""super_over"":false,""target_overs"":null,""target_runs"":null,""wickets"":8},{""batting_team"":""Pakistan"",""declared"":false,""forfeited"":false,""innings_number"":2,""legal_deliveries"":298,""runs"":249,""super_over"":false,""target_overs"":50,""target_runs"":246,""wickets"":9}]",OPPONENT_WIN,Pakistan,COMPLETED,Cricsheet,HISTORICAL_DATA
682921,T20I,2014-03-21,2013/14,2014,Shere Bangla National Stadium,Mirpur,,India,Pakistan,True,Pakistan,India,field,"[{""batting_team"":""Pakistan"",""declared"":false,""forfeited"":false,""innings_number"":1,""legal_deliveries"":120,""runs"":130,""super_over"":false,""target_overs"":null,""target_runs"":null,""wickets"":7},{""batting_team"":""India"",""declared"":false,""forfeited"":false,""innings_number"":2,""legal_deliveries"":111,""runs"":131,""super_over"":false,""target_overs"":null,""target_runs"":null,""wickets"":3}]",INDIA_WIN,India,COMPLETED,Cricsheet,HISTORICAL_DATA
682929,T20I,2014-03-23,2013/14,2014,Shere Bangla National Stadium,Mirpur,,India,West Indies,True,West Indies,India,field,"[{""batting_team"":""West Indies"",""declared"":false,""forfeited"":false,""innings_number"":1,""legal_deliveries"":120,""runs"":129,""super_over"":false,""target_overs"":null,""target_runs"":null,""wickets"":7},{""batting_team"":""India"",""declared"":false,""forfeited"":false,""innings_number"":2,""legal_deliveries"":118,""runs"":130,""super_over"":false,""target_overs"":null,""target_runs"":null,""wickets"":3}]",INDIA_WIN,India,COMPLETED,Cricsheet,HISTORICAL_DATA
682943,T20I,2014-03-28,2013/14,2014,Shere Bangla National Stadium,Mirpur,,Bangladesh,India,True,Bangladesh,India,field,"[{""batting_team"":""Bangladesh"",""declared"":false,""forfeited"":false,""innings_number"":1,""legal_deliveries"":120,""runs"":138,""super_over"":false,""target_overs"":null,""target_runs"":null,""wickets"":7},{""batting_team"":""India"",""declared"":false,""forfeited"":false,""innings_number"":2,""legal_deliveries"":111,""runs"":141,""super_over"":false,""target_overs"":null,""target_runs"":null,""wickets"":2}]",INDIA_WIN,India,COMPLETED,Cricsheet,HISTORICAL_DATA
682951,T20I,2014-03-30,2013/14,2014,Shere Bangla National Stadium,Mirpur,,Australia,India,True,Australia,Australia,field,"[{""batting_team"":""India"",""declared"":false,""forfeited"":false,""innings_number"":1,""legal_deliveries"":120,""runs"":159,""super_over"":false,""target_overs"":null,""target_runs"":null,""wickets"":7},{""batting_team"":""Australia"",""declared"":false,""forfeited"":false,""innings_number"":2,""legal_deliveries"":98,""runs"":86,""super_over"":false,""target_overs"":null,""target_runs"":null,""wickets"":10}]",INDIA_WIN,India,COMPLETED,Cricsheet,HISTORICAL_DATA
682963,T20I,2014-04-04,2013/14,2014,Shere Bangla National Stadium,Mirpur,,India,South Africa,True,South Africa,South Africa,bat,"[{""batting_team"":""South Africa"",""declared"":false,""forfeited"":false,""innings_number"":1,""legal_deliveries"":120,""runs"":172,""super_over"":false,""target_overs"":null,""target_runs"":null,""wickets"":4},{""batting_team"":""India"",""declared"":false,""forfeited"":false,""innings_number"":2,""legal_deliveries"":115,""runs"":176,""super_over"":false,""target_overs"":20,""target_runs"":173,""wickets"":4}]",INDIA_WIN,India,COMPLETED,Cricsheet,HISTORICAL_DATA
682965,T20I,2014-04-06,2013/14,2014,Shere Bangla National Stadium,Mirpur,,India,Sri Lanka,True,Sri Lanka,Sri Lanka,field,"[{""batting_team"":""India"",""declared"":false,""forfeited"":false,""innings_number"":1,""legal_deliveries"":120,""runs"":130,""super_over"":false,""target_overs"":null,""target_runs"":null,""wickets"":4},{""batting_team"":""Sri Lanka"",""declared"":false,""forfeited"":false,""innings_number"":2,""legal_deliveries"":107,""runs"":134,""super_over"":false,""target_overs"":20,""target_runs"":131,""wickets"":4}]",OPPONENT_WIN,Sri Lanka,COMPLETED,Cricsheet,HISTORICAL_DATA
744679,ODI,2014-06-15,2014,2014,Shere Bangla National Stadium,Mirpur,,Bangladesh,India,True,Bangladesh,Bangladesh,bat,"[{""batting_team"":""Bangladesh"",""declared"":false,""forfeited"":false,""innings_number"":1,""legal_deliveries"":300,""runs"":272,""super_over"":false,""target_overs"":null,""target_runs"":null,""wickets"":9},{""batting_team"":""India"",""declared"":false,""forfeited"":false,""innings_number"":2,""legal_deliveries"":149,""runs"":153,""super_over"":false,""target_overs"":26,""target_runs"":150,""wickets"":3}]",INDIA_WIN,India,COMPLETED,Cricsheet,HISTORICAL_DATA
744681,ODI,2014-06-17,2014,2014,Shere Bangla National Stadium,Mirpur,,Bangladesh,India,True,Bangladesh,Bangladesh,field,"[{""batting_team"":""India"",""declared"":false,""forfeited"":false,""innings_number"":1,""legal_deliveries"":153,""runs"":105,""super_over"":false,""target_overs"":null,""target_runs"":null,""wickets"":10},{""batting_team"":""Bangladesh"",""declared"":false,""forfeited"":false,""innings_number"":2,""legal_deliveries"":106,""runs"":58,""super_over"":false,""target_overs"":41,""target_runs"":106,""wickets"":10}]",INDIA_WIN,India,COMPLETED,Cricsheet,HISTORICAL_DATA
744683,ODI,2014-06-19,2014,2014,Shere Bangla National Stadium,Mirpur,,Bangladesh,India,True,Bangladesh,India,bat,"[{""batting_team"":""India"",""declared"":false,""forfeited"":false,""innings_number"":1,""legal_deliveries"":206,""runs"":119,""super_over"":false,""target_overs"":null,""target_runs"":null,""wickets"":9}]",,,NO_RESULT,Cricsheet,HISTORICAL_DATA
667711,TEST,2014-07-09,2014,2014,Trent Bridge,Nottingham,,England,India,True,England,India,bat,"[{""batting_team"":""India"",""declared"":false,""forfeited"":false,""innings_number"":1,""legal_deliveries"":966,""runs"":457,""super_over"":false,""target_overs"":null,""target_runs"":null,""wickets"":10},{""batting_team"":""England"",""declared"":false,""forfeited"":false,""innings_number"":2,""legal_deliveries"":869,""runs"":496,""super_over"":false,""target_overs"":null,""target_runs"":null,""wickets"":10},{""batting_team"":""India"",""declared"":true,""forfeited"":false,""innings_number"":3,""legal_deliveries"":738,""runs"":391,""super_over"":false,""target_overs"":null,""target_runs"":null,""wickets"":9}]",DRAW,,DRAWN,Cricsheet,HISTORICAL_DATA
667713,TEST,2014-07-17,2014,2014,Lord's,London,,England,India,True,England,England,field,"[{""batting_team"":""India"",""declared"":false,""forfeited"":false,""innings_number"":1,""legal_deliveries"":550,""runs"":295,""super_over"":false,""target_overs"":null,""target_runs"":null,""wickets"":10},{""batting_team"":""England"",""declared"":false,""forfeited"":false,""innings_number"":2,""legal_deliveries"":635,""runs"":319,""super_over"":false,""target_overs"":null,""target_runs"":null,""wickets"":10},{""batting_team"":""India"",""declared"":false,""forfeited"":false,""innings_number"":3,""legal_deliveries"":619,""runs"":342,""super_over"":false,""target_overs"":null,""target_runs"":null,""wickets"":10},{""batting_team"":""England"",""declared"":false,""forfeited"":false,""innings_number"":4,""legal_deliveries"":530,""runs"":223,""super_over"":false,""target_overs"":null,""target_runs"":null,""wickets"":10}]",INDIA_WIN,India,COMPLETED,Cricsheet,HISTORICAL_DATA
667715,TEST,2014-07-27,2014,2014,The Rose Bowl,Southampton,,England,India,True,England,England,bat,"[{""batting_team"":""England"",""declared"":true,""forfeited"":false,""innings_number"":1,""legal_deliveries"":982,""runs"":569,""super_over"":false,""target_overs"":null,""target_runs"":null,""wickets"":7},{""batting_team"":""India"",""declared"":false,""forfeited"":false,""innings_number"":2,""legal_deliveries"":637,""runs"":330,""super_over"":false,""target_overs"":null,""target_runs"":null,""wickets"":10},{""batting_team"":""England"",""declared"":true,""forfeited"":false,""innings_number"":3,""legal_deliveries"":244,""runs"":205,""super_over"":false,""target_overs"":null,""target_runs"":null,""wickets"":4},{""batting_team"":""India"",""declared"":false,""forfeited"":false,""innings_number"":4,""legal_deliveries"":400,""runs"":178,""super_over"":false,""target_overs"":null,""target_runs"":null,""wickets"":10}]",OPPONENT_WIN,England,COMPLETED,Cricsheet,HISTORICAL_DATA
667717,TEST,2014-08-07,2014,2014,Old Trafford,Manchester,,England,India,True,England,India,bat,"[{""batting_team"":""India"",""declared"":false,""forfeited"":false,""innings_number"":1,""legal_deliveries"":280,""runs"":152,""super_over"":false,""target_overs"":null,""target_runs"":null,""wickets"":10},{""batting_team"":""England"",""declared"":false,""forfeited"":false,""innings_number"":2,""legal_deliveries"":633,""runs"":367,""super_over"":false,""target_overs"":null,""target_runs"":null,""wickets"":9},{""batting_team"":""India"",""declared"":false,""forfeited"":false,""innings_number"":3,""legal_deliveries"":258,""runs"":161,""super_over"":false,""target_overs"":null,""target_runs"":null,""wickets"":10}]",OPPONENT_WIN,England,COMPLETED,Cricsheet,HISTORICAL_DATA
667719,TEST,2014-08-15,2014,2014,Kennington Oval,London,,England,India,True,England,England,field,"[{""batting_team"":""India"",""declared"":false,""forfeited"":false,""innings_number"":1,""legal_deliveries"":367,""runs"":148,""super_over"":false,""target_overs"":null,""target_runs"":null,""wickets"":10},{""batting_team"":""England"",""declared"":false,""forfeited"":false,""innings_number"":2,""legal_deliveries"":699,""runs"":486,""super_over"":false,""target_overs"":null,""target_runs"":null,""wickets"":10},{""batting_team"":""India"",""declared"":false,""forfeited"":false,""innings_number"":3,""legal_deliveries"":176,""runs"":94,""super_over"":false,""target_overs"":null,""target_runs"":null,""wickets"":10}]",OPPONENT_WIN,England,COMPLETED,Cricsheet,HISTORICAL_DATA
667723,ODI,2014-08-27,2014,2014,Sophia Gardens,Cardiff,,England,India,True,England,England,field,"[{""batting_team"":""India"",""declared"":false,""forfeited"":false,""innings_number"":1,""legal_deliveries"":300,""runs"":304,""super_over"":false,""target_overs"":null,""target_runs"":null,""wickets"":6},{""batting_team"":""England"",""declared"":false,""forfeited"":false,""innings_number"":2,""legal_deliveries"":229,""runs"":161,""super_over"":false,""target_overs"":47,""target_runs"":295,""wickets"":10}]",INDIA_WIN,India,COMPLETED,Cricsheet,HISTORICAL_DATA
667725,ODI,2014-08-30,2014,2014,Trent Bridge,Nottingham,,England,India,True,England,India,field,"[{""batting_team"":""England"",""declared"":false,""forfeited"":false,""innings_number"":1,""legal_deliveries"":300,""runs"":227,""super_over"":false,""target_overs"":null,""target_runs"":null,""wickets"":10},{""batting_team"":""India"",""declared"":false,""forfeited"":false,""innings_number"":2,""legal_deliveries"":258,""runs"":228,""super_over"":false,""target_overs"":50,""target_runs"":228,""wickets"":4}]",INDIA_WIN,India,COMPLETED,Cricsheet,HISTORICAL_DATA
667727,ODI,2014-09-02,2014,2014,Edgbaston,Birmingham,,England,India,True,England,India,field,"[{""batting_team"":""England"",""declared"":false,""forfeited"":false,""innings_number"":1,""legal_deliveries"":297,""runs"":206,""super_over"":false,""target_overs"":null,""target_runs"":null,""wickets"":10},{""batting_team"":""India"",""declared"":false,""forfeited"":false,""innings_number"":2,""legal_deliveries"":183,""runs"":212,""super_over"":false,""target_overs"":50,""target_runs"":207,""wickets"":1}]",INDIA_WIN,India,COMPLETED,Cricsheet,HISTORICAL_DATA
667729,ODI,2014-09-05,2014,2014,Headingley,Leeds,,England,India,True,England,India,field,"[{""batting_team"":""England"",""declared"":false,""forfeited"":false,""innings_number"":1,""legal_deliveries"":300,""runs"":294,""super_over"":false,""target_overs"":null,""target_runs"":null,""wickets"":7},{""batting_team"":""India"",""declared"":false,""forfeited"":false,""innings_number"":2,""legal_deliveries"":292,""runs"":253,""super_over"":false,""target_overs"":50,""target_runs"":295,""wickets"":10}]",OPPONENT_WIN,England,COMPLETED,Cricsheet,HISTORICAL_DATA
667731,T20I,2014-09-07,2014,2014,Edgbaston,Birmingham,,England,India,True,England,England,bat,"[{""batting_team"":""England"",""declared"":false,""forfeited"":false,""innings_number"":1,""legal_deliveries"":120,""runs"":180,""super_over"":false,""target_overs"":null,""target_runs"":null,""wickets"":7},{""batting_team"":""India"",""declared"":false,""forfeited"":false,""innings_number"":2,""legal_deliveries"":120,""runs"":177,""super_over"":false,""target_overs"":20,""target_runs"":181,""wickets"":5}]",OPPONENT_WIN,England,COMPLETED,Cricsheet,HISTORICAL_DATA
770121,ODI,2014-10-08,2014/15,2014,Nehru Stadium,Kochi,,India,West Indies,True,West Indies,India,field,"[{""batting_team"":""West Indies"",""declared"":false,""forfeited"":false,""innings_number"":1,""legal_deliveries"":300,""runs"":321,""super_over"":false,""target_overs"":null,""target_runs"":null,""wickets"":6},{""batting_team"":""India"",""declared"":false,""forfeited"":false,""innings_number"":2,""legal_deliveries"":246,""runs"":197,""super_over"":false,""target_overs"":50,""target_runs"":322,""wickets"":10}]",OPPONENT_WIN,West Indies,COMPLETED,Cricsheet,HISTORICAL_DATA
770123,ODI,2014-10-11,2014/15,2014,Feroz Shah Kotla,Delhi,,India,West Indies,True,West Indies,India,bat,"[{""batting_team"":""India"",""declared"":false,""forfeited"":false,""innings_number"":1,""legal_deliveries"":300,""runs"":263,""super_over"":false,""target_overs"":null,""target_runs"":null,""wickets"":7},{""batting_team"":""West Indies"",""declared"":false,""forfeited"":false,""innings_number"":2,""legal_deliveries"":279,""runs"":215,""super_over"":false,""target_overs"":50,""target_runs"":264,""wickets"":10}]",INDIA_WIN,India,COMPLETED,Cricsheet,HISTORICAL_DATA
770127,ODI,2014-10-17,2014/15,2014,Himachal Pradesh Cricket Association Stadium,Dharmasala,,India,West Indies,True,West Indies,West Indies,field,"[{""batting_team"":""India"",""declared"":false,""forfeited"":false,""innings_number"":1,""legal_deliveries"":300,""runs"":330,""super_over"":false,""target_overs"":null,""target_runs"":null,""wickets"":6},{""batting_team"":""West Indies"",""declared"":false,""forfeited"":false,""innings_number"":2,""legal_deliveries"":289,""runs"":271,""super_over"":false,""target_overs"":50,""target_runs"":331,""wickets"":10}]",INDIA_WIN,India,COMPLETED,Cricsheet,HISTORICAL_DATA
792289,ODI,2014-11-02,2014/15,2014,Barabati Stadium,Cuttack,,India,Sri Lanka,True,Sri Lanka,Sri Lanka,field,"[{""batting_team"":""India"",""declared"":false,""forfeited"":false,""innings_number"":1,""legal_deliveries"":300,""runs"":363,""super_over"":false,""target_overs"":null,""target_runs"":null,""wickets"":5},{""batting_team"":""Sri Lanka"",""declared"":false,""forfeited"":false,""innings_number"":2,""legal_deliveries"":236,""runs"":194,""super_over"":false,""target_overs"":50,""target_runs"":364,""wickets"":10}]",INDIA_WIN,India,COMPLETED,Cricsheet,HISTORICAL_DATA
792291,ODI,2014-11-06,2014/15,2014,"Sardar Patel Stadium, Motera",Ahmedabad,,India,Sri Lanka,True,Sri Lanka,Sri Lanka,bat,"[{""batting_team"":""Sri Lanka"",""declared"":false,""forfeited"":false,""innings_number"":1,""legal_deliveries"":300,""runs"":274,""super_over"":false,""target_overs"":null,""target_runs"":null,""wickets"":8},{""batting_team"":""India"",""declared"":false,""forfeited"":false,""innings_number"":2,""legal_deliveries"":267,""runs"":275,""super_over"":false,""target_overs"":50,""target_runs"":275,""wickets"":4}]",INDIA_WIN,India,COMPLETED,Cricsheet,HISTORICAL_DATA
792293,ODI,2014-11-09,2014/15,2014,"Rajiv Gandhi International Stadium, Uppal",Hyderabad,,India,Sri Lanka,True,Sri Lanka,Sri Lanka,bat,"[{""batting_team"":""Sri Lanka"",""declared"":false,""forfeited"":false,""innings_number"":1,""legal_deliveries"":290,""runs"":242,""super_over"":false,""target_overs"":null,""target_runs"":null,""wickets"":10},{""batting_team"":""India"",""declared"":false,""forfeited"":false,""innings_number"":2,""legal_deliveries"":265,""runs"":245,""super_over"":false,""target_overs"":50,""target_runs"":243,""wickets"":4}]",INDIA_WIN,India,COMPLETED,Cricsheet,HISTORICAL_DATA
792295,ODI,2014-11-13,2014/15,2014,Eden Gardens,Kolkata,,India,Sri Lanka,True,Sri Lanka,India,bat,"[{""batting_team"":""India"",""declared"":false,""forfeited"":false,""innings_number"":1,""legal_deliveries"":300,""runs"":404,""super_over"":false,""target_overs"":null,""target_runs"":null,""wickets"":5},{""batting_team"":""Sri Lanka"",""declared"":false,""forfeited"":false,""innings_number"":2,""legal_deliveries"":259,""runs"":251,""super_over"":false,""target_overs"":50,""target_runs"":405,""wickets"":10}]",INDIA_WIN,India,COMPLETED,Cricsheet,HISTORICAL_DATA
792297,ODI,2014-11-16,2014/15,2014,JSCA International Stadium Complex,Ranchi,,India,Sri Lanka,True,Sri Lanka,Sri Lanka,bat,"[{""batting_team"":""Sri Lanka"",""declared"":false,""forfeited"":false,""innings_number"":1,""legal_deliveries"":300,""runs"":286,""super_over"":false,""target_overs"":null,""target_runs"":null,""wickets"":8},{""batting_team"":""India"",""declared"":false,""forfeited"":false,""innings_number"":2,""legal_deliveries"":292,""runs"":288,""super_over"":false,""target_overs"":50,""target_runs"":287,""wickets"":7}]",INDIA_WIN,India,COMPLETED,Cricsheet,HISTORICAL_DATA
754737,TEST,2014-12-09,2014/15,2014,Adelaide Oval,,,Australia,India,True,Australia,Australia,bat,"[{""batting_team"":""Australia"",""declared"":true,""forfeited"":false,""innings_number"":1,""legal_deliveries"":720,""runs"":517,""super_over"":false,""target_overs"":null,""target_runs"":null,""wickets"":7},{""batting_team"":""India"",""declared"":false,""forfeited"":false,""innings_number"":2,""legal_deliveries"":700,""runs"":444,""super_over"":false,""target_overs"":null,""target_runs"":null,""wickets"":10},{""batting_team"":""Australia"",""declared"":true,""forfeited"":false,""innings_number"":3,""legal_deliveries"":414,""runs"":290,""super_over"":false,""target_overs"":null,""target_runs"":null,""wickets"":5},{""batting_team"":""India"",""declared"":false,""forfeited"":false,""innings_number"":4,""legal_deliveries"":523,""runs"":315,""super_over"":false,""target_overs"":null,""target_runs"":null,""wickets"":10}]",OPPONENT_WIN,Australia,COMPLETED,Cricsheet,HISTORICAL_DATA
754739,TEST,2014-12-17,2014/15,2014,"Brisbane Cricket Ground, Woolloongabba",Brisbane,,Australia,India,True,Australia,India,bat,"[{""batting_team"":""India"",""declared"":false,""forfeited"":false,""innings_number"":1,""legal_deliveries"":658,""runs"":408,""super_over"":false,""target_overs"":null,""target_runs"":null,""wickets"":10},{""batting_team"":""Australia"",""declared"":false,""forfeited"":false,""innings_number"":2,""legal_deliveries"":658,""runs"":505,""super_over"":false,""target_overs"":null,""target_runs"":null,""wickets"":10},{""batting_team"":""India"",""declared"":false,""forfeited"":false,""innings_number"":3,""legal_deliveries"":387,""runs"":224,""super_over"":false,""target_overs"":null,""target_runs"":null,""wickets"":10},{""batting_team"":""Australia"",""declared"":false,""forfeited"":false,""innings_number"":4,""legal_deliveries"":139,""runs"":130,""super_over"":false,""target_overs"":null,""target_runs"":null,""wickets"":6}]",OPPONENT_WIN,Australia,COMPLETED,Cricsheet,HISTORICAL_DATA
754741,TEST,2014-12-26,2014/15,2014,Melbourne Cricket Ground,,,Australia,India,True,Australia,Australia,bat,"[{""batting_team"":""Australia"",""declared"":false,""forfeited"":false,""innings_number"":1,""legal_deliveries"":855,""runs"":530,""super_over"":false,""target_overs"":null,""target_runs"":null,""wickets"":10},{""batting_team"":""India"",""declared"":false,""forfeited"":false,""innings_number"":2,""legal_deliveries"":773,""runs"":465,""super_over"":false,""target_overs"":null,""target_runs"":null,""wickets"":10},{""batting_team"":""Australia"",""declared"":true,""forfeited"":false,""innings_number"":3,""legal_deliveries"":588,""runs"":318,""super_over"":false,""target_overs"":null,""target_runs"":null,""wickets"":9},{""batting_team"":""India"",""declared"":false,""forfeited"":false,""innings_number"":4,""legal_deliveries"":396,""runs"":174,""super_over"":false,""target_overs"":null,""target_runs"":null,""wickets"":6}]",DRAW,,DRAWN,Cricsheet,HISTORICAL_DATA
754743,TEST,2015-01-06,2014/15,2015,Sydney Cricket Ground,,,Australia,India,True,Australia,Australia,bat,"[{""batting_team"":""Australia"",""declared"":true,""forfeited"":false,""innings_number"":1,""legal_deliveries"":915,""runs"":572,""super_over"":false,""target_overs"":null,""target_runs"":null,""wickets"":7},{""batting_team"":""India"",""declared"":false,""forfeited"":false,""innings_number"":2,""legal_deliveries"":972,""runs"":475,""super_over"":false,""target_overs"":null,""target_runs"":null,""wickets"":10},{""batting_team"":""Australia"",""declared"":true,""forfeited"":false,""innings_number"":3,""legal_deliveries"":240,""runs"":251,""super_over"":false,""target_overs"":null,""target_runs"":null,""wickets"":6},{""batting_team"":""India"",""declared"":false,""forfeited"":false,""innings_number"":4,""legal_deliveries"":539,""runs"":252,""super_over"":false,""target_overs"":null,""target_runs"":null,""wickets"":7}]",DRAW,,DRAWN,Cricsheet,HISTORICAL_DATA
754749,ODI,2015-01-18,2014/15,2015,Melbourne Cricket Ground,,,Australia,India,True,Australia,India,bat,"[{""batting_team"":""India"",""declared"":false,""forfeited"":false,""innings_number"":1,""legal_deliveries"":300,""runs"":267,""super_over"":false,""target_overs"":null,""target_runs"":null,""wickets"":8},{""batting_team"":""Australia"",""declared"":false,""forfeited"":false,""innings_number"":2,""legal_deliveries"":294,""runs"":269,""super_over"":false,""target_overs"":50,""target_runs"":268,""wickets"":6}]",OPPONENT_WIN,Australia,COMPLETED,Cricsheet,HISTORICAL_DATA
754753,ODI,2015-01-20,2014/15,2015,"Brisbane Cricket Ground, Woolloongabba",Brisbane,,England,India,True,England,India,bat,"[{""batting_team"":""India"",""declared"":false,""forfeited"":false,""innings_number"":1,""legal_deliveries"":237,""runs"":153,""super_over"":false,""target_overs"":null,""target_runs"":null,""wickets"":10},{""batting_team"":""England"",""declared"":false,""forfeited"":false,""innings_number"":2,""legal_deliveries"":165,""runs"":156,""super_over"":false,""target_overs"":50,""target_runs"":154,""wickets"":1}]",OPPONENT_WIN,England,COMPLETED,Cricsheet,HISTORICAL_DATA
754757,ODI,2015-01-26,2014/15,2015,Sydney Cricket Ground,,,Australia,India,True,Australia,Australia,field,"[{""batting_team"":""India"",""declared"":false,""forfeited"":false,""innings_number"":1,""legal_deliveries"":96,""runs"":69,""super_over"":false,""target_overs"":null,""target_runs"":null,""wickets"":2}]",,,NO_RESULT,Cricsheet,HISTORICAL_DATA
754759,ODI,2015-01-30,2014/15,2015,Western Australia Cricket Association Ground,Perth,,England,India,True,England,England,field,"[{""batting_team"":""India"",""declared"":false,""forfeited"":false,""innings_number"":1,""legal_deliveries"":289,""runs"":200,""super_over"":false,""target_overs"":null,""target_runs"":null,""wickets"":10},{""batting_team"":""England"",""declared"":false,""forfeited"":false,""innings_number"":2,""legal_deliveries"":281,""runs"":201,""super_over"":false,""target_overs"":50,""target_runs"":201,""wickets"":7}]",OPPONENT_WIN,England,COMPLETED,Cricsheet,HISTORICAL_DATA
656405,ODI,2015-02-15,2014/15,2015,Adelaide Oval,,,India,Pakistan,True,Pakistan,India,bat,"[{""batting_team"":""India"",""declared"":false,""forfeited"":false,""innings_number"":1,""legal_deliveries"":300,""runs"":300,""super_over"":false,""target_overs"":null,""target_runs"":null,""wickets"":7},{""batting_team"":""Pakistan"",""declared"":false,""forfeited"":false,""innings_number"":2,""legal_deliveries"":282,""runs"":224,""super_over"":false,""target_overs"":50,""target_runs"":301,""wickets"":10}]",INDIA_WIN,India,COMPLETED,Cricsheet,HISTORICAL_DATA
656423,ODI,2015-02-22,2014/15,2015,Melbourne Cricket Ground,,,India,South Africa,True,South Africa,India,bat,"[{""batting_team"":""India"",""declared"":false,""forfeited"":false,""innings_number"":1,""legal_deliveries"":300,""runs"":307,""super_over"":false,""target_overs"":null,""target_runs"":null,""wickets"":7},{""batting_team"":""South Africa"",""declared"":false,""forfeited"":false,""innings_number"":2,""legal_deliveries"":242,""runs"":177,""super_over"":false,""target_overs"":50,""target_runs"":308,""wickets"":10}]",INDIA_WIN,India,COMPLETED,Cricsheet,HISTORICAL_DATA
656439,ODI,2015-02-28,2014/15,2015,Western Australia Cricket Association Ground,Perth,,India,United Arab Emirates,True,United Arab Emirates,United Arab Emirates,bat,"[{""batting_team"":""United Arab Emirates"",""declared"":false,""forfeited"":false,""innings_number"":1,""legal_deliveries"":189,""runs"":102,""super_over"":false,""target_overs"":null,""target_runs"":null,""wickets"":10},{""batting_team"":""India"",""declared"":false,""forfeited"":false,""innings_number"":2,""legal_deliveries"":113,""runs"":104,""super_over"":false,""target_overs"":50,""target_runs"":103,""wickets"":1}]",INDIA_WIN,India,COMPLETED,Cricsheet,HISTORICAL_DATA
656453,ODI,2015-03-06,2014/15,2015,Western Australia Cricket Association Ground,Perth,,India,West Indies,True,West Indies,West Indies,bat,"[{""batting_team"":""West Indies"",""declared"":false,""forfeited"":false,""innings_number"":1,""legal_deliveries"":266,""runs"":182,""super_over"":false,""target_overs"":null,""target_runs"":null,""wickets"":10},{""batting_team"":""India"",""declared"":false,""forfeited"":false,""innings_number"":2,""legal_deliveries"":235,""runs"":185,""super_over"":false,""target_overs"":50,""target_runs"":183,""wickets"":6}]",INDIA_WIN,India,COMPLETED,Cricsheet,HISTORICAL_DATA
656465,ODI,2015-03-10,2014/15,2015,Seddon Park,Hamilton,,India,Ireland,True,Ireland,Ireland,bat,"[{""batting_team"":""Ireland"",""declared"":false,""forfeited"":false,""innings_number"":1,""legal_deliveries"":294,""runs"":259,""super_over"":false,""target_overs"":null,""target_runs"":null,""wickets"":10},{""batting_team"":""India"",""declared"":false,""forfeited"":false,""innings_number"":2,""legal_deliveries"":221,""runs"":260,""super_over"":false,""target_overs"":50,""target_runs"":260,""wickets"":2}]",INDIA_WIN,India,COMPLETED,Cricsheet,HISTORICAL_DATA
656475,ODI,2015-03-14,2014/15,2015,Eden Park,Auckland,,India,Zimbabwe,True,Zimbabwe,India,field,"[{""batting_team"":""Zimbabwe"",""declared"":false,""forfeited"":false,""innings_number"":1,""legal_deliveries"":293,""runs"":287,""super_over"":false,""target_overs"":null,""target_runs"":null,""wickets"":10},{""batting_team"":""India"",""declared"":false,""forfeited"":false,""innings_number"":2,""legal_deliveries"":292,""runs"":288,""super_over"":false,""target_overs"":50,""target_runs"":288,""wickets"":4}]",INDIA_WIN,India,COMPLETED,Cricsheet,HISTORICAL_DATA
656485,ODI,2015-03-19,2014/15,2015,Melbourne Cricket Ground,,,Bangladesh,India,True,Bangladesh,India,bat,"[{""batting_team"":""India"",""declared"":false,""forfeited"":false,""innings_number"":1,""legal_deliveries"":300,""runs"":302,""super_over"":false,""target_overs"":null,""target_runs"":null,""wickets"":6},{""batting_team"":""Bangladesh"",""declared"":false,""forfeited"":false,""innings_number"":2,""legal_deliveries"":270,""runs"":193,""super_over"":false,""target_overs"":50,""target_runs"":303,""wickets"":10}]",INDIA_WIN,India,COMPLETED,Cricsheet,HISTORICAL_DATA
656493,ODI,2015-03-26,2014/15,2015,Sydney Cricket Ground,,,Australia,India,True,Australia,Australia,bat,"[{""batting_team"":""Australia"",""declared"":false,""forfeited"":false,""innings_number"":1,""legal_deliveries"":300,""runs"":328,""super_over"":false,""target_overs"":null,""target_runs"":null,""wickets"":7},{""batting_team"":""India"",""declared"":false,""forfeited"":false,""innings_number"":2,""legal_deliveries"":281,""runs"":233,""super_over"":false,""target_overs"":50,""target_runs"":329,""wickets"":10}]",OPPONENT_WIN,Australia,COMPLETED,Cricsheet,HISTORICAL_DATA
870729,TEST,2015-06-10,2015,2015,Khan Shaheb Osman Ali Stadium,Fatullah,,Bangladesh,India,True,Bangladesh,India,bat,"[{""batting_team"":""India"",""declared"":true,""forfeited"":false,""innings_number"":1,""legal_deliveries"":621,""runs"":462,""super_over"":false,""target_overs"":null,""target_runs"":null,""wickets"":6},{""batting_team"":""Bangladesh"",""declared"":false,""forfeited"":false,""innings_number"":2,""legal_deliveries"":395,""runs"":256,""super_over"":false,""target_overs"":null,""target_runs"":null,""wickets"":10},{""batting_team"":""Bangladesh"",""declared"":false,""forfeited"":false,""innings_number"":3,""legal_deliveries"":90,""runs"":23,""super_over"":false,""target_overs"":null,""target_runs"":null,""wickets"":0}]",DRAW,,DRAWN,Cricsheet,HISTORICAL_DATA
870731,ODI,2015-06-18,2015,2015,Shere Bangla National Stadium,Mirpur,,Bangladesh,India,True,Bangladesh,Bangladesh,bat,"[{""batting_team"":""Bangladesh"",""declared"":false,""forfeited"":false,""innings_number"":1,""legal_deliveries"":298,""runs"":307,""super_over"":false,""target_overs"":null,""target_runs"":null,""wickets"":10},{""batting_team"":""India"",""declared"":false,""forfeited"":false,""innings_number"":2,""legal_deliveries"":276,""runs"":228,""super_over"":false,""target_overs"":50,""target_runs"":308,""wickets"":10}]",OPPONENT_WIN,Bangladesh,COMPLETED,Cricsheet,HISTORICAL_DATA
870733,ODI,2015-06-21,2015,2015,Shere Bangla National Stadium,Mirpur,,Bangladesh,India,True,Bangladesh,India,bat,"[{""batting_team"":""India"",""declared"":false,""forfeited"":false,""innings_number"":1,""legal_deliveries"":270,""runs"":200,""super_over"":false,""target_overs"":null,""target_runs"":null,""wickets"":10},{""batting_team"":""Bangladesh"",""declared"":false,""forfeited"":false,""innings_number"":2,""legal_deliveries"":228,""runs"":200,""super_over"":false,""target_overs"":47,""target_runs"":200,""wickets"":4}]",OPPONENT_WIN,Bangladesh,COMPLETED,Cricsheet,HISTORICAL_DATA
870735,ODI,2015-06-24,2015,2015,Shere Bangla National Stadium,Mirpur,,Bangladesh,India,True,Bangladesh,Bangladesh,field,"[{""batting_team"":""India"",""declared"":false,""forfeited"":false,""innings_number"":1,""legal_deliveries"":300,""runs"":317,""super_over"":false,""target_overs"":null,""target_runs"":null,""wickets"":6},{""batting_team"":""Bangladesh"",""declared"":false,""forfeited"":false,""innings_number"":2,""legal_deliveries"":282,""runs"":240,""super_over"":false,""target_overs"":50,""target_runs"":318,""wickets"":10}]",INDIA_WIN,India,COMPLETED,Cricsheet,HISTORICAL_DATA
885959,ODI,2015-07-10,2015,2015,Harare Sports Club,,,Zimbabwe,India,True,Zimbabwe,Zimbabwe,field,"[{""batting_team"":""India"",""declared"":false,""forfeited"":false,""innings_number"":1,""legal_deliveries"":300,""runs"":255,""super_over"":false,""target_overs"":null,""target_runs"":null,""wickets"":6},{""batting_team"":""Zimbabwe"",""declared"":false,""forfeited"":false,""innings_number"":2,""legal_deliveries"":300,""runs"":251,""super_over"":false,""target_overs"":50,""target_runs"":256,""wickets"":7}]",INDIA_WIN,India,COMPLETED,Cricsheet,HISTORICAL_DATA
885965,ODI,2015-07-12,2015,2015,Harare Sports Club,,,Zimbabwe,India,True,Zimbabwe,Zimbabwe,field,"[{""batting_team"":""India"",""declared"":false,""forfeited"":false,""innings_number"":1,""legal_deliveries"":300,""runs"":271,""super_over"":false,""target_overs"":null,""target_runs"":null,""wickets"":8},{""batting_team"":""Zimbabwe"",""declared"":false,""forfeited"":false,""innings_number"":2,""legal_deliveries"":294,""runs"":209,""super_over"":false,""target_overs"":50,""target_runs"":272,""wickets"":10}]",INDIA_WIN,India,COMPLETED,Cricsheet,HISTORICAL_DATA
885967,ODI,2015-07-14,2015,2015,Harare Sports Club,,,Zimbabwe,India,True,Zimbabwe,Zimbabwe,field,"[{""batting_team"":""India"",""declared"":false,""forfeited"":false,""innings_number"":1,""legal_deliveries"":300,""runs"":276,""super_over"":false,""target_overs"":null,""target_runs"":null,""wickets"":5},{""batting_team"":""Zimbabwe"",""declared"":false,""forfeited"":false,""innings_number"":2,""legal_deliveries"":256,""runs"":193,""super_over"":false,""target_overs"":50,""target_runs"":277,""wickets"":10}]",INDIA_WIN,India,COMPLETED,Cricsheet,HISTORICAL_DATA
885969,T20I,2015-07-17,2015,2015,Harare Sports Club,,,Zimbabwe,India,True,Zimbabwe,India,bat,"[{""batting_team"":""India"",""declared"":false,""forfeited"":false,""innings_number"":1,""legal_deliveries"":120,""runs"":178,""super_over"":false,""target_overs"":null,""target_runs"":null,""wickets"":5},{""batting_team"":""Zimbabwe"",""declared"":false,""forfeited"":false,""innings_number"":2,""legal_deliveries"":120,""runs"":124,""super_over"":false,""target_overs"":20,""target_runs"":179,""wickets"":7}]",INDIA_WIN,India,COMPLETED,Cricsheet,HISTORICAL_DATA
885971,T20I,2015-07-19,2015,2015,Harare Sports Club,,,Zimbabwe,India,True,Zimbabwe,Zimbabwe,bat,"[{""batting_team"":""Zimbabwe"",""declared"":false,""forfeited"":false,""innings_number"":1,""legal_deliveries"":120,""runs"":145,""super_over"":false,""target_overs"":null,""target_runs"":null,""wickets"":7},{""batting_team"":""India"",""declared"":false,""forfeited"":false,""innings_number"":2,""legal_deliveries"":120,""runs"":135,""super_over"":false,""target_overs"":20,""target_runs"":146,""wickets"":9}]",OPPONENT_WIN,Zimbabwe,COMPLETED,Cricsheet,HISTORICAL_DATA
895773,TEST,2015-08-12,2015,2015,Galle International Stadium,,,Sri Lanka,India,True,Sri Lanka,Sri Lanka,bat,"[{""batting_team"":""Sri Lanka"",""declared"":false,""forfeited"":false,""innings_number"":1,""legal_deliveries"":298,""runs"":183,""super_over"":false,""target_overs"":null,""target_runs"":null,""wickets"":10},{""batting_team"":""India"",""declared"":false,""forfeited"":false,""innings_number"":2,""legal_deliveries"":707,""runs"":375,""super_over"":false,""target_overs"":null,""target_runs"":null,""wickets"":10},{""batting_team"":""Sri Lanka"",""declared"":false,""forfeited"":false,""innings_number"":3,""legal_deliveries"":494,""runs"":367,""super_over"":false,""target_overs"":null,""target_runs"":null,""wickets"":10},{""batting_team"":""India"",""declared"":false,""forfeited"":false,""innings_number"":4,""legal_deliveries"":299,""runs"":112,""super_over"":false,""target_overs"":null,""target_runs"":null,""wickets"":10}]",OPPONENT_WIN,Sri Lanka,COMPLETED,Cricsheet,HISTORICAL_DATA
895775,TEST,2015-08-20,2015,2015,P Sara Oval,Colombo,,Sri Lanka,India,True,Sri Lanka,India,bat,"[{""batting_team"":""India"",""declared"":false,""forfeited"":false,""innings_number"":1,""legal_deliveries"":684,""runs"":393,""super_over"":false,""target_overs"":null,""target_runs"":null,""wickets"":10},{""batting_team"":""Sri Lanka"",""declared"":false,""forfeited"":false,""innings_number"":2,""legal_deliveries"":648,""runs"":306,""super_over"":false,""target_overs"":null,""target_runs"":null,""wickets"":10},{""batting_team"":""India"",""declared"":true,""forfeited"":false,""innings_number"":3,""legal_deliveries"":546,""runs"":325,""super_over"":false,""target_overs"":null,""target_runs"":null,""wickets"":8},{""batting_team"":""Sri Lanka"",""declared"":false,""forfeited"":false,""innings_number"":4,""legal_deliveries"":262,""runs"":134,""super_over"":false,""target_overs"":null,""target_runs"":null,""wickets"":10}]",INDIA_WIN,India,COMPLETED,Cricsheet,HISTORICAL_DATA
895777,TEST,2015-08-28,2015,2015,Sinhalese Sports Club Ground,Colombo,,Sri Lanka,India,True,Sri Lanka,Sri Lanka,field,"[{""batting_team"":""India"",""declared"":false,""forfeited"":false,""innings_number"":1,""legal_deliveries"":601,""runs"":312,""super_over"":false,""target_overs"":null,""target_runs"":null,""wickets"":10},{""batting_team"":""Sri Lanka"",""declared"":false,""forfeited"":false,""innings_number"":2,""legal_deliveries"":314,""runs"":201,""super_over"":false,""target_overs"":null,""target_runs"":null,""wickets"":10},{""batting_team"":""India"",""declared"":false,""forfeited"":false,""innings_number"":3,""legal_deliveries"":456,""runs"":274,""super_over"":false,""target_overs"":null,""target_runs"":null,""wickets"":10},{""batting_team"":""Sri Lanka"",""declared"":false,""forfeited"":false,""innings_number"":4,""legal_deliveries"":510,""runs"":268,""super_over"":false,""target_overs"":null,""target_runs"":null,""wickets"":10}]",INDIA_WIN,India,COMPLETED,Cricsheet,HISTORICAL_DATA
903587,T20I,2015-10-02,2015/16,2015,Himachal Pradesh Cricket Association Stadium,Dharmasala,,India,South Africa,True,South Africa,South Africa,field,"[{""batting_team"":""India"",""declared"":false,""forfeited"":false,""innings_number"":1,""legal_deliveries"":120,""runs"":199,""super_over"":false,""target_overs"":null,""target_runs"":null,""wickets"":5},{""batting_team"":""South Africa"",""declared"":false,""forfeited"":false,""innings_number"":2,""legal_deliveries"":118,""runs"":200,""super_over"":false,""target_overs"":20,""target_runs"":200,""wickets"":3}]",OPPONENT_WIN,South Africa,COMPLETED,Cricsheet,HISTORICAL_DATA
903589,T20I,2015-10-05,2015/16,2015,Barabati Stadium,Cuttack,,India,South Africa,True,South Africa,South Africa,field,"[{""batting_team"":""India"",""declared"":false,""forfeited"":false,""innings_number"":1,""legal_deliveries"":104,""runs"":92,""super_over"":false,""target_overs"":null,""target_runs"":null,""wickets"":10},{""batting_team"":""South Africa"",""declared"":false,""forfeited"":false,""innings_number"":2,""legal_deliveries"":103,""runs"":96,""super_over"":false,""target_overs"":20,""target_runs"":93,""wickets"":4}]",OPPONENT_WIN,South Africa,COMPLETED,Cricsheet,HISTORICAL_DATA
903593,ODI,2015-10-11,2015/16,2015,Green Park,Kanpur,,India,South Africa,True,South Africa,South Africa,bat,"[{""batting_team"":""South Africa"",""declared"":false,""forfeited"":false,""innings_number"":1,""legal_deliveries"":300,""runs"":303,""super_over"":false,""target_overs"":null,""target_runs"":null,""wickets"":5},{""batting_team"":""India"",""declared"":false,""forfeited"":false,""innings_number"":2,""legal_deliveries"":300,""runs"":298,""super_over"":false,""target_overs"":50,""target_runs"":304,""wickets"":7}]",OPPONENT_WIN,South Africa,COMPLETED,Cricsheet,HISTORICAL_DATA
903595,ODI,2015-10-14,2015/16,2015,Holkar Cricket Stadium,Indore,,India,South Africa,True,South Africa,India,bat,"[{""batting_team"":""India"",""declared"":false,""forfeited"":false,""innings_number"":1,""legal_deliveries"":300,""runs"":247,""super_over"":false,""target_overs"":null,""target_runs"":null,""wickets"":9},{""batting_team"":""South Africa"",""declared"":false,""forfeited"":false,""innings_number"":2,""legal_deliveries"":262,""runs"":225,""super_over"":false,""target_overs"":50,""target_runs"":248,""wickets"":10}]",INDIA_WIN,India,COMPLETED,Cricsheet,HISTORICAL_DATA
903597,ODI,2015-10-18,2015/16,2015,Saurashtra Cricket Association Stadium,Rajkot,,India,South Africa,True,South Africa,South Africa,bat,"[{""batting_team"":""South Africa"",""declared"":false,""forfeited"":false,""innings_number"":1,""legal_deliveries"":300,""runs"":270,""super_over"":false,""target_overs"":null,""target_runs"":null,""wickets"":7},{""batting_team"":""India"",""declared"":false,""forfeited"":false,""innings_number"":2,""legal_deliveries"":300,""runs"":252,""super_over"":false,""target_overs"":50,""target_runs"":271,""wickets"":6}]",OPPONENT_WIN,South Africa,COMPLETED,Cricsheet,HISTORICAL_DATA
903599,ODI,2015-10-22,2015/16,2015,"MA Chidambaram Stadium, Chepauk",Chennai,,India,South Africa,True,South Africa,India,bat,"[{""batting_team"":""India"",""declared"":false,""forfeited"":false,""innings_number"":1,""legal_deliveries"":300,""runs"":299,""super_over"":false,""target_overs"":null,""target_runs"":null,""wickets"":8},{""batting_team"":""South Africa"",""declared"":false,""forfeited"":false,""innings_number"":2,""legal_deliveries"":300,""runs"":264,""super_over"":false,""target_overs"":50,""target_runs"":300,""wickets"":9}]",INDIA_WIN,India,COMPLETED,Cricsheet,HISTORICAL_DATA
903601,ODI,2015-10-25,2015/16,2015,Wankhede Stadium,Mumbai,,India,South Africa,True,South Africa,South Africa,bat,"[{""batting_team"":""South Africa"",""declared"":false,""forfeited"":false,""innings_number"":1,""legal_deliveries"":300,""runs"":438,""super_over"":false,""target_overs"":null,""target_runs"":null,""wickets"":4},{""batting_team"":""India"",""declared"":false,""forfeited"":false,""innings_number"":2,""legal_deliveries"":216,""runs"":224,""super_over"":false,""target_overs"":50,""target_runs"":439,""wickets"":10}]",OPPONENT_WIN,South Africa,COMPLETED,Cricsheet,HISTORICAL_DATA
903603,TEST,2015-11-05,2015/16,2015,"Punjab Cricket Association Stadium, Mohali",Chandigarh,,India,South Africa,True,South Africa,India,bat,"[{""batting_team"":""India"",""declared"":false,""forfeited"":false,""innings_number"":1,""legal_deliveries"":408,""runs"":201,""super_over"":false,""target_overs"":null,""target_runs"":null,""wickets"":10},{""batting_team"":""South Africa"",""declared"":false,""forfeited"":false,""innings_number"":2,""legal_deliveries"":408,""runs"":184,""super_over"":false,""target_overs"":null,""target_runs"":null,""wickets"":10},{""batting_team"":""India"",""declared"":false,""forfeited"":false,""innings_number"":3,""legal_deliveries"":453,""runs"":200,""super_over"":false,""target_overs"":null,""target_runs"":null,""wickets"":10},{""batting_team"":""South Africa"",""declared"":false,""forfeited"":false,""innings_number"":4,""legal_deliveries"":239,""runs"":109,""super_over"":false,""target_overs"":null,""target_runs"":null,""wickets"":10}]",INDIA_WIN,India,COMPLETED,Cricsheet,HISTORICAL_DATA
903605,TEST,2015-11-14,2015/16,2015,M Chinnaswamy Stadium,Bangalore,,India,South Africa,True,South Africa,India,field,"[{""batting_team"":""South Africa"",""declared"":false,""forfeited"":false,""innings_number"":1,""legal_deliveries"":354,""runs"":214,""super_over"":false,""target_overs"":null,""target_runs"":null,""wickets"":10},{""batting_team"":""India"",""declared"":false,""forfeited"":false,""innings_number"":2,""legal_deliveries"":132,""runs"":80,""super_over"":false,""target_overs"":null,""target_runs"":null,""wickets"":0}]",DRAW,,DRAWN,Cricsheet,HISTORICAL_DATA
903607,TEST,2015-11-25,2015/16,2015,"Vidarbha Cricket Association Stadium, Jamtha",Nagpur,,India,South Africa,True,South Africa,India,bat,"[{""batting_team"":""India"",""declared"":false,""forfeited"":false,""innings_number"":1,""legal_deliveries"":470,""runs"":215,""super_over"":false,""target_overs"":null,""target_runs"":null,""wickets"":10},{""batting_team"":""South Africa"",""declared"":false,""forfeited"":false,""innings_number"":2,""legal_deliveries"":199,""runs"":79,""super_over"":false,""target_overs"":null,""target_runs"":null,""wickets"":10},{""batting_team"":""India"",""declared"":false,""forfeited"":false,""innings_number"":3,""legal_deliveries"":279,""runs"":173,""super_over"":false,""target_overs"":null,""target_runs"":null,""wickets"":10},{""batting_team"":""South Africa"",""declared"":false,""forfeited"":false,""innings_number"":4,""legal_deliveries"":539,""runs"":185,""super_over"":false,""target_overs"":null,""target_runs"":null,""wickets"":10}]",INDIA_WIN,India,COMPLETED,Cricsheet,HISTORICAL_DATA
903609,TEST,2015-12-03,2015/16,2015,Feroz Shah Kotla,Delhi,,India,South Africa,True,South Africa,India,bat,"[{""batting_team"":""India"",""declared"":false,""forfeited"":false,""innings_number"":1,""legal_deliveries"":707,""runs"":334,""super_over"":false,""target_overs"":null,""target_runs"":null,""wickets"":10},{""batting_team"":""South Africa"",""declared"":false,""forfeited"":false,""innings_number"":2,""legal_deliveries"":297,""runs"":121,""super_over"":false,""target_overs"":null,""target_runs"":null,""wickets"":10},{""batting_team"":""India"",""declared"":true,""forfeited"":false,""innings_number"":3,""legal_deliveries"":601,""runs"":267,""super_over"":false,""target_overs"":null,""target_runs"":null,""wickets"":5},{""batting_team"":""South Africa"",""declared"":false,""forfeited"":false,""innings_number"":4,""legal_deliveries"":859,""runs"":143,""super_over"":false,""target_overs"":null,""target_runs"":null,""wickets"":10}]",INDIA_WIN,India,COMPLETED,Cricsheet,HISTORICAL_DATA
895807,ODI,2016-01-12,2015/16,2016,Western Australia Cricket Association Ground,Perth,,Australia,India,True,Australia,India,bat,"[{""batting_team"":""India"",""declared"":false,""forfeited"":false,""innings_number"":1,""legal_deliveries"":300,""runs"":309,""super_over"":false,""target_overs"":null,""target_runs"":null,""wickets"":3},{""batting_team"":""Australia"",""declared"":false,""forfeited"":false,""innings_number"":2,""legal_deliveries"":296,""runs"":310,""super_over"":false,""target_overs"":50,""target_runs"":310,""wickets"":5}]",OPPONENT_WIN,Australia,COMPLETED,Cricsheet,HISTORICAL_DATA
895809,ODI,2016-01-15,2015/16,2016,"Brisbane Cricket Ground, Woolloongabba",Brisbane,,Australia,India,True,Australia,India,bat,"[{""batting_team"":""India"",""declared"":false,""forfeited"":false,""innings_number"":1,""legal_deliveries"":300,""runs"":308,""super_over"":false,""target_overs"":null,""target_runs"":null,""wickets"":8},{""batting_team"":""Australia"",""declared"":false,""forfeited"":false,""innings_number"":2,""legal_deliveries"":294,""runs"":309,""super_over"":false,""target_overs"":50,""target_runs"":309,""wickets"":3}]",OPPONENT_WIN,Australia,COMPLETED,Cricsheet,HISTORICAL_DATA
895811,ODI,2016-01-17,2015/16,2016,Melbourne Cricket Ground,,,Australia,India,True,Australia,Australia,field,"[{""batting_team"":""India"",""declared"":false,""forfeited"":false,""innings_number"":1,""legal_deliveries"":300,""runs"":295,""super_over"":false,""target_overs"":null,""target_runs"":null,""wickets"":6},{""batting_team"":""Australia"",""declared"":false,""forfeited"":false,""innings_number"":2,""legal_deliveries"":293,""runs"":296,""super_over"":false,""target_overs"":50,""target_runs"":296,""wickets"":7}]",OPPONENT_WIN,Australia,COMPLETED,Cricsheet,HISTORICAL_DATA
895813,ODI,2016-01-20,2015/16,2016,Manuka Oval,Canberra,,Australia,India,True,Australia,Australia,bat,"[{""batting_team"":""Australia"",""declared"":false,""forfeited"":false,""innings_number"":1,""legal_deliveries"":300,""runs"":348,""super_over"":false,""target_overs"":null,""target_runs"":null,""wickets"":8},{""batting_team"":""India"",""declared"":false,""forfeited"":false,""innings_number"":2,""legal_deliveries"":296,""runs"":323,""super_over"":false,""target_overs"":50,""target_runs"":349,""wickets"":10}]",OPPONENT_WIN,Australia,COMPLETED,Cricsheet,HISTORICAL_DATA
895815,ODI,2016-01-23,2015/16,2016,Sydney Cricket Ground,,,Australia,India,True,Australia,India,field,"[{""batting_team"":""Australia"",""declared"":false,""forfeited"":false,""innings_number"":1,""legal_deliveries"":300,""runs"":330,""super_over"":false,""target_overs"":null,""target_runs"":null,""wickets"":7},{""batting_team"":""India"",""declared"":false,""forfeited"":false,""innings_number"":2,""legal_deliveries"":298,""runs"":331,""super_over"":false,""target_overs"":50,""target_runs"":331,""wickets"":4}]",INDIA_WIN,India,COMPLETED,Cricsheet,HISTORICAL_DATA
895817,T20I,2016-01-26,2015/16,2016,Adelaide Oval,,,Australia,India,True,Australia,Australia,field,"[{""batting_team"":""India"",""declared"":false,""forfeited"":false,""innings_number"":1,""legal_deliveries"":120,""runs"":188,""super_over"":false,""target_overs"":null,""target_runs"":null,""wickets"":3},{""batting_team"":""Australia"",""declared"":false,""forfeited"":false,""innings_number"":2,""legal_deliveries"":117,""runs"":151,""super_over"":false,""target_overs"":20,""target_runs"":189,""wickets"":10}]",INDIA_WIN,India,COMPLETED,Cricsheet,HISTORICAL_DATA
895819,T20I,2016-01-29,2015/16,2016,Melbourne Cricket Ground,,,Australia,India,True,Australia,Australia,field,"[{""batting_team"":""India"",""declared"":false,""forfeited"":false,""innings_number"":1,""legal_deliveries"":120,""runs"":184,""super_over"":false,""target_overs"":null,""target_runs"":null,""wickets"":3},{""batting_team"":""Australia"",""declared"":false,""forfeited"":false,""innings_number"":2,""legal_deliveries"":120,""runs"":157,""super_over"":false,""target_overs"":20,""target_runs"":185,""wickets"":8}]",INDIA_WIN,India,COMPLETED,Cricsheet,HISTORICAL_DATA
895821,T20I,2016-01-31,2015/16,2016,Sydney Cricket Ground,,,Australia,India,True,Australia,Australia,bat,"[{""batting_team"":""Australia"",""declared"":false,""forfeited"":false,""innings_number"":1,""legal_deliveries"":120,""runs"":197,""super_over"":false,""target_overs"":null,""target_runs"":null,""wickets"":5},{""batting_team"":""India"",""declared"":false,""forfeited"":false,""innings_number"":2,""legal_deliveries"":120,""runs"":200,""super_over"":false,""target_overs"":20,""target_runs"":198,""wickets"":3}]",INDIA_WIN,India,COMPLETED,Cricsheet,HISTORICAL_DATA
963697,T20I,2016-02-09,2015/16,2016,Maharashtra Cricket Association Stadium,Pune,,India,Sri Lanka,True,Sri Lanka,Sri Lanka,field,"[{""batting_team"":""India"",""declared"":false,""forfeited"":false,""innings_number"":1,""legal_deliveries"":113,""runs"":101,""super_over"":false,""target_overs"":null,""target_runs"":null,""wickets"":10},{""batting_team"":""Sri Lanka"",""declared"":false,""forfeited"":false,""innings_number"":2,""legal_deliveries"":108,""runs"":105,""super_over"":false,""target_overs"":20,""target_runs"":102,""wickets"":5}]",OPPONENT_WIN,Sri Lanka,COMPLETED,Cricsheet,HISTORICAL_DATA
963699,T20I,2016-02-12,2015/16,2016,JSCA International Stadium Complex,Ranchi,,India,Sri Lanka,True,Sri Lanka,Sri Lanka,field,"[{""batting_team"":""India"",""declared"":false,""forfeited"":false,""innings_number"":1,""legal_deliveries"":120,""runs"":196,""super_over"":false,""target_overs"":null,""target_runs"":null,""wickets"":6},{""batting_team"":""Sri Lanka"",""declared"":false,""forfeited"":false,""innings_number"":2,""legal_deliveries"":120,""runs"":127,""super_over"":false,""target_overs"":20,""target_runs"":197,""wickets"":9}]",INDIA_WIN,India,COMPLETED,Cricsheet,HISTORICAL_DATA
963701,T20I,2016-02-14,2015/16,2016,Dr. Y.S. Rajasekhara Reddy ACA-VDCA Cricket Stadium,Visakhapatnam,,India,Sri Lanka,True,Sri Lanka,India,field,"[{""batting_team"":""Sri Lanka"",""declared"":false,""forfeited"":false,""innings_number"":1,""legal_deliveries"":108,""runs"":82,""super_over"":false,""target_overs"":null,""target_runs"":null,""wickets"":10},{""batting_team"":""India"",""declared"":false,""forfeited"":false,""innings_number"":2,""legal_deliveries"":83,""runs"":84,""super_over"":false,""target_overs"":20,""target_runs"":83,""wickets"":1}]",INDIA_WIN,India,COMPLETED,Cricsheet,HISTORICAL_DATA
966745,T20I,2016-02-24,2015/16,2016,Shere Bangla National Stadium,Dhaka,,India,Bangladesh,True,Bangladesh,Bangladesh,field,"[{""batting_team"":""India"",""declared"":false,""forfeited"":false,""innings_number"":1,""legal_deliveries"":120,""runs"":166,""super_over"":false,""target_overs"":null,""target_runs"":null,""wickets"":6},{""batting_team"":""Bangladesh"",""declared"":false,""forfeited"":false,""innings_number"":2,""legal_deliveries"":120,""runs"":121,""super_over"":false,""target_overs"":20,""target_runs"":167,""wickets"":7}]",INDIA_WIN,India,COMPLETED,Cricsheet,HISTORICAL_DATA
966751,T20I,2016-02-27,2015/16,2016,Shere Bangla National Stadium,Mirpur,,India,Pakistan,True,Pakistan,India,field,"[{""batting_team"":""Pakistan"",""declared"":false,""forfeited"":false,""innings_number"":1,""legal_deliveries"":105,""runs"":83,""super_over"":false,""target_overs"":null,""target_runs"":null,""wickets"":10},{""batting_team"":""India"",""declared"":false,""forfeited"":false,""innings_number"":2,""legal_deliveries"":93,""runs"":85,""super_over"":false,""target_overs"":20,""target_runs"":84,""wickets"":5}]",INDIA_WIN,India,COMPLETED,Cricsheet,HISTORICAL_DATA
966757,T20I,2016-03-01,2015/16,2016,Shere Bangla National Stadium,Mirpur,,India,Sri Lanka,True,Sri Lanka,India,field,"[{""batting_team"":""Sri Lanka"",""declared"":false,""forfeited"":false,""innings_number"":1,""legal_deliveries"":120,""runs"":138,""super_over"":false,""target_overs"":null,""target_runs"":null,""wickets"":9},{""batting_team"":""India"",""declared"":false,""forfeited"":false,""innings_number"":2,""legal_deliveries"":116,""runs"":142,""super_over"":false,""target_overs"":20,""target_runs"":139,""wickets"":5}]",INDIA_WIN,India,COMPLETED,Cricsheet,HISTORICAL_DATA
966761,T20I,2016-03-03,2015/16,2016,Shere Bangla National Stadium,Mirpur,,India,United Arab Emirates,True,United Arab Emirates,United Arab Emirates,bat,"[{""batting_team"":""United Arab Emirates"",""declared"":false,""forfeited"":false,""innings_number"":1,""legal_deliveries"":120,""runs"":81,""super_over"":false,""target_overs"":null,""target_runs"":null,""wickets"":9},{""batting_team"":""India"",""declared"":false,""forfeited"":false,""innings_number"":2,""legal_deliveries"":61,""runs"":82,""super_over"":false,""target_overs"":20,""target_runs"":82,""wickets"":1}]",INDIA_WIN,India,COMPLETED,Cricsheet,HISTORICAL_DATA
966765,T20I,2016-03-06,2015/16,2016,Shere Bangla National Stadium,Mirpur,,Bangladesh,India,True,Bangladesh,India,field,"[{""batting_team"":""Bangladesh"",""declared"":false,""forfeited"":false,""innings_number"":1,""legal_deliveries"":90,""runs"":120,""super_over"":false,""target_overs"":null,""target_runs"":null,""wickets"":5},{""batting_team"":""India"",""declared"":false,""forfeited"":false,""innings_number"":2,""legal_deliveries"":83,""runs"":122,""super_over"":false,""target_overs"":15,""target_runs"":121,""wickets"":2}]",INDIA_WIN,India,COMPLETED,Cricsheet,HISTORICAL_DATA
951329,T20I,2016-03-15,2015/16,2016,"Vidarbha Cricket Association Stadium, Jamtha",Nagpur,,India,New Zealand,True,New Zealand,New Zealand,bat,"[{""batting_team"":""New Zealand"",""declared"":false,""forfeited"":false,""innings_number"":1,""legal_deliveries"":120,""runs"":126,""super_over"":false,""target_overs"":null,""target_runs"":null,""wickets"":7},{""batting_team"":""India"",""declared"":false,""forfeited"":false,""innings_number"":2,""legal_deliveries"":109,""runs"":79,""super_over"":false,""target_overs"":20,""target_runs"":127,""wickets"":10}]",OPPONENT_WIN,New Zealand,COMPLETED,Cricsheet,HISTORICAL_DATA
951341,T20I,2016-03-19,2015/16,2016,Eden Gardens,Kolkata,,India,Pakistan,True,Pakistan,India,field,"[{""batting_team"":""Pakistan"",""declared"":false,""forfeited"":false,""innings_number"":1,""legal_deliveries"":108,""runs"":118,""super_over"":false,""target_overs"":null,""target_runs"":null,""wickets"":5},{""batting_team"":""India"",""declared"":false,""forfeited"":false,""innings_number"":2,""legal_deliveries"":95,""runs"":119,""super_over"":false,""target_overs"":18,""target_runs"":119,""wickets"":4}]",INDIA_WIN,India,COMPLETED,Cricsheet,HISTORICAL_DATA
951353,T20I,2016-03-23,2015/16,2016,M Chinnaswamy Stadium,Bangalore,,India,Bangladesh,True,Bangladesh,Bangladesh,field,"[{""batting_team"":""India"",""declared"":false,""forfeited"":false,""innings_number"":1,""legal_deliveries"":120,""runs"":146,""super_over"":false,""target_overs"":null,""target_runs"":null,""wickets"":7},{""batting_team"":""Bangladesh"",""declared"":false,""forfeited"":false,""innings_number"":2,""legal_deliveries"":120,""runs"":145,""super_over"":false,""target_overs"":20,""target_runs"":147,""wickets"":9}]",INDIA_WIN,India,COMPLETED,Cricsheet,HISTORICAL_DATA
951363,T20I,2016-03-27,2015/16,2016,"Punjab Cricket Association IS Bindra Stadium, Mohali",Chandigarh,,India,Australia,True,Australia,Australia,bat,"[{""batting_team"":""Australia"",""declared"":false,""forfeited"":false,""innings_number"":1,""legal_deliveries"":120,""runs"":160,""super_over"":false,""target_overs"":null,""target_runs"":null,""wickets"":6},{""batting_team"":""India"",""declared"":false,""forfeited"":false,""innings_number"":2,""legal_deliveries"":115,""runs"":161,""super_over"":false,""target_overs"":20,""target_runs"":161,""wickets"":4}]",INDIA_WIN,India,COMPLETED,Cricsheet,HISTORICAL_DATA
951371,T20I,2016-03-31,2015/16,2016,Wankhede Stadium,Mumbai,,India,West Indies,True,West Indies,West Indies,field,"[{""batting_team"":""India"",""declared"":false,""forfeited"":false,""innings_number"":1,""legal_deliveries"":120,""runs"":192,""super_over"":false,""target_overs"":null,""target_runs"":null,""wickets"":2},{""batting_team"":""West Indies"",""declared"":false,""forfeited"":false,""innings_number"":2,""legal_deliveries"":118,""runs"":196,""super_over"":false,""target_overs"":20,""target_runs"":193,""wickets"":3}]",OPPONENT_WIN,West Indies,COMPLETED,Cricsheet,HISTORICAL_DATA
1007649,ODI,2016-06-11,2016,2016,Harare Sports Club,,,Zimbabwe,India,True,Zimbabwe,India,field,"[{""batting_team"":""Zimbabwe"",""declared"":false,""forfeited"":false,""innings_number"":1,""legal_deliveries"":299,""runs"":168,""super_over"":false,""target_overs"":null,""target_runs"":null,""wickets"":10},{""batting_team"":""India"",""declared"":false,""forfeited"":false,""innings_number"":2,""legal_deliveries"":255,""runs"":173,""super_over"":false,""target_overs"":50,""target_runs"":169,""wickets"":1}]",INDIA_WIN,India,COMPLETED,Cricsheet,HISTORICAL_DATA
1007651,ODI,2016-06-13,2016,2016,Harare Sports Club,,,Zimbabwe,India,True,Zimbabwe,India,field,"[{""batting_team"":""Zimbabwe"",""declared"":false,""forfeited"":false,""innings_number"":1,""legal_deliveries"":207,""runs"":126,""super_over"":false,""target_overs"":null,""target_runs"":null,""wickets"":9},{""batting_team"":""India"",""declared"":false,""forfeited"":false,""innings_number"":2,""legal_deliveries"":161,""runs"":129,""super_over"":false,""target_overs"":50,""target_runs"":127,""wickets"":2}]",INDIA_WIN,India,COMPLETED,Cricsheet,HISTORICAL_DATA
1007653,ODI,2016-06-15,2016,2016,Harare Sports Club,,,Zimbabwe,India,True,Zimbabwe,Zimbabwe,bat,"[{""batting_team"":""Zimbabwe"",""declared"":false,""forfeited"":false,""innings_number"":1,""legal_deliveries"":254,""runs"":123,""super_over"":false,""target_overs"":null,""target_runs"":null,""wickets"":10},{""batting_team"":""India"",""declared"":false,""forfeited"":false,""innings_number"":2,""legal_deliveries"":131,""runs"":126,""super_over"":false,""target_overs"":50,""target_runs"":124,""wickets"":0}]",INDIA_WIN,India,COMPLETED,Cricsheet,HISTORICAL_DATA
1007655,T20I,2016-06-18,2016,2016,Harare Sports Club,,,Zimbabwe,India,True,Zimbabwe,India,field,"[{""batting_team"":""Zimbabwe"",""declared"":false,""forfeited"":false,""innings_number"":1,""legal_deliveries"":120,""runs"":170,""super_over"":false,""target_overs"":null,""target_runs"":null,""wickets"":6},{""batting_team"":""India"",""declared"":false,""forfeited"":false,""innings_number"":2,""legal_deliveries"":120,""runs"":168,""super_over"":false,""target_overs"":20,""target_runs"":171,""wickets"":6}]",OPPONENT_WIN,Zimbabwe,COMPLETED,Cricsheet,HISTORICAL_DATA
1007657,T20I,2016-06-20,2016,2016,Harare Sports Club,,,Zimbabwe,India,True,Zimbabwe,Zimbabwe,bat,"[{""batting_team"":""Zimbabwe"",""declared"":false,""forfeited"":false,""innings_number"":1,""legal_deliveries"":120,""runs"":99,""super_over"":false,""target_overs"":null,""target_runs"":null,""wickets"":9},{""batting_team"":""India"",""declared"":false,""forfeited"":false,""innings_number"":2,""legal_deliveries"":79,""runs"":103,""super_over"":false,""target_overs"":20,""target_runs"":100,""wickets"":0}]",INDIA_WIN,India,COMPLETED,Cricsheet,HISTORICAL_DATA
1007659,T20I,2016-06-22,2016,2016,Harare Sports Club,,,Zimbabwe,India,True,Zimbabwe,Zimbabwe,field,"[{""batting_team"":""India"",""declared"":false,""forfeited"":false,""innings_number"":1,""legal_deliveries"":120,""runs"":138,""super_over"":false,""target_overs"":null,""target_runs"":null,""wickets"":6},{""batting_team"":""Zimbabwe"",""declared"":false,""forfeited"":false,""innings_number"":2,""legal_deliveries"":120,""runs"":135,""super_over"":false,""target_overs"":20,""target_runs"":139,""wickets"":6}]",INDIA_WIN,India,COMPLETED,Cricsheet,HISTORICAL_DATA
1022593,TEST,2016-07-21,2016,2016,"Sir Vivian Richards Stadium, North Sound",Antigua,,West Indies,India,True,West Indies,India,bat,"[{""batting_team"":""India"",""declared"":true,""forfeited"":false,""innings_number"":1,""legal_deliveries"":971,""runs"":566,""super_over"":false,""target_overs"":null,""target_runs"":null,""wickets"":8},{""batting_team"":""West Indies"",""declared"":false,""forfeited"":false,""innings_number"":2,""legal_deliveries"":542,""runs"":243,""super_over"":false,""target_overs"":null,""target_runs"":null,""wickets"":10},{""batting_team"":""West Indies"",""declared"":false,""forfeited"":false,""innings_number"":3,""legal_deliveries"":468,""runs"":231,""super_over"":false,""target_overs"":null,""target_runs"":null,""wickets"":10}]",INDIA_WIN,India,COMPLETED,Cricsheet,HISTORICAL_DATA
1022595,TEST,2016-07-30,2016,2016,"Sabina Park, Kingston",Jamaica,,West Indies,India,True,West Indies,West Indies,bat,"[{""batting_team"":""West Indies"",""declared"":false,""forfeited"":false,""innings_number"":1,""legal_deliveries"":315,""runs"":196,""super_over"":false,""target_overs"":null,""target_runs"":null,""wickets"":10},{""batting_team"":""India"",""declared"":true,""forfeited"":false,""innings_number"":2,""legal_deliveries"":1027,""runs"":500,""super_over"":false,""target_overs"":null,""target_runs"":null,""wickets"":9},{""batting_team"":""West Indies"",""declared"":false,""forfeited"":false,""innings_number"":3,""legal_deliveries"":624,""runs"":388,""super_over"":false,""target_overs"":null,""target_runs"":null,""wickets"":6}]",DRAW,,DRAWN,Cricsheet,HISTORICAL_DATA
1022597,TEST,2016-08-09,2016,2016,"Darren Sammy National Cricket Stadium, Gros Islet",St Lucia,,West Indies,India,True,West Indies,West Indies,field,"[{""batting_team"":""India"",""declared"":false,""forfeited"":false,""innings_number"":1,""legal_deliveries"":778,""runs"":353,""super_over"":false,""target_overs"":null,""target_runs"":null,""wickets"":10},{""batting_team"":""West Indies"",""declared"":false,""forfeited"":false,""innings_number"":2,""legal_deliveries"":622,""runs"":225,""super_over"":false,""target_overs"":null,""target_runs"":null,""wickets"":10},{""batting_team"":""India"",""declared"":true,""forfeited"":false,""innings_number"":3,""legal_deliveries"":288,""runs"":217,""super_over"":false,""target_overs"":null,""target_runs"":null,""wickets"":7},{""batting_team"":""West Indies"",""declared"":false,""forfeited"":false,""innings_number"":4,""legal_deliveries"":285,""runs"":108,""super_over"":false,""target_overs"":null,""target_runs"":null,""wickets"":10}]",INDIA_WIN,India,COMPLETED,Cricsheet,HISTORICAL_DATA
1022599,TEST,2016-08-18,2016,2016,"Queen's Park Oval, Port of Spain",Trinidad,,West Indies,India,True,West Indies,West Indies,bat,"[{""batting_team"":""West Indies"",""declared"":false,""forfeited"":false,""innings_number"":1,""legal_deliveries"":132,""runs"":62,""super_over"":false,""target_overs"":null,""target_runs"":null,""wickets"":2}]",DRAW,,DRAWN,Cricsheet,HISTORICAL_DATA
1041615,T20I,2016-08-27,2016,2016,Central Broward Regional Park Stadium Turf Ground,Lauderhill,,India,West Indies,True,West Indies,India,field,"[{""batting_team"":""West Indies"",""declared"":false,""forfeited"":false,""innings_number"":1,""legal_deliveries"":120,""runs"":245,""super_over"":false,""target_overs"":null,""target_runs"":null,""wickets"":6},{""batting_team"":""India"",""declared"":false,""forfeited"":false,""innings_number"":2,""legal_deliveries"":120,""runs"":244,""super_over"":false,""target_overs"":20,""target_runs"":246,""wickets"":4}]",OPPONENT_WIN,West Indies,COMPLETED,Cricsheet,HISTORICAL_DATA
1041617,T20I,2016-08-28,2016,2016,Central Broward Regional Park Stadium Turf Ground,Lauderhill,,India,West Indies,True,West Indies,India,field,"[{""batting_team"":""West Indies"",""declared"":false,""forfeited"":false,""innings_number"":1,""legal_deliveries"":118,""runs"":143,""super_over"":false,""target_overs"":null,""target_runs"":null,""wickets"":10},{""batting_team"":""India"",""declared"":false,""forfeited"":false,""innings_number"":2,""legal_deliveries"":12,""runs"":15,""super_over"":false,""target_overs"":20,""target_runs"":144,""wickets"":0}]",,,NO_RESULT,Cricsheet,HISTORICAL_DATA
1030213,TEST,2016-09-22,2016/17,2016,Green Park,Kanpur,,India,New Zealand,True,New Zealand,India,bat,"[{""batting_team"":""India"",""declared"":false,""forfeited"":false,""innings_number"":1,""legal_deliveries"":582,""runs"":318,""super_over"":false,""target_overs"":null,""target_runs"":null,""wickets"":10},{""batting_team"":""New Zealand"",""declared"":false,""forfeited"":false,""innings_number"":2,""legal_deliveries"":575,""runs"":262,""super_over"":false,""target_overs"":null,""target_runs"":null,""wickets"":10},{""batting_team"":""India"",""declared"":true,""forfeited"":false,""innings_number"":3,""legal_deliveries"":644,""runs"":377,""super_over"":false,""target_overs"":null,""target_runs"":null,""wickets"":5},{""batting_team"":""New Zealand"",""declared"":false,""forfeited"":false,""innings_number"":4,""legal_deliveries"":525,""runs"":236,""super_over"":false,""target_overs"":null,""target_runs"":null,""wickets"":10}]",INDIA_WIN,India,COMPLETED,Cricsheet,HISTORICAL_DATA
1030215,TEST,2016-09-30,2016/17,2016,Eden Gardens,Kolkata,,India,New Zealand,True,New Zealand,India,bat,"[{""batting_team"":""India"",""declared"":false,""forfeited"":false,""innings_number"":1,""legal_deliveries"":629,""runs"":316,""super_over"":false,""target_overs"":null,""target_runs"":null,""wickets"":10},{""batting_team"":""New Zealand"",""declared"":false,""forfeited"":false,""innings_number"":2,""legal_deliveries"":318,""runs"":204,""super_over"":false,""target_overs"":null,""target_runs"":null,""wickets"":10},{""batting_team"":""India"",""declared"":false,""forfeited"":false,""innings_number"":3,""legal_deliveries"":461,""runs"":263,""super_over"":false,""target_overs"":null,""target_runs"":null,""wickets"":10},{""batting_team"":""New Zealand"",""declared"":false,""forfeited"":false,""innings_number"":4,""legal_deliveries"":487,""runs"":197,""super_over"":false,""target_overs"":null,""target_runs"":null,""wickets"":10}]",INDIA_WIN,India,COMPLETED,Cricsheet,HISTORICAL_DATA
1030217,TEST,2016-10-08,2016/17,2016,Holkar Cricket Stadium,Indore,,India,New Zealand,True,New Zealand,India,bat,"[{""batting_team"":""India"",""declared"":true,""forfeited"":false,""innings_number"":1,""legal_deliveries"":1014,""runs"":557,""super_over"":false,""target_overs"":null,""target_runs"":null,""wickets"":5},{""batting_team"":""New Zealand"",""declared"":false,""forfeited"":false,""innings_number"":2,""legal_deliveries"":542,""runs"":299,""super_over"":false,""target_overs"":null,""target_runs"":null,""wickets"":10},{""batting_team"":""India"",""declared"":true,""forfeited"":false,""innings_number"":3,""legal_deliveries"":294,""runs"":216,""super_over"":false,""target_overs"":null,""target_runs"":null,""wickets"":3},{""batting_team"":""New Zealand"",""declared"":false,""forfeited"":false,""innings_number"":4,""legal_deliveries"":269,""runs"":153,""super_over"":false,""target_overs"":null,""target_runs"":null,""wickets"":10}]",INDIA_WIN,India,COMPLETED,Cricsheet,HISTORICAL_DATA
1030219,ODI,2016-10-16,2016/17,2016,Himachal Pradesh Cricket Association Stadium,Dharmasala,,India,New Zealand,True,New Zealand,India,field,"[{""batting_team"":""New Zealand"",""declared"":false,""forfeited"":false,""innings_number"":1,""legal_deliveries"":263,""runs"":190,""super_over"":false,""target_overs"":null,""target_runs"":null,""wickets"":10},{""batting_team"":""India"",""declared"":false,""forfeited"":false,""innings_number"":2,""legal_deliveries"":199,""runs"":194,""super_over"":false,""target_overs"":50,""target_runs"":191,""wickets"":4}]",INDIA_WIN,India,COMPLETED,Cricsheet,HISTORICAL_DATA
1030221,ODI,2016-10-20,2016/17,2016,Feroz Shah Kotla,Delhi,,India,New Zealand,True,New Zealand,India,field,"[{""batting_team"":""New Zealand"",""declared"":false,""forfeited"":false,""innings_number"":1,""legal_deliveries"":300,""runs"":242,""super_over"":false,""target_overs"":null,""target_runs"":null,""wickets"":9},{""batting_team"":""India"",""declared"":false,""forfeited"":false,""innings_number"":2,""legal_deliveries"":297,""runs"":236,""super_over"":false,""target_overs"":50,""target_runs"":243,""wickets"":10}]",OPPONENT_WIN,New Zealand,COMPLETED,Cricsheet,HISTORICAL_DATA
1030223,ODI,2016-10-23,2016/17,2016,"Punjab Cricket Association Stadium, Mohali",Chandigarh,,India,New Zealand,True,New Zealand,India,field,"[{""batting_team"":""New Zealand"",""declared"":false,""forfeited"":false,""innings_number"":1,""legal_deliveries"":298,""runs"":285,""super_over"":false,""target_overs"":null,""target_runs"":null,""wickets"":10},{""batting_team"":""India"",""declared"":false,""forfeited"":false,""innings_number"":2,""legal_deliveries"":290,""runs"":289,""super_over"":false,""target_overs"":50,""target_runs"":286,""wickets"":3}]",INDIA_WIN,India,COMPLETED,Cricsheet,HISTORICAL_DATA
1030225,ODI,2016-10-26,2016/17,2016,JSCA International Stadium Complex,Ranchi,,India,New Zealand,True,New Zealand,New Zealand,bat,"[{""batting_team"":""New Zealand"",""declared"":false,""forfeited"":false,""innings_number"":1,""legal_deliveries"":300,""runs"":260,""super_over"":false,""target_overs"":null,""target_runs"":null,""wickets"":7},{""batting_team"":""India"",""declared"":false,""forfeited"":false,""innings_number"":2,""legal_deliveries"":292,""runs"":241,""super_over"":false,""target_overs"":50,""target_runs"":261,""wickets"":10}]",OPPONENT_WIN,New Zealand,COMPLETED,Cricsheet,HISTORICAL_DATA
1030227,ODI,2016-10-29,2016/17,2016,Dr. Y.S. Rajasekhara Reddy ACA-VDCA Cricket Stadium,Visakhapatnam,,India,New Zealand,True,New Zealand,India,bat,"[{""batting_team"":""India"",""declared"":false,""forfeited"":false,""innings_number"":1,""legal_deliveries"":300,""runs"":269,""super_over"":false,""target_overs"":null,""target_runs"":null,""wickets"":6},{""batting_team"":""New Zealand"",""declared"":false,""forfeited"":false,""innings_number"":2,""legal_deliveries"":139,""runs"":79,""super_over"":false,""target_overs"":50,""target_runs"":270,""wickets"":10}]",INDIA_WIN,India,COMPLETED,Cricsheet,HISTORICAL_DATA
1034809,TEST,2016-11-09,2016/17,2016,Saurashtra Cricket Association Stadium,Rajkot,,India,England,True,England,England,bat,"[{""batting_team"":""England"",""declared"":false,""forfeited"":false,""innings_number"":1,""legal_deliveries"":957,""runs"":537,""super_over"":false,""target_overs"":null,""target_runs"":null,""wickets"":10},{""batting_team"":""India"",""declared"":false,""forfeited"":false,""innings_number"":2,""legal_deliveries"":972,""runs"":488,""super_over"":false,""target_overs"":null,""target_runs"":null,""wickets"":10},{""batting_team"":""England"",""declared"":true,""forfeited"":false,""innings_number"":3,""legal_deliveries"":453,""runs"":260,""super_over"":false,""target_overs"":null,""target_runs"":null,""wickets"":3},{""batting_team"":""India"",""declared"":false,""forfeited"":false,""innings_number"":4,""legal_deliveries"":315,""runs"":172,""super_over"":false,""target_overs"":null,""target_runs"":null,""wickets"":6}]",DRAW,,DRAWN,Cricsheet,HISTORICAL_DATA
1034811,TEST,2016-11-17,2016/17,2016,Dr. Y.S. Rajasekhara Reddy ACA-VDCA Cricket Stadium,Visakhapatnam,,India,England,True,England,India,bat,"[{""batting_team"":""India"",""declared"":false,""forfeited"":false,""innings_number"":1,""legal_deliveries"":778,""runs"":455,""super_over"":false,""target_overs"":null,""target_runs"":null,""wickets"":10},{""batting_team"":""England"",""declared"":false,""forfeited"":false,""innings_number"":2,""legal_deliveries"":617,""runs"":255,""super_over"":false,""target_overs"":null,""target_runs"":null,""wickets"":10},{""batting_team"":""India"",""declared"":false,""forfeited"":false,""innings_number"":3,""legal_deliveries"":379,""runs"":204,""super_over"":false,""target_overs"":null,""target_runs"":null,""wickets"":10},{""batting_team"":""England"",""declared"":false,""forfeited"":false,""innings_number"":4,""legal_deliveries"":584,""runs"":158,""super_over"":false,""target_overs"":null,""target_runs"":null,""wickets"":10}]",INDIA_WIN,India,COMPLETED,Cricsheet,HISTORICAL_DATA
1034813,TEST,2016-11-26,2016/17,2016,"Punjab Cricket Association IS Bindra Stadium, Mohali",Chandigarh,,India,England,True,England,England,bat,"[{""batting_team"":""England"",""declared"":false,""forfeited"":false,""innings_number"":1,""legal_deliveries"":563,""runs"":283,""super_over"":false,""target_overs"":null,""target_runs"":null,""wickets"":10},{""batting_team"":""India"",""declared"":false,""forfeited"":false,""innings_number"":2,""legal_deliveries"":830,""runs"":417,""super_over"":false,""target_overs"":null,""target_runs"":null,""wickets"":10},{""batting_team"":""England"",""declared"":false,""forfeited"":false,""innings_number"":3,""legal_deliveries"":542,""runs"":236,""super_over"":false,""target_overs"":null,""target_runs"":null,""wickets"":10},{""batting_team"":""India"",""declared"":false,""forfeited"":false,""innings_number"":4,""legal_deliveries"":122,""runs"":104,""super_over"":false,""target_overs"":null,""target_runs"":null,""wickets"":2}]",INDIA_WIN,India,COMPLETED,Cricsheet,HISTORICAL_DATA
1034815,TEST,2016-12-08,2016/17,2016,Wankhede Stadium,Mumbai,,India,England,True,England,England,bat,"[{""batting_team"":""England"",""declared"":false,""forfeited"":false,""innings_number"":1,""legal_deliveries"":781,""runs"":400,""super_over"":false,""target_overs"":null,""target_runs"":null,""wickets"":10},{""batting_team"":""India"",""declared"":false,""forfeited"":false,""innings_number"":2,""legal_deliveries"":1095,""runs"":631,""super_over"":false,""target_overs"":null,""target_runs"":null,""wickets"":10},{""batting_team"":""England"",""declared"":false,""forfeited"":false,""innings_number"":3,""legal_deliveries"":333,""runs"":195,""super_over"":false,""target_overs"":null,""target_runs"":null,""wickets"":10}]",INDIA_WIN,India,COMPLETED,Cricsheet,HISTORICAL_DATA
1034817,TEST,2016-12-16,2016/17,2016,"MA Chidambaram Stadium, Chepauk",Chennai,,India,England,True,England,England,bat,"[{""batting_team"":""England"",""declared"":false,""forfeited"":false,""innings_number"":1,""legal_deliveries"":944,""runs"":477,""super_over"":false,""target_overs"":null,""target_runs"":null,""wickets"":10},{""batting_team"":""India"",""declared"":true,""forfeited"":false,""innings_number"":2,""legal_deliveries"":1144,""runs"":759,""super_over"":false,""target_overs"":null,""target_runs"":null,""wickets"":7},{""batting_team"":""England"",""declared"":false,""forfeited"":false,""innings_number"":3,""legal_deliveries"":528,""runs"":207,""super_over"":false,""target_overs"":null,""target_runs"":null,""wickets"":10}]",INDIA_WIN,India,COMPLETED,Cricsheet,HISTORICAL_DATA
1034819,ODI,2017-01-15,2016/17,2017,Maharashtra Cricket Association Stadium,Pune,,India,England,True,England,India,field,"[{""batting_team"":""England"",""declared"":false,""forfeited"":false,""innings_number"":1,""legal_deliveries"":300,""runs"":350,""super_over"":false,""target_overs"":null,""target_runs"":null,""wickets"":7},{""batting_team"":""India"",""declared"":false,""forfeited"":false,""innings_number"":2,""legal_deliveries"":289,""runs"":356,""super_over"":false,""target_overs"":50,""target_runs"":351,""wickets"":7}]",INDIA_WIN,India,COMPLETED,Cricsheet,HISTORICAL_DATA
1034821,ODI,2017-01-19,2016/17,2017,Barabati Stadium,Cuttack,,India,England,True,England,England,field,"[{""batting_team"":""India"",""declared"":false,""forfeited"":false,""innings_number"":1,""legal_deliveries"":300,""runs"":381,""super_over"":false,""target_overs"":null,""target_runs"":null,""wickets"":6},{""batting_team"":""England"",""declared"":false,""forfeited"":false,""innings_number"":2,""legal_deliveries"":300,""runs"":366,""super_over"":false,""target_overs"":50,""target_runs"":382,""wickets"":8}]",INDIA_WIN,India,COMPLETED,Cricsheet,HISTORICAL_DATA
1034823,ODI,2017-01-22,2016/17,2017,Eden Gardens,Kolkata,,India,England,True,England,India,field,"[{""batting_team"":""England"",""declared"":false,""forfeited"":false,""innings_number"":1,""legal_deliveries"":300,""runs"":321,""super_over"":false,""target_overs"":null,""target_runs"":null,""wickets"":8},{""batting_team"":""India"",""declared"":false,""forfeited"":false,""innings_number"":2,""legal_deliveries"":300,""runs"":316,""super_over"":false,""target_overs"":50,""target_runs"":322,""wickets"":9}]",OPPONENT_WIN,England,COMPLETED,Cricsheet,HISTORICAL_DATA
1034825,T20I,2017-01-26,2016/17,2017,Green Park,Kanpur,,India,England,True,England,England,field,"[{""batting_team"":""India"",""declared"":false,""forfeited"":false,""innings_number"":1,""legal_deliveries"":120,""runs"":147,""super_over"":false,""target_overs"":null,""target_runs"":null,""wickets"":7},{""batting_team"":""England"",""declared"":false,""forfeited"":false,""innings_number"":2,""legal_deliveries"":109,""runs"":148,""super_over"":false,""target_overs"":20,""target_runs"":148,""wickets"":3}]",OPPONENT_WIN,England,COMPLETED,Cricsheet,HISTORICAL_DATA
1034827,T20I,2017-01-29,2016/17,2017,"Vidarbha Cricket Association Stadium, Jamtha",Nagpur,,India,England,True,England,England,field,"[{""batting_team"":""India"",""declared"":false,""forfeited"":false,""innings_number"":1,""legal_deliveries"":120,""runs"":144,""super_over"":false,""target_overs"":null,""target_runs"":null,""wickets"":8},{""batting_team"":""England"",""declared"":false,""forfeited"":false,""innings_number"":2,""legal_deliveries"":120,""runs"":139,""super_over"":false,""target_overs"":20,""target_runs"":145,""wickets"":6}]",INDIA_WIN,India,COMPLETED,Cricsheet,HISTORICAL_DATA
1034829,T20I,2017-02-01,2016/17,2017,M Chinnaswamy Stadium,Bangalore,,India,England,True,England,England,field,"[{""batting_team"":""India"",""declared"":false,""forfeited"":false,""innings_number"":1,""legal_deliveries"":120,""runs"":202,""super_over"":false,""target_overs"":null,""target_runs"":null,""wickets"":6},{""batting_team"":""England"",""declared"":false,""forfeited"":false,""innings_number"":2,""legal_deliveries"":99,""runs"":127,""super_over"":false,""target_overs"":20,""target_runs"":203,""wickets"":10}]",INDIA_WIN,India,COMPLETED,Cricsheet,HISTORICAL_DATA
1041761,TEST,2017-02-09,2016/17,2017,"Rajiv Gandhi International Stadium, Uppal",Hyderabad,,India,Bangladesh,True,Bangladesh,India,bat,"[{""batting_team"":""India"",""declared"":true,""forfeited"":false,""innings_number"":1,""legal_deliveries"":996,""runs"":687,""super_over"":false,""target_overs"":null,""target_runs"":null,""wickets"":6},{""batting_team"":""Bangladesh"",""declared"":false,""forfeited"":false,""innings_number"":2,""legal_deliveries"":767,""runs"":388,""super_over"":false,""target_overs"":null,""target_runs"":null,""wickets"":10},{""batting_team"":""India"",""declared"":true,""forfeited"":false,""innings_number"":3,""legal_deliveries"":174,""runs"":159,""super_over"":false,""target_overs"":null,""target_runs"":null,""wickets"":4},{""batting_team"":""Bangladesh"",""declared"":false,""forfeited"":false,""innings_number"":4,""legal_deliveries"":603,""runs"":250,""super_over"":false,""target_overs"":null,""target_runs"":null,""wickets"":10}]",INDIA_WIN,India,COMPLETED,Cricsheet,HISTORICAL_DATA
1062573,TEST,2017-02-23,2016/17,2017,Maharashtra Cricket Association Stadium,Pune,,India,Australia,True,Australia,Australia,bat,"[{""batting_team"":""Australia"",""declared"":false,""forfeited"":false,""innings_number"":1,""legal_deliveries"":569,""runs"":260,""super_over"":false,""target_overs"":null,""target_runs"":null,""wickets"":10},{""batting_team"":""India"",""declared"":false,""forfeited"":false,""innings_number"":2,""legal_deliveries"":241,""runs"":105,""super_over"":false,""target_overs"":null,""target_runs"":null,""wickets"":10},{""batting_team"":""Australia"",""declared"":false,""forfeited"":false,""innings_number"":3,""legal_deliveries"":522,""runs"":285,""super_over"":false,""target_overs"":null,""target_runs"":null,""wickets"":10},{""batting_team"":""India"",""declared"":false,""forfeited"":false,""innings_number"":4,""legal_deliveries"":203,""runs"":107,""super_over"":false,""target_overs"":null,""target_runs"":null,""wickets"":10}]",OPPONENT_WIN,Australia,COMPLETED,Cricsheet,HISTORICAL_DATA
1062574,TEST,2017-03-04,2016/17,2017,M Chinnaswamy Stadium,Bengaluru,,India,Australia,True,Australia,India,bat,"[{""batting_team"":""India"",""declared"":false,""forfeited"":false,""innings_number"":1,""legal_deliveries"":428,""runs"":189,""super_over"":false,""target_overs"":null,""target_runs"":null,""wickets"":10},{""batting_team"":""Australia"",""declared"":false,""forfeited"":false,""innings_number"":2,""legal_deliveries"":736,""runs"":276,""super_over"":false,""target_overs"":null,""target_runs"":null,""wickets"":10},{""batting_team"":""India"",""declared"":false,""forfeited"":false,""innings_number"":3,""legal_deliveries"":583,""runs"":274,""super_over"":false,""target_overs"":null,""target_runs"":null,""wickets"":10},{""batting_team"":""Australia"",""declared"":false,""forfeited"":false,""innings_number"":4,""legal_deliveries"":214,""runs"":112,""super_over"":false,""target_overs"":null,""target_runs"":null,""wickets"":10}]",INDIA_WIN,India,COMPLETED,Cricsheet,HISTORICAL_DATA
1062575,TEST,2017-03-16,2016/17,2017,JSCA International Stadium Complex,Ranchi,,India,Australia,True,Australia,Australia,bat,"[{""batting_team"":""Australia"",""declared"":false,""forfeited"":false,""innings_number"":1,""legal_deliveries"":825,""runs"":451,""super_over"":false,""target_overs"":null,""target_runs"":null,""wickets"":10},{""batting_team"":""India"",""declared"":true,""forfeited"":false,""innings_number"":2,""legal_deliveries"":1260,""runs"":603,""super_over"":false,""target_overs"":null,""target_runs"":null,""wickets"":9},{""batting_team"":""Australia"",""declared"":false,""forfeited"":false,""innings_number"":3,""legal_deliveries"":600,""runs"":204,""super_over"":false,""target_overs"":null,""target_runs"":null,""wickets"":6}]",DRAW,,DRAWN,Cricsheet,HISTORICAL_DATA
1062576,TEST,2017-03-25,2016/17,2017,Himachal Pradesh Cricket Association Stadium,Dharamsala,,India,Australia,True,Australia,Australia,bat,"[{""batting_team"":""Australia"",""declared"":false,""forfeited"":false,""innings_number"":1,""legal_deliveries"":531,""runs"":300,""super_over"":false,""target_overs"":null,""target_runs"":null,""wickets"":10},{""batting_team"":""India"",""declared"":false,""forfeited"":false,""innings_number"":2,""legal_deliveries"":709,""runs"":332,""super_over"":false,""target_overs"":null,""target_runs"":null,""wickets"":10},{""batting_team"":""Australia"",""declared"":false,""forfeited"":false,""innings_number"":3,""legal_deliveries"":323,""runs"":137,""super_over"":false,""target_overs"":null,""target_runs"":null,""wickets"":10},{""batting_team"":""India"",""declared"":false,""forfeited"":false,""innings_number"":4,""legal_deliveries"":143,""runs"":106,""super_over"":false,""target_overs"":null,""target_runs"":null,""wickets"":2}]",INDIA_WIN,India,COMPLETED,Cricsheet,HISTORICAL_DATA
1022353,ODI,2017-06-04,2017,2017,Edgbaston,Birmingham,,India,Pakistan,True,Pakistan,Pakistan,field,"[{""batting_team"":""India"",""declared"":false,""forfeited"":false,""innings_number"":1,""legal_deliveries"":288,""runs"":319,""super_over"":false,""target_overs"":null,""target_runs"":null,""wickets"":3},{""batting_team"":""Pakistan"",""declared"":false,""forfeited"":false,""innings_number"":2,""legal_deliveries"":202,""runs"":164,""super_over"":false,""target_overs"":41,""target_runs"":289,""wickets"":9}]",INDIA_WIN,India,COMPLETED,Cricsheet,HISTORICAL_DATA
1022361,ODI,2017-06-08,2017,2017,Kennington Oval,London,,India,Sri Lanka,True,Sri Lanka,Sri Lanka,field,"[{""batting_team"":""India"",""declared"":false,""forfeited"":false,""innings_number"":1,""legal_deliveries"":300,""runs"":321,""super_over"":false,""target_overs"":null,""target_runs"":null,""wickets"":6},{""batting_team"":""Sri Lanka"",""declared"":false,""forfeited"":false,""innings_number"":2,""legal_deliveries"":292,""runs"":322,""super_over"":false,""target_overs"":50,""target_runs"":322,""wickets"":3}]",OPPONENT_WIN,Sri Lanka,COMPLETED,Cricsheet,HISTORICAL_DATA
1022367,ODI,2017-06-11,2017,2017,Kennington Oval,London,,India,South Africa,True,South Africa,India,field,"[{""batting_team"":""South Africa"",""declared"":false,""forfeited"":false,""innings_number"":1,""legal_deliveries"":267,""runs"":191,""super_over"":false,""target_overs"":null,""target_runs"":null,""wickets"":10},{""batting_team"":""India"",""declared"":false,""forfeited"":false,""innings_number"":2,""legal_deliveries"":228,""runs"":193,""super_over"":false,""target_overs"":50,""target_runs"":192,""wickets"":2}]",INDIA_WIN,India,COMPLETED,Cricsheet,HISTORICAL_DATA
1022373,ODI,2017-06-15,2017,2017,Edgbaston,Birmingham,,Bangladesh,India,True,Bangladesh,India,field,"[{""batting_team"":""Bangladesh"",""declared"":false,""forfeited"":false,""innings_number"":1,""legal_deliveries"":301,""runs"":264,""super_over"":false,""target_overs"":null,""target_runs"":null,""wickets"":7},{""batting_team"":""India"",""declared"":false,""forfeited"":false,""innings_number"":2,""legal_deliveries"":241,""runs"":265,""super_over"":false,""target_overs"":50,""target_runs"":265,""wickets"":1}]",INDIA_WIN,India,COMPLETED,Cricsheet,HISTORICAL_DATA
1022375,ODI,2017-06-18,2017,2017,Kennington Oval,London,,India,Pakistan,True,Pakistan,India,field,"[{""batting_team"":""Pakistan"",""declared"":false,""forfeited"":false,""innings_number"":1,""legal_deliveries"":300,""runs"":338,""super_over"":false,""target_overs"":null,""target_runs"":null,""wickets"":4},{""batting_team"":""India"",""declared"":false,""forfeited"":false,""innings_number"":2,""legal_deliveries"":183,""runs"":158,""super_over"":false,""target_overs"":50,""target_runs"":339,""wickets"":10}]",OPPONENT_WIN,Pakistan,COMPLETED,Cricsheet,HISTORICAL_DATA
1098206,ODI,2017-06-23,2017,2017,"Queen's Park Oval, Port of Spain",Trinidad,,West Indies,India,True,West Indies,West Indies,field,"[{""batting_team"":""India"",""declared"":false,""forfeited"":false,""innings_number"":1,""legal_deliveries"":236,""runs"":199,""super_over"":false,""target_overs"":null,""target_runs"":null,""wickets"":3}]",,,NO_RESULT,Cricsheet,HISTORICAL_DATA
1098207,ODI,2017-06-25,2017,2017,"Queen's Park Oval, Port of Spain",Trinidad,,West Indies,India,True,West Indies,West Indies,field,"[{""batting_team"":""India"",""declared"":false,""forfeited"":false,""innings_number"":1,""legal_deliveries"":258,""runs"":310,""super_over"":false,""target_overs"":null,""target_runs"":null,""wickets"":5},{""batting_team"":""West Indies"",""declared"":false,""forfeited"":false,""innings_number"":2,""legal_deliveries"":258,""runs"":205,""super_over"":false,""target_overs"":43,""target_runs"":311,""wickets"":6}]",INDIA_WIN,India,COMPLETED,Cricsheet,HISTORICAL_DATA
1098208,ODI,2017-06-30,2017,2017,"Sir Vivian Richards Stadium, North Sound",Antigua,,West Indies,India,True,West Indies,West Indies,field,"[{""batting_team"":""India"",""declared"":false,""forfeited"":false,""innings_number"":1,""legal_deliveries"":300,""runs"":251,""super_over"":false,""target_overs"":null,""target_runs"":null,""wickets"":4},{""batting_team"":""West Indies"",""declared"":false,""forfeited"":false,""innings_number"":2,""legal_deliveries"":229,""runs"":158,""super_over"":false,""target_overs"":50,""target_runs"":252,""wickets"":10}]",INDIA_WIN,India,COMPLETED,Cricsheet,HISTORICAL_DATA
1098209,ODI,2017-07-02,2017,2017,"Sir Vivian Richards Stadium, North Sound",Antigua,,West Indies,India,True,West Indies,West Indies,bat,"[{""batting_team"":""West Indies"",""declared"":false,""forfeited"":false,""innings_number"":1,""legal_deliveries"":300,""runs"":189,""super_over"":false,""target_overs"":null,""target_runs"":null,""wickets"":9},{""batting_team"":""India"",""declared"":false,""forfeited"":false,""innings_number"":2,""legal_deliveries"":298,""runs"":178,""super_over"":false,""target_overs"":50,""target_runs"":190,""wickets"":10}]",OPPONENT_WIN,West Indies,COMPLETED,Cricsheet,HISTORICAL_DATA
1098210,ODI,2017-07-06,2017,2017,"Sabina Park, Kingston",Jamaica,,West Indies,India,True,West Indies,West Indies,bat,"[{""batting_team"":""West Indies"",""declared"":false,""forfeited"":false,""innings_number"":1,""legal_deliveries"":300,""runs"":205,""super_over"":false,""target_overs"":null,""target_runs"":null,""wickets"":9},{""batting_team"":""India"",""declared"":false,""forfeited"":false,""innings_number"":2,""legal_deliveries"":221,""runs"":206,""super_over"":false,""target_overs"":50,""target_runs"":206,""wickets"":2}]",INDIA_WIN,India,COMPLETED,Cricsheet,HISTORICAL_DATA
1098211,T20I,2017-07-09,2017,2017,"Sabina Park, Kingston",Jamaica,,West Indies,India,True,West Indies,West Indies,field,"[{""batting_team"":""India"",""declared"":false,""forfeited"":false,""innings_number"":1,""legal_deliveries"":120,""runs"":190,""super_over"":false,""target_overs"":null,""target_runs"":null,""wickets"":6},{""batting_team"":""West Indies"",""declared"":false,""forfeited"":false,""innings_number"":2,""legal_deliveries"":111,""runs"":194,""super_over"":false,""target_overs"":20,""target_runs"":191,""wickets"":1}]",OPPONENT_WIN,West Indies,COMPLETED,Cricsheet,HISTORICAL_DATA
1109602,TEST,2017-07-26,2017,2017,Galle International Stadium,,,India,Sri Lanka,True,Sri Lanka,India,bat,"[{""batting_team"":""India"",""declared"":false,""forfeited"":false,""innings_number"":1,""legal_deliveries"":799,""runs"":600,""super_over"":false,""target_overs"":null,""target_runs"":null,""wickets"":10},{""batting_team"":""Sri Lanka"",""declared"":false,""forfeited"":false,""innings_number"":2,""legal_deliveries"":471,""runs"":291,""super_over"":false,""target_overs"":null,""target_runs"":null,""wickets"":9},{""batting_team"":""India"",""declared"":true,""forfeited"":false,""innings_number"":3,""legal_deliveries"":318,""runs"":240,""super_over"":false,""target_overs"":null,""target_runs"":null,""wickets"":3},{""batting_team"":""Sri Lanka"",""declared"":false,""forfeited"":false,""innings_number"":4,""legal_deliveries"":461,""runs"":245,""super_over"":false,""target_overs"":null,""target_runs"":null,""wickets"":8}]",INDIA_WIN,India,COMPLETED,Cricsheet,HISTORICAL_DATA
1109603,TEST,2017-08-03,2017,2017,Sinhalese Sports Club Ground,Colombo,,India,Sri Lanka,True,Sri Lanka,India,bat,"[{""batting_team"":""India"",""declared"":true,""forfeited"":false,""innings_number"":1,""legal_deliveries"":948,""runs"":622,""super_over"":false,""target_overs"":null,""target_runs"":null,""wickets"":9},{""batting_team"":""Sri Lanka"",""declared"":false,""forfeited"":false,""innings_number"":2,""legal_deliveries"":298,""runs"":183,""super_over"":false,""target_overs"":null,""target_runs"":null,""wickets"":10},{""batting_team"":""Sri Lanka"",""declared"":false,""forfeited"":false,""innings_number"":3,""legal_deliveries"":701,""runs"":386,""super_over"":false,""target_overs"":null,""target_runs"":null,""wickets"":10}]",INDIA_WIN,India,COMPLETED,Cricsheet,HISTORICAL_DATA
1109604,TEST,2017-08-12,2017,2017,Pallekele International Cricket Stadium,,,India,Sri Lanka,True,Sri Lanka,India,bat,"[{""batting_team"":""India"",""declared"":false,""forfeited"":false,""innings_number"":1,""legal_deliveries"":735,""runs"":487,""super_over"":false,""target_overs"":null,""target_runs"":null,""wickets"":10},{""batting_team"":""Sri Lanka"",""declared"":false,""forfeited"":false,""innings_number"":2,""legal_deliveries"":226,""runs"":135,""super_over"":false,""target_overs"":null,""target_runs"":null,""wickets"":10},{""batting_team"":""Sri Lanka"",""declared"":false,""forfeited"":false,""innings_number"":3,""legal_deliveries"":447,""runs"":181,""super_over"":false,""target_overs"":null,""target_runs"":null,""wickets"":10}]",INDIA_WIN,India,COMPLETED,Cricsheet,HISTORICAL_DATA
1109605,ODI,2017-08-20,2017,2017,Rangiri Dambulla International Stadium,,,Sri Lanka,India,True,Sri Lanka,India,field,"[{""batting_team"":""Sri Lanka"",""declared"":false,""forfeited"":false,""innings_number"":1,""legal_deliveries"":260,""runs"":216,""super_over"":false,""target_overs"":null,""target_runs"":null,""wickets"":10},{""batting_team"":""India"",""declared"":false,""forfeited"":false,""innings_number"":2,""legal_deliveries"":173,""runs"":220,""super_over"":false,""target_overs"":50,""target_runs"":217,""wickets"":1}]",INDIA_WIN,India,COMPLETED,Cricsheet,HISTORICAL_DATA
1109606,ODI,2017-08-24,2017,2017,Pallekele International Cricket Stadium,,,Sri Lanka,India,True,Sri Lanka,India,field,"[{""batting_team"":""Sri Lanka"",""declared"":false,""forfeited"":false,""innings_number"":1,""legal_deliveries"":300,""runs"":236,""super_over"":false,""target_overs"":null,""target_runs"":null,""wickets"":8},{""batting_team"":""India"",""declared"":false,""forfeited"":false,""innings_number"":2,""legal_deliveries"":266,""runs"":231,""super_over"":false,""target_overs"":47,""target_runs"":231,""wickets"":7}]",INDIA_WIN,India,COMPLETED,Cricsheet,HISTORICAL_DATA
1109607,ODI,2017-08-27,2017,2017,Pallekele International Cricket Stadium,,,Sri Lanka,India,True,Sri Lanka,Sri Lanka,bat,"[{""batting_team"":""Sri Lanka"",""declared"":false,""forfeited"":false,""innings_number"":1,""legal_deliveries"":300,""runs"":217,""super_over"":false,""target_overs"":null,""target_runs"":null,""wickets"":9},{""batting_team"":""India"",""declared"":false,""forfeited"":false,""innings_number"":2,""legal_deliveries"":271,""runs"":218,""super_over"":false,""target_overs"":50,""target_runs"":218,""wickets"":4}]",INDIA_WIN,India,COMPLETED,Cricsheet,HISTORICAL_DATA
1109608,ODI,2017-08-31,2017,2017,"R.Premadasa Stadium, Khettarama",Colombo,,India,Sri Lanka,True,Sri Lanka,India,bat,"[{""batting_team"":""India"",""declared"":false,""forfeited"":false,""innings_number"":1,""legal_deliveries"":300,""runs"":375,""super_over"":false,""target_overs"":null,""target_runs"":null,""wickets"":5},{""batting_team"":""Sri Lanka"",""declared"":false,""forfeited"":false,""innings_number"":2,""legal_deliveries"":256,""runs"":207,""super_over"":false,""target_overs"":50,""target_runs"":376,""wickets"":10}]",INDIA_WIN,India,COMPLETED,Cricsheet,HISTORICAL_DATA
1109609,ODI,2017-09-03,2017,2017,"R.Premadasa Stadium, Khettarama",Colombo,,Sri Lanka,India,True,Sri Lanka,Sri Lanka,bat,"[{""batting_team"":""Sri Lanka"",""declared"":false,""forfeited"":false,""innings_number"":1,""legal_deliveries"":298,""runs"":238,""super_over"":false,""target_overs"":null,""target_runs"":null,""wickets"":10},{""batting_team"":""India"",""declared"":false,""forfeited"":false,""innings_number"":2,""legal_deliveries"":279,""runs"":239,""super_over"":false,""target_overs"":50,""target_runs"":239,""wickets"":4}]",INDIA_WIN,India,COMPLETED,Cricsheet,HISTORICAL_DATA
1109610,T20I,2017-09-06,2017,2017,"R.Premadasa Stadium, Khettarama",Colombo,,Sri Lanka,India,True,Sri Lanka,India,field,"[{""batting_team"":""Sri Lanka"",""declared"":false,""forfeited"":false,""innings_number"":1,""legal_deliveries"":120,""runs"":170,""super_over"":false,""target_overs"":null,""target_runs"":null,""wickets"":7},{""batting_team"":""India"",""declared"":false,""forfeited"":false,""innings_number"":2,""legal_deliveries"":116,""runs"":174,""super_over"":false,""target_overs"":20,""target_runs"":171,""wickets"":3}]",INDIA_WIN,India,COMPLETED,Cricsheet,HISTORICAL_DATA
1119496,ODI,2017-09-17,2017/18,2017,"MA Chidambaram Stadium, Chepauk",Chennai,,India,Australia,True,Australia,India,bat,"[{""batting_team"":""India"",""declared"":false,""forfeited"":false,""innings_number"":1,""legal_deliveries"":300,""runs"":281,""super_over"":false,""target_overs"":null,""target_runs"":null,""wickets"":7},{""batting_team"":""Australia"",""declared"":false,""forfeited"":false,""innings_number"":2,""legal_deliveries"":126,""runs"":137,""super_over"":false,""target_overs"":21,""target_runs"":164,""wickets"":9}]",INDIA_WIN,India,COMPLETED,Cricsheet,HISTORICAL_DATA
1119497,ODI,2017-09-21,2017/18,2017,Eden Gardens,Kolkata,,India,Australia,True,Australia,India,bat,"[{""batting_team"":""India"",""declared"":false,""forfeited"":false,""innings_number"":1,""legal_deliveries"":300,""runs"":252,""super_over"":false,""target_overs"":null,""target_runs"":null,""wickets"":10},{""batting_team"":""Australia"",""declared"":false,""forfeited"":false,""innings_number"":2,""legal_deliveries"":259,""runs"":202,""super_over"":false,""target_overs"":50,""target_runs"":253,""wickets"":10}]",INDIA_WIN,India,COMPLETED,Cricsheet,HISTORICAL_DATA
1119498,ODI,2017-09-24,2017/18,2017,Holkar Cricket Stadium,Indore,,Australia,India,True,Australia,Australia,bat,"[{""batting_team"":""Australia"",""declared"":false,""forfeited"":false,""innings_number"":1,""legal_deliveries"":300,""runs"":293,""super_over"":false,""target_overs"":null,""target_runs"":null,""wickets"":6},{""batting_team"":""India"",""declared"":false,""forfeited"":false,""innings_number"":2,""legal_deliveries"":287,""runs"":294,""super_over"":false,""target_overs"":50,""target_runs"":294,""wickets"":5}]",INDIA_WIN,India,COMPLETED,Cricsheet,HISTORICAL_DATA
1119499,ODI,2017-09-28,2017/18,2017,M.Chinnaswamy Stadium,Bengaluru,,Australia,India,True,Australia,Australia,bat,"[{""batting_team"":""Australia"",""declared"":false,""forfeited"":false,""innings_number"":1,""legal_deliveries"":300,""runs"":334,""super_over"":false,""target_overs"":null,""target_runs"":null,""wickets"":5},{""batting_team"":""India"",""declared"":false,""forfeited"":false,""innings_number"":2,""legal_deliveries"":300,""runs"":313,""super_over"":false,""target_overs"":50,""target_runs"":335,""wickets"":8}]",OPPONENT_WIN,Australia,COMPLETED,Cricsheet,HISTORICAL_DATA
1119500,ODI,2017-10-01,2017/18,2017,"Vidarbha Cricket Association Stadium, Jamtha",Nagpur,,Australia,India,True,Australia,Australia,bat,"[{""batting_team"":""Australia"",""declared"":false,""forfeited"":false,""innings_number"":1,""legal_deliveries"":300,""runs"":242,""super_over"":false,""target_overs"":null,""target_runs"":null,""wickets"":9},{""batting_team"":""India"",""declared"":false,""forfeited"":false,""innings_number"":2,""legal_deliveries"":257,""runs"":243,""super_over"":false,""target_overs"":50,""target_runs"":243,""wickets"":3}]",INDIA_WIN,India,COMPLETED,Cricsheet,HISTORICAL_DATA
1119501,T20I,2017-10-07,2017/18,2017,JSCA International Stadium Complex,Ranchi,,Australia,India,True,Australia,India,field,"[{""batting_team"":""Australia"",""declared"":false,""forfeited"":false,""innings_number"":1,""legal_deliveries"":112,""runs"":118,""super_over"":false,""target_overs"":null,""target_runs"":null,""wickets"":8},{""batting_team"":""India"",""declared"":false,""forfeited"":false,""innings_number"":2,""legal_deliveries"":33,""runs"":49,""super_over"":false,""target_overs"":6,""target_runs"":48,""wickets"":1}]",INDIA_WIN,India,COMPLETED,Cricsheet,HISTORICAL_DATA
1119502,T20I,2017-10-10,2017/18,2017,Barsapara Cricket Stadium,Guwahati,,India,Australia,True,Australia,Australia,field,"[{""batting_team"":""India"",""declared"":false,""forfeited"":false,""innings_number"":1,""legal_deliveries"":120,""runs"":118,""super_over"":false,""target_overs"":null,""target_runs"":null,""wickets"":10},{""batting_team"":""Australia"",""declared"":false,""forfeited"":false,""innings_number"":2,""legal_deliveries"":93,""runs"":122,""super_over"":false,""target_overs"":20,""target_runs"":119,""wickets"":2}]",OPPONENT_WIN,Australia,COMPLETED,Cricsheet,HISTORICAL_DATA
1120090,ODI,2017-10-22,2017/18,2017,Wankhede Stadium,Mumbai,,India,New Zealand,True,New Zealand,India,bat,"[{""batting_team"":""India"",""declared"":false,""forfeited"":false,""innings_number"":1,""legal_deliveries"":300,""runs"":280,""super_over"":false,""target_overs"":null,""target_runs"":null,""wickets"":8},{""batting_team"":""New Zealand"",""declared"":false,""forfeited"":false,""innings_number"":2,""legal_deliveries"":294,""runs"":284,""super_over"":false,""target_overs"":50,""target_runs"":281,""wickets"":4}]",OPPONENT_WIN,New Zealand,COMPLETED,Cricsheet,HISTORICAL_DATA
1120091,ODI,2017-10-25,2017/18,2017,Maharashtra Cricket Association Stadium,Pune,,New Zealand,India,True,New Zealand,New Zealand,bat,"[{""batting_team"":""New Zealand"",""declared"":false,""forfeited"":false,""innings_number"":1,""legal_deliveries"":300,""runs"":230,""super_over"":false,""target_overs"":null,""target_runs"":null,""wickets"":9},{""batting_team"":""India"",""declared"":false,""forfeited"":false,""innings_number"":2,""legal_deliveries"":276,""runs"":232,""super_over"":false,""target_overs"":50,""target_runs"":231,""wickets"":4}]",INDIA_WIN,India,COMPLETED,Cricsheet,HISTORICAL_DATA
1120092,ODI,2017-10-29,2017/18,2017,Green Park,Kanpur,,India,New Zealand,True,New Zealand,New Zealand,field,"[{""batting_team"":""India"",""declared"":false,""forfeited"":false,""innings_number"":1,""legal_deliveries"":300,""runs"":337,""super_over"":false,""target_overs"":null,""target_runs"":null,""wickets"":6},{""batting_team"":""New Zealand"",""declared"":false,""forfeited"":false,""innings_number"":2,""legal_deliveries"":300,""runs"":331,""super_over"":false,""target_overs"":50,""target_runs"":338,""wickets"":7}]",INDIA_WIN,India,COMPLETED,Cricsheet,HISTORICAL_DATA
1120093,T20I,2017-11-01,2017/18,2017,Arun Jaitley Stadium,Delhi,,India,New Zealand,True,New Zealand,New Zealand,field,"[{""batting_team"":""India"",""declared"":false,""forfeited"":false,""innings_number"":1,""legal_deliveries"":120,""runs"":202,""super_over"":false,""target_overs"":null,""target_runs"":null,""wickets"":3},{""batting_team"":""New Zealand"",""declared"":false,""forfeited"":false,""innings_number"":2,""legal_deliveries"":120,""runs"":149,""super_over"":false,""target_overs"":20,""target_runs"":203,""wickets"":8}]",INDIA_WIN,India,COMPLETED,Cricsheet,HISTORICAL_DATA
1120094,T20I,2017-11-04,2017/18,2017,Saurashtra Cricket Association Stadium,Rajkot,,New Zealand,India,True,New Zealand,New Zealand,bat,"[{""batting_team"":""New Zealand"",""declared"":false,""forfeited"":false,""innings_number"":1,""legal_deliveries"":120,""runs"":196,""super_over"":false,""target_overs"":null,""target_runs"":null,""wickets"":2},{""batting_team"":""India"",""declared"":false,""forfeited"":false,""innings_number"":2,""legal_deliveries"":120,""runs"":156,""super_over"":false,""target_overs"":20,""target_runs"":197,""wickets"":7}]",OPPONENT_WIN,New Zealand,COMPLETED,Cricsheet,HISTORICAL_DATA
1120095,T20I,2017-11-07,2017/18,2017,Greenfield International Stadium,Thiruvananthapuram,,India,New Zealand,True,New Zealand,New Zealand,field,"[{""batting_team"":""India"",""declared"":false,""forfeited"":false,""innings_number"":1,""legal_deliveries"":48,""runs"":67,""super_over"":false,""target_overs"":null,""target_runs"":null,""wickets"":5},{""batting_team"":""New Zealand"",""declared"":false,""forfeited"":false,""innings_number"":2,""legal_deliveries"":48,""runs"":61,""super_over"":false,""target_overs"":8,""target_runs"":68,""wickets"":6}]",INDIA_WIN,India,COMPLETED,Cricsheet,HISTORICAL_DATA
1122723,TEST,2017-11-16,2017/18,2017,Eden Gardens,Kolkata,,India,Sri Lanka,True,Sri Lanka,Sri Lanka,field,"[{""batting_team"":""India"",""declared"":false,""forfeited"":false,""innings_number"":1,""legal_deliveries"":357,""runs"":172,""super_over"":false,""target_overs"":null,""target_runs"":null,""wickets"":10},{""batting_team"":""Sri Lanka"",""declared"":false,""forfeited"":false,""innings_number"":2,""legal_deliveries"":502,""runs"":294,""super_over"":false,""target_overs"":null,""target_runs"":null,""wickets"":10},{""batting_team"":""India"",""declared"":true,""forfeited"":false,""innings_number"":3,""legal_deliveries"":532,""runs"":352,""super_over"":false,""target_overs"":null,""target_runs"":null,""wickets"":8},{""batting_team"":""Sri Lanka"",""declared"":false,""forfeited"":false,""innings_number"":4,""legal_deliveries"":159,""runs"":75,""super_over"":false,""target_overs"":null,""target_runs"":null,""wickets"":7}]",DRAW,,DRAWN,Cricsheet,HISTORICAL_DATA
1122724,TEST,2017-11-24,2017/18,2017,"Vidarbha Cricket Association Stadium, Jamtha",Nagpur,,Sri Lanka,India,True,Sri Lanka,Sri Lanka,bat,"[{""batting_team"":""Sri Lanka"",""declared"":false,""forfeited"":false,""innings_number"":1,""legal_deliveries"":475,""runs"":205,""super_over"":false,""target_overs"":null,""target_runs"":null,""wickets"":10},{""batting_team"":""India"",""declared"":true,""forfeited"":false,""innings_number"":2,""legal_deliveries"":1057,""runs"":610,""super_over"":false,""target_overs"":null,""target_runs"":null,""wickets"":6},{""batting_team"":""Sri Lanka"",""declared"":false,""forfeited"":false,""innings_number"":3,""legal_deliveries"":297,""runs"":166,""super_over"":false,""target_overs"":null,""target_runs"":null,""wickets"":10}]",INDIA_WIN,India,COMPLETED,Cricsheet,HISTORICAL_DATA
1122725,TEST,2017-12-02,2017/18,2017,Arun Jaitley Stadium,Delhi,,India,Sri Lanka,True,Sri Lanka,India,bat,"[{""batting_team"":""India"",""declared"":true,""forfeited"":false,""innings_number"":1,""legal_deliveries"":767,""runs"":536,""super_over"":false,""target_overs"":null,""target_runs"":null,""wickets"":7},{""batting_team"":""Sri Lanka"",""declared"":false,""forfeited"":false,""innings_number"":2,""legal_deliveries"":813,""runs"":373,""super_over"":false,""target_overs"":null,""target_runs"":null,""wickets"":10},{""batting_team"":""India"",""declared"":true,""forfeited"":false,""innings_number"":3,""legal_deliveries"":314,""runs"":246,""super_over"":false,""target_overs"":null,""target_runs"":null,""wickets"":5},{""batting_team"":""Sri Lanka"",""declared"":false,""forfeited"":false,""innings_number"":4,""legal_deliveries"":618,""runs"":299,""super_over"":false,""target_overs"":null,""target_runs"":null,""wickets"":5}]",DRAW,,DRAWN,Cricsheet,HISTORICAL_DATA
1122726,ODI,2017-12-10,2017/18,2017,Himachal Pradesh Cricket Association Stadium,Dharamsala,,India,Sri Lanka,True,Sri Lanka,Sri Lanka,field,"[{""batting_team"":""India"",""declared"":false,""forfeited"":false,""innings_number"":1,""legal_deliveries"":230,""runs"":112,""super_over"":false,""target_overs"":null,""target_runs"":null,""wickets"":10},{""batting_team"":""Sri Lanka"",""declared"":false,""forfeited"":false,""innings_number"":2,""legal_deliveries"":124,""runs"":114,""super_over"":false,""target_overs"":50,""target_runs"":113,""wickets"":3}]",OPPONENT_WIN,Sri Lanka,COMPLETED,Cricsheet,HISTORICAL_DATA
1122727,ODI,2017-12-13,2017/18,2017,"Punjab Cricket Association IS Bindra Stadium, Mohali",Chandigarh,,India,Sri Lanka,True,Sri Lanka,Sri Lanka,field,"[{""batting_team"":""India"",""declared"":false,""forfeited"":false,""innings_number"":1,""legal_deliveries"":300,""runs"":392,""super_over"":false,""target_overs"":null,""target_runs"":null,""wickets"":4},{""batting_team"":""Sri Lanka"",""declared"":false,""forfeited"":false,""innings_number"":2,""legal_deliveries"":300,""runs"":251,""super_over"":false,""target_overs"":50,""target_runs"":393,""wickets"":8}]",INDIA_WIN,India,COMPLETED,Cricsheet,HISTORICAL_DATA
1122728,ODI,2017-12-17,2017/18,2017,Dr. Y.S. Rajasekhara Reddy ACA-VDCA Cricket Stadium,Visakhapatnam,,Sri Lanka,India,True,Sri Lanka,India,field,"[{""batting_team"":""Sri Lanka"",""declared"":false,""forfeited"":false,""innings_number"":1,""legal_deliveries"":269,""runs"":215,""super_over"":false,""target_overs"":null,""target_runs"":null,""wickets"":10},{""batting_team"":""India"",""declared"":false,""forfeited"":false,""innings_number"":2,""legal_deliveries"":193,""runs"":219,""super_over"":false,""target_overs"":50,""target_runs"":216,""wickets"":2}]",INDIA_WIN,India,COMPLETED,Cricsheet,HISTORICAL_DATA
1122729,T20I,2017-12-20,2017/18,2017,Barabati Stadium,Cuttack,,India,Sri Lanka,True,Sri Lanka,Sri Lanka,field,"[{""batting_team"":""India"",""declared"":false,""forfeited"":false,""innings_number"":1,""legal_deliveries"":120,""runs"":180,""super_over"":false,""target_overs"":null,""target_runs"":null,""wickets"":3},{""batting_team"":""Sri Lanka"",""declared"":false,""forfeited"":false,""innings_number"":2,""legal_deliveries"":96,""runs"":87,""super_over"":false,""target_overs"":20,""target_runs"":181,""wickets"":10}]",INDIA_WIN,India,COMPLETED,Cricsheet,HISTORICAL_DATA
1122730,T20I,2017-12-22,2017/18,2017,Holkar Cricket Stadium,Indore,,India,Sri Lanka,True,Sri Lanka,Sri Lanka,field,"[{""batting_team"":""India"",""declared"":false,""forfeited"":false,""innings_number"":1,""legal_deliveries"":120,""runs"":260,""super_over"":false,""target_overs"":null,""target_runs"":null,""wickets"":5},{""batting_team"":""Sri Lanka"",""declared"":false,""forfeited"":false,""innings_number"":2,""legal_deliveries"":104,""runs"":172,""super_over"":false,""target_overs"":20,""target_runs"":261,""wickets"":9}]",INDIA_WIN,India,COMPLETED,Cricsheet,HISTORICAL_DATA
1122731,T20I,2017-12-24,2017/18,2017,Wankhede Stadium,Mumbai,,Sri Lanka,India,True,Sri Lanka,India,field,"[{""batting_team"":""Sri Lanka"",""declared"":false,""forfeited"":false,""innings_number"":1,""legal_deliveries"":120,""runs"":135,""super_over"":false,""target_overs"":null,""target_runs"":null,""wickets"":7},{""batting_team"":""India"",""declared"":false,""forfeited"":false,""innings_number"":2,""legal_deliveries"":116,""runs"":139,""super_over"":false,""target_overs"":20,""target_runs"":136,""wickets"":5}]",INDIA_WIN,India,COMPLETED,Cricsheet,HISTORICAL_DATA
1122276,TEST,2018-01-05,2017/18,2018,Newlands,Cape Town,,South Africa,India,True,South Africa,South Africa,bat,"[{""batting_team"":""South Africa"",""declared"":false,""forfeited"":false,""innings_number"":1,""legal_deliveries"":439,""runs"":286,""super_over"":false,""target_overs"":null,""target_runs"":null,""wickets"":10},{""batting_team"":""India"",""declared"":false,""forfeited"":false,""innings_number"":2,""legal_deliveries"":442,""runs"":209,""super_over"":false,""target_overs"":null,""target_runs"":null,""wickets"":10},{""batting_team"":""South Africa"",""declared"":false,""forfeited"":false,""innings_number"":3,""legal_deliveries"":248,""runs"":130,""super_over"":false,""target_overs"":null,""target_runs"":null,""wickets"":10},{""batting_team"":""India"",""declared"":false,""forfeited"":false,""innings_number"":4,""legal_deliveries"":256,""runs"":135,""super_over"":false,""target_overs"":null,""target_runs"":null,""wickets"":10}]",OPPONENT_WIN,South Africa,COMPLETED,Cricsheet,HISTORICAL_DATA
1122277,TEST,2018-01-13,2017/18,2018,SuperSport Park,Centurion,,South Africa,India,True,South Africa,South Africa,bat,"[{""batting_team"":""South Africa"",""declared"":false,""forfeited"":false,""innings_number"":1,""legal_deliveries"":683,""runs"":335,""super_over"":false,""target_overs"":null,""target_runs"":null,""wickets"":10},{""batting_team"":""India"",""declared"":false,""forfeited"":false,""innings_number"":2,""legal_deliveries"":553,""runs"":307,""super_over"":false,""target_overs"":null,""target_runs"":null,""wickets"":10},{""batting_team"":""South Africa"",""declared"":false,""forfeited"":false,""innings_number"":3,""legal_deliveries"":549,""runs"":258,""super_over"":false,""target_overs"":null,""target_runs"":null,""wickets"":10},{""batting_team"":""India"",""declared"":false,""forfeited"":false,""innings_number"":4,""legal_deliveries"":302,""runs"":151,""super_over"":false,""target_overs"":null,""target_runs"":null,""wickets"":10}]",OPPONENT_WIN,South Africa,COMPLETED,Cricsheet,HISTORICAL_DATA
1122278,TEST,2018-01-24,2017/18,2018,The Wanderers Stadium,Johannesburg,,India,South Africa,True,South Africa,India,bat,"[{""batting_team"":""India"",""declared"":false,""forfeited"":false,""innings_number"":1,""legal_deliveries"":460,""runs"":187,""super_over"":false,""target_overs"":null,""target_runs"":null,""wickets"":10},{""batting_team"":""South Africa"",""declared"":false,""forfeited"":false,""innings_number"":2,""legal_deliveries"":395,""runs"":194,""super_over"":false,""target_overs"":null,""target_runs"":null,""wickets"":10},{""batting_team"":""India"",""declared"":false,""forfeited"":false,""innings_number"":3,""legal_deliveries"":481,""runs"":247,""super_over"":false,""target_overs"":null,""target_runs"":null,""wickets"":10},{""batting_team"":""South Africa"",""declared"":false,""forfeited"":false,""innings_number"":4,""legal_deliveries"":441,""runs"":177,""super_over"":false,""target_overs"":null,""target_runs"":null,""wickets"":10}]",INDIA_WIN,India,COMPLETED,Cricsheet,HISTORICAL_DATA
1122279,ODI,2018-02-01,2017/18,2018,Kingsmead,Durban,,South Africa,India,True,South Africa,South Africa,bat,"[{""batting_team"":""South Africa"",""declared"":false,""forfeited"":false,""innings_number"":1,""legal_deliveries"":300,""runs"":269,""super_over"":false,""target_overs"":null,""target_runs"":null,""wickets"":8},{""batting_team"":""India"",""declared"":false,""forfeited"":false,""innings_number"":2,""legal_deliveries"":273,""runs"":270,""super_over"":false,""target_overs"":50,""target_runs"":270,""wickets"":4}]",INDIA_WIN,India,COMPLETED,Cricsheet,HISTORICAL_DATA
1122280,ODI,2018-02-04,2017/18,2018,SuperSport Park,Centurion,,South Africa,India,True,South Africa,India,field,"[{""batting_team"":""South Africa"",""declared"":false,""forfeited"":false,""innings_number"":1,""legal_deliveries"":194,""runs"":118,""super_over"":false,""target_overs"":null,""target_runs"":null,""wickets"":10},{""batting_team"":""India"",""declared"":false,""forfeited"":false,""innings_number"":2,""legal_deliveries"":123,""runs"":119,""super_over"":false,""target_overs"":50,""target_runs"":119,""wickets"":1}]",INDIA_WIN,India,COMPLETED,Cricsheet,HISTORICAL_DATA
1122281,ODI,2018-02-07,2017/18,2018,Newlands,Cape Town,,India,South Africa,True,South Africa,South Africa,field,"[{""batting_team"":""India"",""declared"":false,""forfeited"":false,""innings_number"":1,""legal_deliveries"":300,""runs"":303,""super_over"":false,""target_overs"":null,""target_runs"":null,""wickets"":6},{""batting_team"":""South Africa"",""declared"":false,""forfeited"":false,""innings_number"":2,""legal_deliveries"":240,""runs"":179,""super_over"":false,""target_overs"":50,""target_runs"":304,""wickets"":10}]",INDIA_WIN,India,COMPLETED,Cricsheet,HISTORICAL_DATA
1122282,ODI,2018-02-10,2017/18,2018,The Wanderers Stadium,Johannesburg,,India,South Africa,True,South Africa,India,bat,"[{""batting_team"":""India"",""declared"":false,""forfeited"":false,""innings_number"":1,""legal_deliveries"":300,""runs"":289,""super_over"":false,""target_overs"":null,""target_runs"":null,""wickets"":7},{""batting_team"":""South Africa"",""declared"":false,""forfeited"":false,""innings_number"":2,""legal_deliveries"":153,""runs"":207,""super_over"":false,""target_overs"":28,""target_runs"":202,""wickets"":5}]",OPPONENT_WIN,South Africa,COMPLETED,Cricsheet,HISTORICAL_DATA
1122283,ODI,2018-02-13,2017/18,2018,St George's Park,Port Elizabeth,,India,South Africa,True,South Africa,South Africa,field,"[{""batting_team"":""India"",""declared"":false,""forfeited"":false,""innings_number"":1,""legal_deliveries"":300,""runs"":274,""super_over"":false,""target_overs"":null,""target_runs"":null,""wickets"":7},{""batting_team"":""South Africa"",""declared"":false,""forfeited"":false,""innings_number"":2,""legal_deliveries"":254,""runs"":201,""super_over"":false,""target_overs"":50,""target_runs"":275,""wickets"":10}]",INDIA_WIN,India,COMPLETED,Cricsheet,HISTORICAL_DATA
1122284,ODI,2018-02-16,2017/18,2018,SuperSport Park,Centurion,,South Africa,India,True,South Africa,India,field,"[{""batting_team"":""South Africa"",""declared"":false,""forfeited"":false,""innings_number"":1,""legal_deliveries"":281,""runs"":204,""super_over"":false,""target_overs"":null,""target_runs"":null,""wickets"":10},{""batting_team"":""India"",""declared"":false,""forfeited"":false,""innings_number"":2,""legal_deliveries"":193,""runs"":206,""super_over"":false,""target_overs"":50,""target_runs"":205,""wickets"":2}]",INDIA_WIN,India,COMPLETED,Cricsheet,HISTORICAL_DATA
1122285,T20I,2018-02-18,2017/18,2018,The Wanderers Stadium,Johannesburg,,India,South Africa,True,South Africa,South Africa,field,"[{""batting_team"":""India"",""declared"":false,""forfeited"":false,""innings_number"":1,""legal_deliveries"":120,""runs"":203,""super_over"":false,""target_overs"":null,""target_runs"":null,""wickets"":5},{""batting_team"":""South Africa"",""declared"":false,""forfeited"":false,""innings_number"":2,""legal_deliveries"":120,""runs"":175,""super_over"":false,""target_overs"":20,""target_runs"":204,""wickets"":9}]",INDIA_WIN,India,COMPLETED,Cricsheet,HISTORICAL_DATA
1122286,T20I,2018-02-21,2017/18,2018,SuperSport Park,Centurion,,India,South Africa,True,South Africa,South Africa,field,"[{""batting_team"":""India"",""declared"":false,""forfeited"":false,""innings_number"":1,""legal_deliveries"":120,""runs"":188,""super_over"":false,""target_overs"":null,""target_runs"":null,""wickets"":4},{""batting_team"":""South Africa"",""declared"":false,""forfeited"":false,""innings_number"":2,""legal_deliveries"":112,""runs"":189,""super_over"":false,""target_overs"":20,""target_runs"":189,""wickets"":4}]",OPPONENT_WIN,South Africa,COMPLETED,Cricsheet,HISTORICAL_DATA
1122287,T20I,2018-02-24,2017/18,2018,Newlands,Cape Town,,India,South Africa,True,South Africa,South Africa,field,"[{""batting_team"":""India"",""declared"":false,""forfeited"":false,""innings_number"":1,""legal_deliveries"":120,""runs"":172,""super_over"":false,""target_overs"":null,""target_runs"":null,""wickets"":7},{""batting_team"":""South Africa"",""declared"":false,""forfeited"":false,""innings_number"":2,""legal_deliveries"":120,""runs"":165,""super_over"":false,""target_overs"":20,""target_runs"":173,""wickets"":6}]",INDIA_WIN,India,COMPLETED,Cricsheet,HISTORICAL_DATA
1133817,T20I,2018-03-06,2017/18,2018,"R.Premadasa Stadium, Khettarama",Colombo,,India,Sri Lanka,True,Sri Lanka,Sri Lanka,field,"[{""batting_team"":""India"",""declared"":false,""forfeited"":false,""innings_number"":1,""legal_deliveries"":120,""runs"":174,""super_over"":false,""target_overs"":null,""target_runs"":null,""wickets"":5},{""batting_team"":""Sri Lanka"",""declared"":false,""forfeited"":false,""innings_number"":2,""legal_deliveries"":111,""runs"":175,""super_over"":false,""target_overs"":20,""target_runs"":175,""wickets"":5}]",OPPONENT_WIN,Sri Lanka,COMPLETED,Cricsheet,HISTORICAL_DATA
1133818,T20I,2018-03-08,2017/18,2018,"R.Premadasa Stadium, Khettarama",Colombo,,Bangladesh,India,True,Bangladesh,India,field,"[{""batting_team"":""Bangladesh"",""declared"":false,""forfeited"":false,""innings_number"":1,""legal_deliveries"":120,""runs"":139,""super_over"":false,""target_overs"":null,""target_runs"":null,""wickets"":8},{""batting_team"":""India"",""declared"":false,""forfeited"":false,""innings_number"":2,""legal_deliveries"":112,""runs"":140,""super_over"":false,""target_overs"":20,""target_runs"":140,""wickets"":4}]",INDIA_WIN,India,COMPLETED,Cricsheet,HISTORICAL_DATA
1133820,T20I,2018-03-12,2017/18,2018,"R.Premadasa Stadium, Khettarama",Colombo,,Sri Lanka,India,True,Sri Lanka,India,field,"[{""batting_team"":""Sri Lanka"",""declared"":false,""forfeited"":false,""innings_number"":1,""legal_deliveries"":114,""runs"":152,""super_over"":false,""target_overs"":null,""target_runs"":null,""wickets"":9},{""batting_team"":""India"",""declared"":false,""forfeited"":false,""innings_number"":2,""legal_deliveries"":105,""runs"":153,""super_over"":false,""target_overs"":19,""target_runs"":153,""wickets"":4}]",INDIA_WIN,India,COMPLETED,Cricsheet,HISTORICAL_DATA
1133821,T20I,2018-03-14,2017/18,2018,"R.Premadasa Stadium, Khettarama",Colombo,,India,Bangladesh,True,Bangladesh,Bangladesh,field,"[{""batting_team"":""India"",""declared"":false,""forfeited"":false,""innings_number"":1,""legal_deliveries"":120,""runs"":176,""super_over"":false,""target_overs"":null,""target_runs"":null,""wickets"":3},{""batting_team"":""Bangladesh"",""declared"":false,""forfeited"":false,""innings_number"":2,""legal_deliveries"":120,""runs"":159,""super_over"":false,""target_overs"":20,""target_runs"":177,""wickets"":6}]",INDIA_WIN,India,COMPLETED,Cricsheet,HISTORICAL_DATA
1133823,T20I,2018-03-18,2017/18,2018,"R.Premadasa Stadium, Khettarama",Colombo,,Bangladesh,India,True,Bangladesh,India,field,"[{""batting_team"":""Bangladesh"",""declared"":false,""forfeited"":false,""innings_number"":1,""legal_deliveries"":120,""runs"":166,""super_over"":false,""target_overs"":null,""target_runs"":null,""wickets"":8},{""batting_team"":""India"",""declared"":false,""forfeited"":false,""innings_number"":2,""legal_deliveries"":120,""runs"":168,""super_over"":false,""target_overs"":20,""target_runs"":167,""wickets"":6}]",INDIA_WIN,India,COMPLETED,Cricsheet,HISTORICAL_DATA
1140992,T20I,2018-06-27,2018,2018,"The Village, Malahide",Dublin,,India,Ireland,True,Ireland,Ireland,field,"[{""batting_team"":""India"",""declared"":false,""forfeited"":false,""innings_number"":1,""legal_deliveries"":120,""runs"":208,""super_over"":false,""target_overs"":null,""target_runs"":null,""wickets"":5},{""batting_team"":""Ireland"",""declared"":false,""forfeited"":false,""innings_number"":2,""legal_deliveries"":120,""runs"":132,""super_over"":false,""target_overs"":20,""target_runs"":209,""wickets"":9}]",INDIA_WIN,India,COMPLETED,Cricsheet,HISTORICAL_DATA
1140993,T20I,2018-06-29,2018,2018,"The Village, Malahide",Dublin,,India,Ireland,True,Ireland,Ireland,field,"[{""batting_team"":""India"",""declared"":false,""forfeited"":false,""innings_number"":1,""legal_deliveries"":120,""runs"":213,""super_over"":false,""target_overs"":null,""target_runs"":null,""wickets"":4},{""batting_team"":""Ireland"",""declared"":false,""forfeited"":false,""innings_number"":2,""legal_deliveries"":75,""runs"":70,""super_over"":false,""target_overs"":20,""target_runs"":214,""wickets"":10}]",INDIA_WIN,India,COMPLETED,Cricsheet,HISTORICAL_DATA
1119543,T20I,2018-07-03,2018,2018,Old Trafford,Manchester,,England,India,True,England,India,field,"[{""batting_team"":""England"",""declared"":false,""forfeited"":false,""innings_number"":1,""legal_deliveries"":120,""runs"":159,""super_over"":false,""target_overs"":null,""target_runs"":null,""wickets"":8},{""batting_team"":""India"",""declared"":false,""forfeited"":false,""innings_number"":2,""legal_deliveries"":110,""runs"":163,""super_over"":false,""target_overs"":20,""target_runs"":160,""wickets"":2}]",INDIA_WIN,India,COMPLETED,Cricsheet,HISTORICAL_DATA
1119544,T20I,2018-07-06,2018,2018,Sophia Gardens,Cardiff,,India,England,True,England,England,field,"[{""batting_team"":""India"",""declared"":false,""forfeited"":false,""innings_number"":1,""legal_deliveries"":120,""runs"":148,""super_over"":false,""target_overs"":null,""target_runs"":null,""wickets"":5},{""batting_team"":""England"",""declared"":false,""forfeited"":false,""innings_number"":2,""legal_deliveries"":118,""runs"":149,""super_over"":false,""target_overs"":20,""target_runs"":149,""wickets"":5}]",OPPONENT_WIN,England,COMPLETED,Cricsheet,HISTORICAL_DATA
1119545,T20I,2018-07-08,2018,2018,County Ground,Bristol,,England,India,True,England,India,field,"[{""batting_team"":""England"",""declared"":false,""forfeited"":false,""innings_number"":1,""legal_deliveries"":120,""runs"":198,""super_over"":false,""target_overs"":null,""target_runs"":null,""wickets"":9},{""batting_team"":""India"",""declared"":false,""forfeited"":false,""innings_number"":2,""legal_deliveries"":112,""runs"":201,""super_over"":false,""target_overs"":20,""target_runs"":199,""wickets"":3}]",INDIA_WIN,India,COMPLETED,Cricsheet,HISTORICAL_DATA
1119546,ODI,2018-07-12,2018,2018,Trent Bridge,Nottingham,,England,India,True,England,India,field,"[{""batting_team"":""England"",""declared"":false,""forfeited"":false,""innings_number"":1,""legal_deliveries"":299,""runs"":268,""super_over"":false,""target_overs"":null,""target_runs"":null,""wickets"":10},{""batting_team"":""India"",""declared"":false,""forfeited"":false,""innings_number"":2,""legal_deliveries"":241,""runs"":269,""super_over"":false,""target_overs"":50,""target_runs"":269,""wickets"":2}]",INDIA_WIN,India,COMPLETED,Cricsheet,HISTORICAL_DATA
1119547,ODI,2018-07-14,2018,2018,Lord's,London,,England,India,True,England,England,bat,"[{""batting_team"":""England"",""declared"":false,""forfeited"":false,""innings_number"":1,""legal_deliveries"":300,""runs"":322,""super_over"":false,""target_overs"":null,""target_runs"":null,""wickets"":7},{""batting_team"":""India"",""declared"":false,""forfeited"":false,""innings_number"":2,""legal_deliveries"":300,""runs"":236,""super_over"":false,""target_overs"":50,""target_runs"":323,""wickets"":10}]",OPPONENT_WIN,England,COMPLETED,Cricsheet,HISTORICAL_DATA
1119548,ODI,2018-07-17,2018,2018,Headingley,Leeds,,India,England,True,England,England,field,"[{""batting_team"":""India"",""declared"":false,""forfeited"":false,""innings_number"":1,""legal_deliveries"":300,""runs"":256,""super_over"":false,""target_overs"":null,""target_runs"":null,""wickets"":8},{""batting_team"":""England"",""declared"":false,""forfeited"":false,""innings_number"":2,""legal_deliveries"":267,""runs"":260,""super_over"":false,""target_overs"":50,""target_runs"":257,""wickets"":2}]",OPPONENT_WIN,England,COMPLETED,Cricsheet,HISTORICAL_DATA
1119549,TEST,2018-08-01,2018,2018,Edgbaston,Birmingham,,England,India,True,England,England,bat,"[{""batting_team"":""England"",""declared"":false,""forfeited"":false,""innings_number"":1,""legal_deliveries"":538,""runs"":287,""super_over"":false,""target_overs"":null,""target_runs"":null,""wickets"":10},{""batting_team"":""India"",""declared"":false,""forfeited"":false,""innings_number"":2,""legal_deliveries"":456,""runs"":274,""super_over"":false,""target_overs"":null,""target_runs"":null,""wickets"":10},{""batting_team"":""England"",""declared"":false,""forfeited"":false,""innings_number"":3,""legal_deliveries"":318,""runs"":180,""super_over"":false,""target_overs"":null,""target_runs"":null,""wickets"":10},{""batting_team"":""India"",""declared"":false,""forfeited"":false,""innings_number"":4,""legal_deliveries"":326,""runs"":162,""super_over"":false,""target_overs"":null,""target_runs"":null,""wickets"":10}]",OPPONENT_WIN,England,COMPLETED,Cricsheet,HISTORICAL_DATA
1119550,TEST,2018-08-09,2018,2018,Lord's,London,,India,England,True,England,England,field,"[{""batting_team"":""India"",""declared"":false,""forfeited"":false,""innings_number"":1,""legal_deliveries"":212,""runs"":107,""super_over"":false,""target_overs"":null,""target_runs"":null,""wickets"":10},{""batting_team"":""England"",""declared"":true,""forfeited"":false,""innings_number"":2,""legal_deliveries"":529,""runs"":396,""super_over"":false,""target_overs"":null,""target_runs"":null,""wickets"":7},{""batting_team"":""India"",""declared"":false,""forfeited"":false,""innings_number"":3,""legal_deliveries"":282,""runs"":130,""super_over"":false,""target_overs"":null,""target_runs"":null,""wickets"":10}]",OPPONENT_WIN,England,COMPLETED,Cricsheet,HISTORICAL_DATA
1119551,TEST,2018-08-18,2018,2018,Trent Bridge,Nottingham,,India,England,True,England,England,field,"[{""batting_team"":""India"",""declared"":false,""forfeited"":false,""innings_number"":1,""legal_deliveries"":569,""runs"":329,""super_over"":false,""target_overs"":null,""target_runs"":null,""wickets"":10},{""batting_team"":""England"",""declared"":false,""forfeited"":false,""innings_number"":2,""legal_deliveries"":230,""runs"":161,""super_over"":false,""target_overs"":null,""target_runs"":null,""wickets"":10},{""batting_team"":""India"",""declared"":true,""forfeited"":false,""innings_number"":3,""legal_deliveries"":660,""runs"":352,""super_over"":false,""target_overs"":null,""target_runs"":null,""wickets"":7},{""batting_team"":""England"",""declared"":false,""forfeited"":false,""innings_number"":4,""legal_deliveries"":629,""runs"":317,""super_over"":false,""target_overs"":null,""target_runs"":null,""wickets"":10}]",INDIA_WIN,India,COMPLETED,Cricsheet,HISTORICAL_DATA
1119552,TEST,2018-08-30,2018,2018,The Rose Bowl,Southampton,,England,India,True,England,England,bat,"[{""batting_team"":""England"",""declared"":false,""forfeited"":false,""innings_number"":1,""legal_deliveries"":460,""runs"":246,""super_over"":false,""target_overs"":null,""target_runs"":null,""wickets"":10},{""batting_team"":""India"",""declared"":false,""forfeited"":false,""innings_number"":2,""legal_deliveries"":509,""runs"":273,""super_over"":false,""target_overs"":null,""target_runs"":null,""wickets"":10},{""batting_team"":""England"",""declared"":false,""forfeited"":false,""innings_number"":3,""legal_deliveries"":577,""runs"":271,""super_over"":false,""target_overs"":null,""target_runs"":null,""wickets"":10},{""batting_team"":""India"",""declared"":false,""forfeited"":false,""innings_number"":4,""legal_deliveries"":418,""runs"":184,""super_over"":false,""target_overs"":null,""target_runs"":null,""wickets"":10}]",OPPONENT_WIN,England,COMPLETED,Cricsheet,HISTORICAL_DATA
1119553,TEST,2018-09-07,2018,2018,Kennington Oval,London,,England,India,True,England,England,bat,"[{""batting_team"":""England"",""declared"":false,""forfeited"":false,""innings_number"":1,""legal_deliveries"":732,""runs"":332,""super_over"":false,""target_overs"":null,""target_runs"":null,""wickets"":10},{""batting_team"":""India"",""declared"":false,""forfeited"":false,""innings_number"":2,""legal_deliveries"":570,""runs"":292,""super_over"":false,""target_overs"":null,""target_runs"":null,""wickets"":10},{""batting_team"":""England"",""declared"":true,""forfeited"":false,""innings_number"":3,""legal_deliveries"":675,""runs"":423,""super_over"":false,""target_overs"":null,""target_runs"":null,""wickets"":8},{""batting_team"":""India"",""declared"":false,""forfeited"":false,""innings_number"":4,""legal_deliveries"":567,""runs"":345,""super_over"":false,""target_overs"":null,""target_runs"":null,""wickets"":10}]",OPPONENT_WIN,England,COMPLETED,Cricsheet,HISTORICAL_DATA
1153246,ODI,2018-09-18,2018,2018,Dubai International Cricket Stadium,,,India,Hong Kong,True,Hong Kong,Hong Kong,field,"[{""batting_team"":""India"",""declared"":false,""forfeited"":false,""innings_number"":1,""legal_deliveries"":300,""runs"":285,""super_over"":false,""target_overs"":null,""target_runs"":null,""wickets"":7},{""batting_team"":""Hong Kong"",""declared"":false,""forfeited"":false,""innings_number"":2,""legal_deliveries"":300,""runs"":259,""super_over"":false,""target_overs"":50,""target_runs"":286,""wickets"":8}]",INDIA_WIN,India,COMPLETED,Cricsheet,HISTORICAL_DATA
1153247,ODI,2018-09-19,2018,2018,Dubai International Cricket Stadium,,,Pakistan,India,True,Pakistan,Pakistan,bat,"[{""batting_team"":""Pakistan"",""declared"":false,""forfeited"":false,""innings_number"":1,""legal_deliveries"":259,""runs"":162,""super_over"":false,""target_overs"":null,""target_runs"":null,""wickets"":10},{""batting_team"":""India"",""declared"":false,""forfeited"":false,""innings_number"":2,""legal_deliveries"":174,""runs"":164,""super_over"":false,""target_overs"":50,""target_runs"":163,""wickets"":2}]",INDIA_WIN,India,COMPLETED,Cricsheet,HISTORICAL_DATA
1153249,ODI,2018-09-21,2018,2018,Dubai International Cricket Stadium,,,Bangladesh,India,True,Bangladesh,India,field,"[{""batting_team"":""Bangladesh"",""declared"":false,""forfeited"":false,""innings_number"":1,""legal_deliveries"":295,""runs"":173,""super_over"":false,""target_overs"":null,""target_runs"":null,""wickets"":10},{""batting_team"":""India"",""declared"":false,""forfeited"":false,""innings_number"":2,""legal_deliveries"":218,""runs"":174,""super_over"":false,""target_overs"":50,""target_runs"":174,""wickets"":3}]",INDIA_WIN,India,COMPLETED,Cricsheet,HISTORICAL_DATA
1153251,ODI,2018-09-23,2018,2018,Dubai International Cricket Stadium,,,Pakistan,India,True,Pakistan,Pakistan,bat,"[{""batting_team"":""Pakistan"",""declared"":false,""forfeited"":false,""innings_number"":1,""legal_deliveries"":300,""runs"":237,""super_over"":false,""target_overs"":null,""target_runs"":null,""wickets"":7},{""batting_team"":""India"",""declared"":false,""forfeited"":false,""innings_number"":2,""legal_deliveries"":237,""runs"":238,""super_over"":false,""target_overs"":50,""target_runs"":238,""wickets"":1}]",INDIA_WIN,India,COMPLETED,Cricsheet,HISTORICAL_DATA
1153255,ODI,2018-09-28,2018,2018,Dubai International Cricket Stadium,,,Bangladesh,India,True,Bangladesh,India,field,"[{""batting_team"":""Bangladesh"",""declared"":false,""forfeited"":false,""innings_number"":1,""legal_deliveries"":291,""runs"":222,""super_over"":false,""target_overs"":null,""target_runs"":null,""wickets"":10},{""batting_team"":""India"",""declared"":false,""forfeited"":false,""innings_number"":2,""legal_deliveries"":300,""runs"":223,""super_over"":false,""target_overs"":50,""target_runs"":223,""wickets"":7}]",INDIA_WIN,India,COMPLETED,Cricsheet,HISTORICAL_DATA
1157752,TEST,2018-10-04,2018/19,2018,Saurashtra Cricket Association Stadium,Rajkot,,India,West Indies,True,West Indies,India,bat,"[{""batting_team"":""India"",""declared"":true,""forfeited"":false,""innings_number"":1,""legal_deliveries"":899,""runs"":649,""super_over"":false,""target_overs"":null,""target_runs"":null,""wickets"":9},{""batting_team"":""West Indies"",""declared"":false,""forfeited"":false,""innings_number"":2,""legal_deliveries"":288,""runs"":181,""super_over"":false,""target_overs"":null,""target_runs"":null,""wickets"":10},{""batting_team"":""West Indies"",""declared"":false,""forfeited"":false,""innings_number"":3,""legal_deliveries"":305,""runs"":196,""super_over"":false,""target_overs"":null,""target_runs"":null,""wickets"":10}]",INDIA_WIN,India,COMPLETED,Cricsheet,HISTORICAL_DATA
1157753,TEST,2018-10-12,2018/19,2018,"Rajiv Gandhi International Stadium, Uppal",Hyderabad,,West Indies,India,True,West Indies,West Indies,bat,"[{""batting_team"":""West Indies"",""declared"":false,""forfeited"":false,""innings_number"":1,""legal_deliveries"":610,""runs"":311,""super_over"":false,""target_overs"":null,""target_runs"":null,""wickets"":10},{""batting_team"":""India"",""declared"":false,""forfeited"":false,""innings_number"":2,""legal_deliveries"":640,""runs"":367,""super_over"":false,""target_overs"":null,""target_runs"":null,""wickets"":10},{""batting_team"":""West Indies"",""declared"":false,""forfeited"":false,""innings_number"":3,""legal_deliveries"":277,""runs"":127,""super_over"":false,""target_overs"":null,""target_runs"":null,""wickets"":10},{""batting_team"":""India"",""declared"":false,""forfeited"":false,""innings_number"":4,""legal_deliveries"":97,""runs"":75,""super_over"":false,""target_overs"":null,""target_runs"":null,""wickets"":0}]",INDIA_WIN,India,COMPLETED,Cricsheet,HISTORICAL_DATA
1157754,ODI,2018-10-21,2018/19,2018,Barsapara Cricket Stadium,Guwahati,,West Indies,India,True,West Indies,India,field,"[{""batting_team"":""West Indies"",""declared"":false,""forfeited"":false,""innings_number"":1,""legal_deliveries"":300,""runs"":322,""super_over"":false,""target_overs"":null,""target_runs"":null,""wickets"":8},{""batting_team"":""India"",""declared"":false,""forfeited"":false,""innings_number"":2,""legal_deliveries"":253,""runs"":326,""super_over"":false,""target_overs"":50,""target_runs"":323,""wickets"":2}]",INDIA_WIN,India,COMPLETED,Cricsheet,HISTORICAL_DATA
1157755,ODI,2018-10-24,2018/19,2018,Dr. Y.S. Rajasekhara Reddy ACA-VDCA Cricket Stadium,Visakhapatnam,,India,West Indies,True,West Indies,India,bat,"[{""batting_team"":""India"",""declared"":false,""forfeited"":false,""innings_number"":1,""legal_deliveries"":300,""runs"":321,""super_over"":false,""target_overs"":null,""target_runs"":null,""wickets"":6},{""batting_team"":""West Indies"",""declared"":false,""forfeited"":false,""innings_number"":2,""legal_deliveries"":300,""runs"":321,""super_over"":false,""target_overs"":50,""target_runs"":322,""wickets"":7}]",,,TIED,Cricsheet,HISTORICAL_DATA
1157756,ODI,2018-10-27,2018/19,2018,Maharashtra Cricket Association Stadium,Pune,,West Indies,India,True,West Indies,India,field,"[{""batting_team"":""West Indies"",""declared"":false,""forfeited"":false,""innings_number"":1,""legal_deliveries"":300,""runs"":283,""super_over"":false,""target_overs"":null,""target_runs"":null,""wickets"":9},{""batting_team"":""India"",""declared"":false,""forfeited"":false,""innings_number"":2,""legal_deliveries"":286,""runs"":240,""super_over"":false,""target_overs"":50,""target_runs"":284,""wickets"":10}]",OPPONENT_WIN,West Indies,COMPLETED,Cricsheet,HISTORICAL_DATA
1157757,ODI,2018-10-29,2018/19,2018,Brabourne Stadium,Mumbai,,India,West Indies,True,West Indies,India,bat,"[{""batting_team"":""India"",""declared"":false,""forfeited"":false,""innings_number"":1,""legal_deliveries"":300,""runs"":377,""super_over"":false,""target_overs"":null,""target_runs"":null,""wickets"":5},{""batting_team"":""West Indies"",""declared"":false,""forfeited"":false,""innings_number"":2,""legal_deliveries"":218,""runs"":153,""super_over"":false,""target_overs"":50,""target_runs"":378,""wickets"":10}]",INDIA_WIN,India,COMPLETED,Cricsheet,HISTORICAL_DATA
1157758,ODI,2018-11-01,2018/19,2018,Greenfield International Stadium,Thiruvananthapuram,,West Indies,India,True,West Indies,West Indies,bat,"[{""batting_team"":""West Indies"",""declared"":false,""forfeited"":false,""innings_number"":1,""legal_deliveries"":191,""runs"":104,""super_over"":false,""target_overs"":null,""target_runs"":null,""wickets"":10},{""batting_team"":""India"",""declared"":false,""forfeited"":false,""innings_number"":2,""legal_deliveries"":89,""runs"":105,""super_over"":false,""target_overs"":50,""target_runs"":105,""wickets"":1}]",INDIA_WIN,India,COMPLETED,Cricsheet,HISTORICAL_DATA
1157759,T20I,2018-11-04,2018/19,2018,Eden Gardens,Kolkata,,West Indies,India,True,West Indies,India,field,"[{""batting_team"":""West Indies"",""declared"":false,""forfeited"":false,""innings_number"":1,""legal_deliveries"":120,""runs"":109,""super_over"":false,""target_overs"":null,""target_runs"":null,""wickets"":8},{""batting_team"":""India"",""declared"":false,""forfeited"":false,""innings_number"":2,""legal_deliveries"":107,""runs"":110,""super_over"":false,""target_overs"":20,""target_runs"":110,""wickets"":5}]",INDIA_WIN,India,COMPLETED,Cricsheet,HISTORICAL_DATA
1157760,T20I,2018-11-06,2018/19,2018,Bharat Ratna Shri Atal Bihari Vajpayee Ekana Cricket Stadium,Lucknow,,India,West Indies,True,West Indies,West Indies,field,"[{""batting_team"":""India"",""declared"":false,""forfeited"":false,""innings_number"":1,""legal_deliveries"":120,""runs"":195,""super_over"":false,""target_overs"":null,""target_runs"":null,""wickets"":2},{""batting_team"":""West Indies"",""declared"":false,""forfeited"":false,""innings_number"":2,""legal_deliveries"":120,""runs"":124,""super_over"":false,""target_overs"":20,""target_runs"":196,""wickets"":9}]",INDIA_WIN,India,COMPLETED,Cricsheet,HISTORICAL_DATA
1157761,T20I,2018-11-11,2018/19,2018,"MA Chidambaram Stadium, Chepauk",Chennai,,West Indies,India,True,West Indies,West Indies,bat,"[{""batting_team"":""West Indies"",""declared"":false,""forfeited"":false,""innings_number"":1,""legal_deliveries"":120,""runs"":181,""super_over"":false,""target_overs"":null,""target_runs"":null,""wickets"":3},{""batting_team"":""India"",""declared"":false,""forfeited"":false,""innings_number"":2,""legal_deliveries"":120,""runs"":182,""super_over"":false,""target_overs"":20,""target_runs"":182,""wickets"":4}]",INDIA_WIN,India,COMPLETED,Cricsheet,HISTORICAL_DATA
1144990,T20I,2018-11-21,2018/19,2018,"Brisbane Cricket Ground, Woolloongabba",Brisbane,,Australia,India,True,Australia,India,field,"[{""batting_team"":""Australia"",""declared"":false,""forfeited"":false,""innings_number"":1,""legal_deliveries"":102,""runs"":158,""super_over"":false,""target_overs"":null,""target_runs"":null,""wickets"":4},{""batting_team"":""India"",""declared"":false,""forfeited"":false,""innings_number"":2,""legal_deliveries"":102,""runs"":169,""super_over"":false,""target_overs"":17,""target_runs"":174,""wickets"":7}]",OPPONENT_WIN,Australia,COMPLETED,Cricsheet,HISTORICAL_DATA
1144991,T20I,2018-11-23,2018/19,2018,Melbourne Cricket Ground,,,Australia,India,True,Australia,India,field,"[{""batting_team"":""Australia"",""declared"":false,""forfeited"":false,""innings_number"":1,""legal_deliveries"":114,""runs"":132,""super_over"":false,""target_overs"":null,""target_runs"":null,""wickets"":7}]",,,NO_RESULT,Cricsheet,HISTORICAL_DATA
1144992,T20I,2018-11-25,2018/19,2018,Sydney Cricket Ground,,,Australia,India,True,Australia,Australia,bat,"[{""batting_team"":""Australia"",""declared"":false,""forfeited"":false,""innings_number"":1,""legal_deliveries"":120,""runs"":164,""super_over"":false,""target_overs"":null,""target_runs"":null,""wickets"":6},{""batting_team"":""India"",""declared"":false,""forfeited"":false,""innings_number"":2,""legal_deliveries"":118,""runs"":168,""super_over"":false,""target_overs"":20,""target_runs"":165,""wickets"":4}]",INDIA_WIN,India,COMPLETED,Cricsheet,HISTORICAL_DATA
1144993,TEST,2018-12-06,2018/19,2018,Adelaide Oval,,,India,Australia,True,Australia,India,bat,"[{""batting_team"":""India"",""declared"":false,""forfeited"":false,""innings_number"":1,""legal_deliveries"":528,""runs"":250,""super_over"":false,""target_overs"":null,""target_runs"":null,""wickets"":10},{""batting_team"":""Australia"",""declared"":false,""forfeited"":false,""innings_number"":2,""legal_deliveries"":592,""runs"":235,""super_over"":false,""target_overs"":null,""target_runs"":null,""wickets"":10},{""batting_team"":""India"",""declared"":false,""forfeited"":false,""innings_number"":3,""legal_deliveries"":641,""runs"":307,""super_over"":false,""target_overs"":null,""target_runs"":null,""wickets"":10},{""batting_team"":""Australia"",""declared"":false,""forfeited"":false,""innings_number"":4,""legal_deliveries"":719,""runs"":291,""super_over"":false,""target_overs"":null,""target_runs"":null,""wickets"":10}]",INDIA_WIN,India,COMPLETED,Cricsheet,HISTORICAL_DATA
1144994,TEST,2018-12-14,2018/19,2018,Perth Stadium,,,Australia,India,True,Australia,Australia,bat,"[{""batting_team"":""Australia"",""declared"":false,""forfeited"":false,""innings_number"":1,""legal_deliveries"":651,""runs"":326,""super_over"":false,""target_overs"":null,""target_runs"":null,""wickets"":10},{""batting_team"":""India"",""declared"":false,""forfeited"":false,""innings_number"":2,""legal_deliveries"":635,""runs"":283,""super_over"":false,""target_overs"":null,""target_runs"":null,""wickets"":10},{""batting_team"":""Australia"",""declared"":false,""forfeited"":false,""innings_number"":3,""legal_deliveries"":560,""runs"":243,""super_over"":false,""target_overs"":null,""target_runs"":null,""wickets"":10},{""batting_team"":""India"",""declared"":false,""forfeited"":false,""innings_number"":4,""legal_deliveries"":336,""runs"":140,""super_over"":false,""target_overs"":null,""target_runs"":null,""wickets"":10}]",OPPONENT_WIN,Australia,COMPLETED,Cricsheet,HISTORICAL_DATA
1144995,TEST,2018-12-26,2018/19,2018,Melbourne Cricket Ground,Melbourne,,Australia,India,True,Australia,India,bat,"[{""batting_team"":""India"",""declared"":true,""forfeited"":false,""innings_number"":1,""legal_deliveries"":1018,""runs"":443,""super_over"":false,""target_overs"":null,""target_runs"":null,""wickets"":7},{""batting_team"":""Australia"",""declared"":false,""forfeited"":false,""innings_number"":2,""legal_deliveries"":401,""runs"":151,""super_over"":false,""target_overs"":null,""target_runs"":null,""wickets"":10},{""batting_team"":""India"",""declared"":true,""forfeited"":false,""innings_number"":3,""legal_deliveries"":225,""runs"":106,""super_over"":false,""target_overs"":null,""target_runs"":null,""wickets"":8},{""batting_team"":""Australia"",""declared"":false,""forfeited"":false,""innings_number"":4,""legal_deliveries"":537,""runs"":261,""super_over"":false,""target_overs"":null,""target_runs"":null,""wickets"":10}]",INDIA_WIN,India,COMPLETED,Cricsheet,HISTORICAL_DATA
1144996,TEST,2019-01-03,2018/19,2019,Sydney Cricket Ground,Sydney,,Australia,India,True,Australia,India,bat,"[{""batting_team"":""India"",""declared"":true,""forfeited"":false,""innings_number"":1,""legal_deliveries"":1004,""runs"":622,""super_over"":false,""target_overs"":null,""target_runs"":null,""wickets"":7},{""batting_team"":""Australia"",""declared"":false,""forfeited"":false,""innings_number"":2,""legal_deliveries"":629,""runs"":300,""super_over"":false,""target_overs"":null,""target_runs"":null,""wickets"":10},{""batting_team"":""Australia"",""declared"":false,""forfeited"":false,""innings_number"":3,""legal_deliveries"":24,""runs"":6,""super_over"":false,""target_overs"":null,""target_runs"":null,""wickets"":0}]",DRAW,,DRAWN,Cricsheet,HISTORICAL_DATA
1144997,ODI,2019-01-12,2018/19,2019,Sydney Cricket Ground,Sydney,,Australia,India,True,Australia,Australia,bat,"[{""batting_team"":""Australia"",""declared"":false,""forfeited"":false,""innings_number"":1,""legal_deliveries"":300,""runs"":288,""super_over"":false,""target_overs"":null,""target_runs"":null,""wickets"":5},{""batting_team"":""India"",""declared"":false,""forfeited"":false,""innings_number"":2,""legal_deliveries"":300,""runs"":254,""super_over"":false,""target_overs"":50,""target_runs"":289,""wickets"":9}]",OPPONENT_WIN,Australia,COMPLETED,Cricsheet,HISTORICAL_DATA
1144998,ODI,2019-01-15,2018/19,2019,Adelaide Oval,Adelaide,,Australia,India,True,Australia,Australia,bat,"[{""batting_team"":""Australia"",""declared"":false,""forfeited"":false,""innings_number"":1,""legal_deliveries"":300,""runs"":298,""super_over"":false,""target_overs"":null,""target_runs"":null,""wickets"":9},{""batting_team"":""India"",""declared"":false,""forfeited"":false,""innings_number"":2,""legal_deliveries"":296,""runs"":299,""super_over"":false,""target_overs"":50,""target_runs"":299,""wickets"":4}]",INDIA_WIN,India,COMPLETED,Cricsheet,HISTORICAL_DATA
1144999,ODI,2019-01-18,2018/19,2019,Melbourne Cricket Ground,Melbourne,,Australia,India,True,Australia,India,field,"[{""batting_team"":""Australia"",""declared"":false,""forfeited"":false,""innings_number"":1,""legal_deliveries"":292,""runs"":230,""super_over"":false,""target_overs"":null,""target_runs"":null,""wickets"":10},{""batting_team"":""India"",""declared"":false,""forfeited"":false,""innings_number"":2,""legal_deliveries"":296,""runs"":234,""super_over"":false,""target_overs"":50,""target_runs"":231,""wickets"":3}]",INDIA_WIN,India,COMPLETED,Cricsheet,HISTORICAL_DATA
1153691,ODI,2019-01-23,2018/19,2019,McLean Park,Napier,,New Zealand,India,True,New Zealand,New Zealand,bat,"[{""batting_team"":""New Zealand"",""declared"":false,""forfeited"":false,""innings_number"":1,""legal_deliveries"":228,""runs"":157,""super_over"":false,""target_overs"":null,""target_runs"":null,""wickets"":10},{""batting_team"":""India"",""declared"":false,""forfeited"":false,""innings_number"":2,""legal_deliveries"":209,""runs"":156,""super_over"":false,""target_overs"":49,""target_runs"":156,""wickets"":2}]",INDIA_WIN,India,COMPLETED,Cricsheet,HISTORICAL_DATA
1153692,ODI,2019-01-26,2018/19,2019,Bay Oval,Mount Maunganui,,New Zealand,India,True,New Zealand,India,bat,"[{""batting_team"":""India"",""declared"":false,""forfeited"":false,""innings_number"":1,""legal_deliveries"":300,""runs"":324,""super_over"":false,""target_overs"":null,""target_runs"":null,""wickets"":4},{""batting_team"":""New Zealand"",""declared"":false,""forfeited"":false,""innings_number"":2,""legal_deliveries"":242,""runs"":234,""super_over"":false,""target_overs"":50,""target_runs"":325,""wickets"":10}]",INDIA_WIN,India,COMPLETED,Cricsheet,HISTORICAL_DATA
1153693,ODI,2019-01-28,2018/19,2019,Bay Oval,Mount Maunganui,,New Zealand,India,True,New Zealand,New Zealand,bat,"[{""batting_team"":""New Zealand"",""declared"":false,""forfeited"":false,""innings_number"":1,""legal_deliveries"":295,""runs"":243,""super_over"":false,""target_overs"":null,""target_runs"":null,""wickets"":10},{""batting_team"":""India"",""declared"":false,""forfeited"":false,""innings_number"":2,""legal_deliveries"":258,""runs"":245,""super_over"":false,""target_overs"":50,""target_runs"":244,""wickets"":3}]",INDIA_WIN,India,COMPLETED,Cricsheet,HISTORICAL_DATA
1153694,ODI,2019-01-31,2018/19,2019,Seddon Park,Hamilton,,New Zealand,India,True,New Zealand,New Zealand,field,"[{""batting_team"":""India"",""declared"":false,""forfeited"":false,""innings_number"":1,""legal_deliveries"":185,""runs"":92,""super_over"":false,""target_overs"":null,""target_runs"":null,""wickets"":10},{""batting_team"":""New Zealand"",""declared"":false,""forfeited"":false,""innings_number"":2,""legal_deliveries"":88,""runs"":93,""super_over"":false,""target_overs"":50,""target_runs"":93,""wickets"":2}]",OPPONENT_WIN,New Zealand,COMPLETED,Cricsheet,HISTORICAL_DATA
1153695,ODI,2019-02-03,2018/19,2019,Westpac Stadium,Wellington,,New Zealand,India,True,New Zealand,India,bat,"[{""batting_team"":""India"",""declared"":false,""forfeited"":false,""innings_number"":1,""legal_deliveries"":299,""runs"":252,""super_over"":false,""target_overs"":null,""target_runs"":null,""wickets"":10},{""batting_team"":""New Zealand"",""declared"":false,""forfeited"":false,""innings_number"":2,""legal_deliveries"":265,""runs"":217,""super_over"":false,""target_overs"":50,""target_runs"":253,""wickets"":10}]",INDIA_WIN,India,COMPLETED,Cricsheet,HISTORICAL_DATA
1153696,T20I,2019-02-06,2018/19,2019,Westpac Stadium,Wellington,,New Zealand,India,True,New Zealand,India,field,"[{""batting_team"":""New Zealand"",""declared"":false,""forfeited"":false,""innings_number"":1,""legal_deliveries"":120,""runs"":219,""super_over"":false,""target_overs"":null,""target_runs"":null,""wickets"":6},{""batting_team"":""India"",""declared"":false,""forfeited"":false,""innings_number"":2,""legal_deliveries"":116,""runs"":139,""super_over"":false,""target_overs"":20,""target_runs"":220,""wickets"":10}]",OPPONENT_WIN,New Zealand,COMPLETED,Cricsheet,HISTORICAL_DATA
1153697,T20I,2019-02-08,2018/19,2019,Eden Park,Auckland,,New Zealand,India,True,New Zealand,New Zealand,bat,"[{""batting_team"":""New Zealand"",""declared"":false,""forfeited"":false,""innings_number"":1,""legal_deliveries"":120,""runs"":158,""super_over"":false,""target_overs"":null,""target_runs"":null,""wickets"":8},{""batting_team"":""India"",""declared"":false,""forfeited"":false,""innings_number"":2,""legal_deliveries"":113,""runs"":162,""super_over"":false,""target_overs"":20,""target_runs"":159,""wickets"":3}]",INDIA_WIN,India,COMPLETED,Cricsheet,HISTORICAL_DATA
1153698,T20I,2019-02-10,2018/19,2019,Seddon Park,Hamilton,,New Zealand,India,True,New Zealand,India,field,"[{""batting_team"":""New Zealand"",""declared"":false,""forfeited"":false,""innings_number"":1,""legal_deliveries"":120,""runs"":212,""super_over"":false,""target_overs"":null,""target_runs"":null,""wickets"":4},{""batting_team"":""India"",""declared"":false,""forfeited"":false,""innings_number"":2,""legal_deliveries"":120,""runs"":208,""super_over"":false,""target_overs"":20,""target_runs"":213,""wickets"":6}]",OPPONENT_WIN,New Zealand,COMPLETED,Cricsheet,HISTORICAL_DATA
1168247,T20I,2019-02-24,2018/19,2019,Dr. Y.S. Rajasekhara Reddy ACA-VDCA Cricket Stadium,Visakhapatnam,,India,Australia,True,Australia,Australia,field,"[{""batting_team"":""India"",""declared"":false,""forfeited"":false,""innings_number"":1,""legal_deliveries"":120,""runs"":126,""super_over"":false,""target_overs"":null,""target_runs"":null,""wickets"":7},{""batting_team"":""Australia"",""declared"":false,""forfeited"":false,""innings_number"":2,""legal_deliveries"":120,""runs"":127,""super_over"":false,""target_overs"":20,""target_runs"":127,""wickets"":7}]",OPPONENT_WIN,Australia,COMPLETED,Cricsheet,HISTORICAL_DATA
1168248,T20I,2019-02-27,2018/19,2019,M.Chinnaswamy Stadium,Bengaluru,,India,Australia,True,Australia,Australia,field,"[{""batting_team"":""India"",""declared"":false,""forfeited"":false,""innings_number"":1,""legal_deliveries"":120,""runs"":190,""super_over"":false,""target_overs"":null,""target_runs"":null,""wickets"":4},{""batting_team"":""Australia"",""declared"":false,""forfeited"":false,""innings_number"":2,""legal_deliveries"":118,""runs"":194,""super_over"":false,""target_overs"":20,""target_runs"":191,""wickets"":3}]",OPPONENT_WIN,Australia,COMPLETED,Cricsheet,HISTORICAL_DATA
1168242,ODI,2019-03-02,2018/19,2019,"Rajiv Gandhi International Stadium, Uppal",Hyderabad,,India,Australia,True,Australia,Australia,bat,"[{""batting_team"":""Australia"",""declared"":false,""forfeited"":false,""innings_number"":1,""legal_deliveries"":300,""runs"":236,""super_over"":false,""target_overs"":null,""target_runs"":null,""wickets"":7},{""batting_team"":""India"",""declared"":false,""forfeited"":false,""innings_number"":2,""legal_deliveries"":290,""runs"":240,""super_over"":false,""target_overs"":50,""target_runs"":237,""wickets"":4}]",INDIA_WIN,India,COMPLETED,Cricsheet,HISTORICAL_DATA
1168243,ODI,2019-03-05,2018/19,2019,"Vidarbha Cricket Association Stadium, Jamtha",Nagpur,,India,Australia,True,Australia,Australia,field,"[{""batting_team"":""India"",""declared"":false,""forfeited"":false,""innings_number"":1,""legal_deliveries"":290,""runs"":250,""super_over"":false,""target_overs"":null,""target_runs"":null,""wickets"":10},{""batting_team"":""Australia"",""declared"":false,""forfeited"":false,""innings_number"":2,""legal_deliveries"":297,""runs"":242,""super_over"":false,""target_overs"":50,""target_runs"":251,""wickets"":10}]",INDIA_WIN,India,COMPLETED,Cricsheet,HISTORICAL_DATA
1168244,ODI,2019-03-08,2018/19,2019,JSCA International Stadium Complex,Ranchi,,India,Australia,True,Australia,India,field,"[{""batting_team"":""Australia"",""declared"":false,""forfeited"":false,""innings_number"":1,""legal_deliveries"":300,""runs"":313,""super_over"":false,""target_overs"":null,""target_runs"":null,""wickets"":5},{""batting_team"":""India"",""declared"":false,""forfeited"":false,""innings_number"":2,""legal_deliveries"":290,""runs"":281,""super_over"":false,""target_overs"":50,""target_runs"":314,""wickets"":10}]",OPPONENT_WIN,Australia,COMPLETED,Cricsheet,HISTORICAL_DATA
1168245,ODI,2019-03-10,2018/19,2019,"Punjab Cricket Association IS Bindra Stadium, Mohali",Chandigarh,,India,Australia,True,Australia,India,bat,"[{""batting_team"":""India"",""declared"":false,""forfeited"":false,""innings_number"":1,""legal_deliveries"":300,""runs"":358,""super_over"":false,""target_overs"":null,""target_runs"":null,""wickets"":9},{""batting_team"":""Australia"",""declared"":false,""forfeited"":false,""innings_number"":2,""legal_deliveries"":287,""runs"":359,""super_over"":false,""target_overs"":50,""target_runs"":359,""wickets"":6}]",OPPONENT_WIN,Australia,COMPLETED,Cricsheet,HISTORICAL_DATA
1168246,ODI,2019-03-13,2018/19,2019,Arun Jaitley Stadium,Delhi,,India,Australia,True,Australia,Australia,bat,"[{""batting_team"":""Australia"",""declared"":false,""forfeited"":false,""innings_number"":1,""legal_deliveries"":300,""runs"":272,""super_over"":false,""target_overs"":null,""target_runs"":null,""wickets"":9},{""batting_team"":""India"",""declared"":false,""forfeited"":false,""innings_number"":2,""legal_deliveries"":300,""runs"":237,""super_over"":false,""target_overs"":50,""target_runs"":273,""wickets"":10}]",OPPONENT_WIN,Australia,COMPLETED,Cricsheet,HISTORICAL_DATA
1144490,ODI,2019-06-05,2019,2019,The Rose Bowl,Southampton,,India,South Africa,True,South Africa,South Africa,bat,"[{""batting_team"":""South Africa"",""declared"":false,""forfeited"":false,""innings_number"":1,""legal_deliveries"":300,""runs"":227,""super_over"":false,""target_overs"":null,""target_runs"":null,""wickets"":9},{""batting_team"":""India"",""declared"":false,""forfeited"":false,""innings_number"":2,""legal_deliveries"":285,""runs"":230,""super_over"":false,""target_overs"":50,""target_runs"":228,""wickets"":4}]",INDIA_WIN,India,COMPLETED,Cricsheet,HISTORICAL_DATA
1144496,ODI,2019-06-09,2019,2019,Kennington Oval,London,,Australia,India,True,Australia,India,bat,"[{""batting_team"":""India"",""declared"":false,""forfeited"":false,""innings_number"":1,""legal_deliveries"":300,""runs"":352,""super_over"":false,""target_overs"":null,""target_runs"":null,""wickets"":5},{""batting_team"":""Australia"",""declared"":false,""forfeited"":false,""innings_number"":2,""legal_deliveries"":300,""runs"":316,""super_over"":false,""target_overs"":50,""target_runs"":353,""wickets"":10}]",INDIA_WIN,India,COMPLETED,Cricsheet,HISTORICAL_DATA
1144504,ODI,2019-06-16,2019,2019,Old Trafford,Manchester,,India,Pakistan,True,Pakistan,Pakistan,field,"[{""batting_team"":""India"",""declared"":false,""forfeited"":false,""innings_number"":1,""legal_deliveries"":300,""runs"":336,""super_over"":false,""target_overs"":null,""target_runs"":null,""wickets"":5},{""batting_team"":""Pakistan"",""declared"":false,""forfeited"":false,""innings_number"":2,""legal_deliveries"":240,""runs"":212,""super_over"":false,""target_overs"":40,""target_runs"":302,""wickets"":6}]",INDIA_WIN,India,COMPLETED,Cricsheet,HISTORICAL_DATA
1144516,ODI,2019-06-27,2019,2019,Old Trafford,Manchester,,India,West Indies,True,West Indies,India,bat,"[{""batting_team"":""India"",""declared"":false,""forfeited"":false,""innings_number"":1,""legal_deliveries"":300,""runs"":268,""super_over"":false,""target_overs"":null,""target_runs"":null,""wickets"":7},{""batting_team"":""West Indies"",""declared"":false,""forfeited"":false,""innings_number"":2,""legal_deliveries"":206,""runs"":143,""super_over"":false,""target_overs"":50,""target_runs"":269,""wickets"":10}]",INDIA_WIN,India,COMPLETED,Cricsheet,HISTORICAL_DATA
1144520,ODI,2019-06-30,2019,2019,Edgbaston,Birmingham,,England,India,True,England,England,bat,"[{""batting_team"":""England"",""declared"":false,""forfeited"":false,""innings_number"":1,""legal_deliveries"":300,""runs"":337,""super_over"":false,""target_overs"":null,""target_runs"":null,""wickets"":7},{""batting_team"":""India"",""declared"":false,""forfeited"":false,""innings_number"":2,""legal_deliveries"":300,""runs"":306,""super_over"":false,""target_overs"":50,""target_runs"":338,""wickets"":5}]",OPPONENT_WIN,England,COMPLETED,Cricsheet,HISTORICAL_DATA
1144522,ODI,2019-07-02,2019,2019,Edgbaston,Birmingham,,Bangladesh,India,True,Bangladesh,India,bat,"[{""batting_team"":""India"",""declared"":false,""forfeited"":false,""innings_number"":1,""legal_deliveries"":300,""runs"":314,""super_over"":false,""target_overs"":null,""target_runs"":null,""wickets"":9},{""batting_team"":""Bangladesh"",""declared"":false,""forfeited"":false,""innings_number"":2,""legal_deliveries"":288,""runs"":286,""super_over"":false,""target_overs"":50,""target_runs"":315,""wickets"":10}]",INDIA_WIN,India,COMPLETED,Cricsheet,HISTORICAL_DATA
1144526,ODI,2019-07-06,2019,2019,Headingley,Leeds,,India,Sri Lanka,True,Sri Lanka,Sri Lanka,bat,"[{""batting_team"":""Sri Lanka"",""declared"":false,""forfeited"":false,""innings_number"":1,""legal_deliveries"":300,""runs"":264,""super_over"":false,""target_overs"":null,""target_runs"":null,""wickets"":7},{""batting_team"":""India"",""declared"":false,""forfeited"":false,""innings_number"":2,""legal_deliveries"":261,""runs"":265,""super_over"":false,""target_overs"":50,""target_runs"":265,""wickets"":3}]",INDIA_WIN,India,COMPLETED,Cricsheet,HISTORICAL_DATA
1144528,ODI,2019-07-09,2019,2019,Old Trafford,Manchester,,India,New Zealand,True,New Zealand,New Zealand,bat,"[{""batting_team"":""New Zealand"",""declared"":false,""forfeited"":false,""innings_number"":1,""legal_deliveries"":300,""runs"":239,""super_over"":false,""target_overs"":null,""target_runs"":null,""wickets"":8},{""batting_team"":""India"",""declared"":false,""forfeited"":false,""innings_number"":2,""legal_deliveries"":297,""runs"":221,""super_over"":false,""target_overs"":50,""target_runs"":240,""wickets"":10}]",OPPONENT_WIN,New Zealand,COMPLETED,Cricsheet,HISTORICAL_DATA
1188621,T20I,2019-08-03,2019,2019,Central Broward Regional Park Stadium Turf Ground,Lauderhill,,India,West Indies,True,West Indies,India,field,"[{""batting_team"":""West Indies"",""declared"":false,""forfeited"":false,""innings_number"":1,""legal_deliveries"":120,""runs"":95,""super_over"":false,""target_overs"":null,""target_runs"":null,""wickets"":9},{""batting_team"":""India"",""declared"":false,""forfeited"":false,""innings_number"":2,""legal_deliveries"":104,""runs"":98,""super_over"":false,""target_overs"":20,""target_runs"":96,""wickets"":6}]",INDIA_WIN,India,COMPLETED,Cricsheet,HISTORICAL_DATA
1188622,T20I,2019-08-04,2019,2019,Central Broward Regional Park Stadium Turf Ground,Lauderhill,,India,West Indies,True,West Indies,India,bat,"[{""batting_team"":""India"",""declared"":false,""forfeited"":false,""innings_number"":1,""legal_deliveries"":120,""runs"":167,""super_over"":false,""target_overs"":null,""target_runs"":null,""wickets"":5},{""batting_team"":""West Indies"",""declared"":false,""forfeited"":false,""innings_number"":2,""legal_deliveries"":93,""runs"":98,""super_over"":false,""target_overs"":15.3,""target_runs"":121,""wickets"":4}]",INDIA_WIN,India,COMPLETED,Cricsheet,HISTORICAL_DATA
1188623,T20I,2019-08-06,2019,2019,"Providence Stadium, Guyana",Providence,,West Indies,India,True,West Indies,India,field,"[{""batting_team"":""West Indies"",""declared"":false,""forfeited"":false,""innings_number"":1,""legal_deliveries"":120,""runs"":146,""super_over"":false,""target_overs"":null,""target_runs"":null,""wickets"":6},{""batting_team"":""India"",""declared"":false,""forfeited"":false,""innings_number"":2,""legal_deliveries"":115,""runs"":150,""super_over"":false,""target_overs"":20,""target_runs"":147,""wickets"":3}]",INDIA_WIN,India,COMPLETED,Cricsheet,HISTORICAL_DATA
1188624,ODI,2019-08-08,2019,2019,"Providence Stadium, Guyana",Providence,,West Indies,India,True,West Indies,India,field,"[{""batting_team"":""West Indies"",""declared"":false,""forfeited"":false,""innings_number"":1,""legal_deliveries"":78,""runs"":54,""super_over"":false,""target_overs"":null,""target_runs"":null,""wickets"":1}]",,,NO_RESULT,Cricsheet,HISTORICAL_DATA
1188625,ODI,2019-08-11,2019,2019,"Queen's Park Oval, Trinidad",Port of Spain,,West Indies,India,True,West Indies,India,bat,"[{""batting_team"":""India"",""declared"":false,""forfeited"":false,""innings_number"":1,""legal_deliveries"":300,""runs"":279,""super_over"":false,""target_overs"":null,""target_runs"":null,""wickets"":7},{""batting_team"":""West Indies"",""declared"":false,""forfeited"":false,""innings_number"":2,""legal_deliveries"":252,""runs"":210,""super_over"":false,""target_overs"":46,""target_runs"":270,""wickets"":10}]",INDIA_WIN,India,COMPLETED,Cricsheet,HISTORICAL_DATA
1188626,ODI,2019-08-14,2019,2019,"Queen's Park Oval, Trinidad",Port of Spain,,West Indies,India,True,West Indies,West Indies,bat,"[{""batting_team"":""West Indies"",""declared"":false,""forfeited"":false,""innings_number"":1,""legal_deliveries"":210,""runs"":240,""super_over"":false,""target_overs"":null,""target_runs"":null,""wickets"":7},{""batting_team"":""India"",""declared"":false,""forfeited"":false,""innings_number"":2,""legal_deliveries"":195,""runs"":256,""super_over"":false,""target_overs"":35,""target_runs"":255,""wickets"":4}]",INDIA_WIN,India,COMPLETED,Cricsheet,HISTORICAL_DATA
1188628,TEST,2019-08-22,2019,2019,"Sir Vivian Richards Stadium, Antigua",North Sound,,West Indies,India,True,West Indies,West Indies,field,"[{""batting_team"":""India"",""declared"":false,""forfeited"":false,""innings_number"":1,""legal_deliveries"":580,""runs"":297,""super_over"":false,""target_overs"":null,""target_runs"":null,""wickets"":10},{""batting_team"":""West Indies"",""declared"":false,""forfeited"":false,""innings_number"":2,""legal_deliveries"":446,""runs"":222,""super_over"":false,""target_overs"":null,""target_runs"":null,""wickets"":10},{""batting_team"":""India"",""declared"":true,""forfeited"":false,""innings_number"":3,""legal_deliveries"":675,""runs"":343,""super_over"":false,""target_overs"":null,""target_runs"":null,""wickets"":7},{""batting_team"":""West Indies"",""declared"":false,""forfeited"":false,""innings_number"":4,""legal_deliveries"":161,""runs"":100,""super_over"":false,""target_overs"":null,""target_runs"":null,""wickets"":10}]",INDIA_WIN,India,COMPLETED,Cricsheet,HISTORICAL_DATA
1188629,TEST,2019-08-30,2019,2019,"Sabina Park, Jamaica",Kingston,,West Indies,India,True,West Indies,West Indies,field,"[{""batting_team"":""India"",""declared"":false,""forfeited"":false,""innings_number"":1,""legal_deliveries"":841,""runs"":416,""super_over"":false,""target_overs"":null,""target_runs"":null,""wickets"":10},{""batting_team"":""West Indies"",""declared"":false,""forfeited"":false,""innings_number"":2,""legal_deliveries"":283,""runs"":117,""super_over"":false,""target_overs"":null,""target_runs"":null,""wickets"":10},{""batting_team"":""India"",""declared"":true,""forfeited"":false,""innings_number"":3,""legal_deliveries"":328,""runs"":168,""super_over"":false,""target_overs"":null,""target_runs"":null,""wickets"":4},{""batting_team"":""West Indies"",""declared"":false,""forfeited"":false,""innings_number"":4,""legal_deliveries"":359,""runs"":210,""super_over"":false,""target_overs"":null,""target_runs"":null,""wickets"":10}]",INDIA_WIN,India,COMPLETED,Cricsheet,HISTORICAL_DATA
1187005,T20I,2019-09-18,2019/20,2019,"Punjab Cricket Association IS Bindra Stadium, Mohali",Chandigarh,,India,South Africa,True,South Africa,India,field,"[{""batting_team"":""South Africa"",""declared"":false,""forfeited"":false,""innings_number"":1,""legal_deliveries"":120,""runs"":149,""super_over"":false,""target_overs"":null,""target_runs"":null,""wickets"":5},{""batting_team"":""India"",""declared"":false,""forfeited"":false,""innings_number"":2,""legal_deliveries"":114,""runs"":151,""super_over"":false,""target_overs"":20,""target_runs"":150,""wickets"":3}]",INDIA_WIN,India,COMPLETED,Cricsheet,HISTORICAL_DATA
1187006,T20I,2019-09-22,2019/20,2019,M.Chinnaswamy Stadium,Bengaluru,,India,South Africa,True,South Africa,India,bat,"[{""batting_team"":""India"",""declared"":false,""forfeited"":false,""innings_number"":1,""legal_deliveries"":120,""runs"":134,""super_over"":false,""target_overs"":null,""target_runs"":null,""wickets"":9},{""batting_team"":""South Africa"",""declared"":false,""forfeited"":false,""innings_number"":2,""legal_deliveries"":101,""runs"":140,""super_over"":false,""target_overs"":20,""target_runs"":135,""wickets"":1}]",OPPONENT_WIN,South Africa,COMPLETED,Cricsheet,HISTORICAL_DATA
1187007,TEST,2019-10-02,2019/20,2019,Dr. Y.S. Rajasekhara Reddy ACA-VDCA Cricket Stadium,Visakhapatnam,,India,South Africa,True,South Africa,India,bat,"[{""batting_team"":""India"",""declared"":true,""forfeited"":false,""innings_number"":1,""legal_deliveries"":816,""runs"":502,""super_over"":false,""target_overs"":null,""target_runs"":null,""wickets"":7},{""batting_team"":""South Africa"",""declared"":false,""forfeited"":false,""innings_number"":2,""legal_deliveries"":788,""runs"":431,""super_over"":false,""target_overs"":null,""target_runs"":null,""wickets"":10},{""batting_team"":""India"",""declared"":true,""forfeited"":false,""innings_number"":3,""legal_deliveries"":402,""runs"":323,""super_over"":false,""target_overs"":null,""target_runs"":null,""wickets"":4},{""batting_team"":""South Africa"",""declared"":false,""forfeited"":false,""innings_number"":4,""legal_deliveries"":383,""runs"":191,""super_over"":false,""target_overs"":null,""target_runs"":null,""wickets"":10}]",INDIA_WIN,India,COMPLETED,Cricsheet,HISTORICAL_DATA
1187008,TEST,2019-10-10,2019/20,2019,Maharashtra Cricket Association Stadium,Pune,,India,South Africa,True,South Africa,India,bat,"[{""batting_team"":""India"",""declared"":true,""forfeited"":false,""innings_number"":1,""legal_deliveries"":939,""runs"":601,""super_over"":false,""target_overs"":null,""target_runs"":null,""wickets"":5},{""batting_team"":""South Africa"",""declared"":false,""forfeited"":false,""innings_number"":2,""legal_deliveries"":634,""runs"":275,""super_over"":false,""target_overs"":null,""target_runs"":null,""wickets"":10},{""batting_team"":""South Africa"",""declared"":false,""forfeited"":false,""innings_number"":3,""legal_deliveries"":404,""runs"":189,""super_over"":false,""target_overs"":null,""target_runs"":null,""wickets"":10}]",INDIA_WIN,India,COMPLETED,Cricsheet,HISTORICAL_DATA
1187009,TEST,2019-10-19,2019/20,2019,JSCA International Stadium Complex,Ranchi,,India,South Africa,True,South Africa,India,bat,"[{""batting_team"":""India"",""declared"":true,""forfeited"":false,""innings_number"":1,""legal_deliveries"":699,""runs"":497,""super_over"":false,""target_overs"":null,""target_runs"":null,""wickets"":9},{""batting_team"":""South Africa"",""declared"":false,""forfeited"":false,""innings_number"":2,""legal_deliveries"":338,""runs"":162,""super_over"":false,""target_overs"":null,""target_runs"":null,""wickets"":10},{""batting_team"":""South Africa"",""declared"":false,""forfeited"":false,""innings_number"":3,""legal_deliveries"":288,""runs"":133,""super_over"":false,""target_overs"":null,""target_runs"":null,""wickets"":10}]",INDIA_WIN,India,COMPLETED,Cricsheet,HISTORICAL_DATA
1187013,T20I,2019-11-03,2019/20,2019,Arun Jaitley Stadium,Delhi,,India,Bangladesh,True,Bangladesh,Bangladesh,field,"[{""batting_team"":""India"",""declared"":false,""forfeited"":false,""innings_number"":1,""legal_deliveries"":120,""runs"":148,""super_over"":false,""target_overs"":null,""target_runs"":null,""wickets"":6},{""batting_team"":""Bangladesh"",""declared"":false,""forfeited"":false,""innings_number"":2,""legal_deliveries"":117,""runs"":154,""super_over"":false,""target_overs"":20,""target_runs"":149,""wickets"":3}]",OPPONENT_WIN,Bangladesh,COMPLETED,Cricsheet,HISTORICAL_DATA
1187014,T20I,2019-11-07,2019/20,2019,Saurashtra Cricket Association Stadium,Rajkot,,India,Bangladesh,True,Bangladesh,India,field,"[{""batting_team"":""Bangladesh"",""declared"":false,""forfeited"":false,""innings_number"":1,""legal_deliveries"":120,""runs"":153,""super_over"":false,""target_overs"":null,""target_runs"":null,""wickets"":6},{""batting_team"":""India"",""declared"":false,""forfeited"":false,""innings_number"":2,""legal_deliveries"":94,""runs"":154,""super_over"":false,""target_overs"":20,""target_runs"":154,""wickets"":2}]",INDIA_WIN,India,COMPLETED,Cricsheet,HISTORICAL_DATA
1187015,T20I,2019-11-10,2019/20,2019,"Vidarbha Cricket Association Stadium, Jamtha",Nagpur,,India,Bangladesh,True,Bangladesh,Bangladesh,field,"[{""batting_team"":""India"",""declared"":false,""forfeited"":false,""innings_number"":1,""legal_deliveries"":120,""runs"":174,""super_over"":false,""target_overs"":null,""target_runs"":null,""wickets"":5},{""batting_team"":""Bangladesh"",""declared"":false,""forfeited"":false,""innings_number"":2,""legal_deliveries"":116,""runs"":144,""super_over"":false,""target_overs"":20,""target_runs"":175,""wickets"":10}]",INDIA_WIN,India,COMPLETED,Cricsheet,HISTORICAL_DATA
1187016,TEST,2019-11-14,2019/20,2019,Holkar Cricket Stadium,Indore,,India,Bangladesh,True,Bangladesh,Bangladesh,bat,"[{""batting_team"":""Bangladesh"",""declared"":false,""forfeited"":false,""innings_number"":1,""legal_deliveries"":351,""runs"":150,""super_over"":false,""target_overs"":null,""target_runs"":null,""wickets"":10},{""batting_team"":""India"",""declared"":true,""forfeited"":false,""innings_number"":2,""legal_deliveries"":684,""runs"":493,""super_over"":false,""target_overs"":null,""target_runs"":null,""wickets"":6},{""batting_team"":""Bangladesh"",""declared"":false,""forfeited"":false,""innings_number"":3,""legal_deliveries"":416,""runs"":213,""super_over"":false,""target_overs"":null,""target_runs"":null,""wickets"":10}]",INDIA_WIN,India,COMPLETED,Cricsheet,HISTORICAL_DATA
1187017,TEST,2019-11-22,2019/20,2019,Eden Gardens,Kolkata,,India,Bangladesh,True,Bangladesh,Bangladesh,bat,"[{""batting_team"":""Bangladesh"",""declared"":false,""forfeited"":false,""innings_number"":1,""legal_deliveries"":183,""runs"":106,""super_over"":false,""target_overs"":null,""target_runs"":null,""wickets"":10},{""batting_team"":""India"",""declared"":true,""forfeited"":false,""innings_number"":2,""legal_deliveries"":538,""runs"":347,""super_over"":false,""target_overs"":null,""target_runs"":null,""wickets"":9},{""batting_team"":""Bangladesh"",""declared"":false,""forfeited"":false,""innings_number"":3,""legal_deliveries"":247,""runs"":195,""super_over"":false,""target_overs"":null,""target_runs"":null,""wickets"":9}]",INDIA_WIN,India,COMPLETED,Cricsheet,HISTORICAL_DATA
1187018,T20I,2019-12-06,2019/20,2019,"Rajiv Gandhi International Stadium, Uppal",Hyderabad,,India,West Indies,True,West Indies,India,field,"[{""batting_team"":""West Indies"",""declared"":false,""forfeited"":false,""innings_number"":1,""legal_deliveries"":120,""runs"":207,""super_over"":false,""target_overs"":null,""target_runs"":null,""wickets"":5},{""batting_team"":""India"",""declared"":false,""forfeited"":false,""innings_number"":2,""legal_deliveries"":112,""runs"":209,""super_over"":false,""target_overs"":20,""target_runs"":208,""wickets"":4}]",INDIA_WIN,India,COMPLETED,Cricsheet,HISTORICAL_DATA
1187019,T20I,2019-12-08,2019/20,2019,Greenfield International Stadium,Thiruvananthapuram,,India,West Indies,True,West Indies,West Indies,field,"[{""batting_team"":""India"",""declared"":false,""forfeited"":false,""innings_number"":1,""legal_deliveries"":120,""runs"":170,""super_over"":false,""target_overs"":null,""target_runs"":null,""wickets"":7},{""batting_team"":""West Indies"",""declared"":false,""forfeited"":false,""innings_number"":2,""legal_deliveries"":111,""runs"":173,""super_over"":false,""target_overs"":20,""target_runs"":171,""wickets"":2}]",OPPONENT_WIN,West Indies,COMPLETED,Cricsheet,HISTORICAL_DATA
1187020,T20I,2019-12-11,2019/20,2019,Wankhede Stadium,Mumbai,,India,West Indies,True,West Indies,West Indies,field,"[{""batting_team"":""India"",""declared"":false,""forfeited"":false,""innings_number"":1,""legal_deliveries"":120,""runs"":240,""super_over"":false,""target_overs"":null,""target_runs"":null,""wickets"":3},{""batting_team"":""West Indies"",""declared"":false,""forfeited"":false,""innings_number"":2,""legal_deliveries"":120,""runs"":173,""super_over"":false,""target_overs"":20,""target_runs"":241,""wickets"":8}]",INDIA_WIN,India,COMPLETED,Cricsheet,HISTORICAL_DATA
1187021,ODI,2019-12-15,2019/20,2019,"MA Chidambaram Stadium, Chepauk",Chennai,,India,West Indies,True,West Indies,West Indies,field,"[{""batting_team"":""India"",""declared"":false,""forfeited"":false,""innings_number"":1,""legal_deliveries"":300,""runs"":287,""super_over"":false,""target_overs"":null,""target_runs"":null,""wickets"":8},{""batting_team"":""West Indies"",""declared"":false,""forfeited"":false,""innings_number"":2,""legal_deliveries"":287,""runs"":291,""super_over"":false,""target_overs"":50,""target_runs"":288,""wickets"":2}]",OPPONENT_WIN,West Indies,COMPLETED,Cricsheet,HISTORICAL_DATA
1187022,ODI,2019-12-18,2019/20,2019,Dr. Y.S. Rajasekhara Reddy ACA-VDCA Cricket Stadium,Visakhapatnam,,India,West Indies,True,West Indies,West Indies,field,"[{""batting_team"":""India"",""declared"":false,""forfeited"":false,""innings_number"":1,""legal_deliveries"":300,""runs"":387,""super_over"":false,""target_overs"":null,""target_runs"":null,""wickets"":5},{""batting_team"":""West Indies"",""declared"":false,""forfeited"":false,""innings_number"":2,""legal_deliveries"":261,""runs"":280,""super_over"":false,""target_overs"":50,""target_runs"":388,""wickets"":10}]",INDIA_WIN,India,COMPLETED,Cricsheet,HISTORICAL_DATA
1187023,ODI,2019-12-22,2019/20,2019,Barabati Stadium,Cuttack,,India,West Indies,True,West Indies,India,field,"[{""batting_team"":""West Indies"",""declared"":false,""forfeited"":false,""innings_number"":1,""legal_deliveries"":300,""runs"":315,""super_over"":false,""target_overs"":null,""target_runs"":null,""wickets"":5},{""batting_team"":""India"",""declared"":false,""forfeited"":false,""innings_number"":2,""legal_deliveries"":292,""runs"":316,""super_over"":false,""target_overs"":50,""target_runs"":316,""wickets"":6}]",INDIA_WIN,India,COMPLETED,Cricsheet,HISTORICAL_DATA
1202243,T20I,2020-01-07,2019/20,2020,Holkar Cricket Stadium,Indore,,India,Sri Lanka,True,Sri Lanka,India,field,"[{""batting_team"":""Sri Lanka"",""declared"":false,""forfeited"":false,""innings_number"":1,""legal_deliveries"":120,""runs"":142,""super_over"":false,""target_overs"":null,""target_runs"":null,""wickets"":9},{""batting_team"":""India"",""declared"":false,""forfeited"":false,""innings_number"":2,""legal_deliveries"":105,""runs"":144,""super_over"":false,""target_overs"":20,""target_runs"":143,""wickets"":3}]",INDIA_WIN,India,COMPLETED,Cricsheet,HISTORICAL_DATA
1202244,T20I,2020-01-10,2019/20,2020,Maharashtra Cricket Association Stadium,Pune,,India,Sri Lanka,True,Sri Lanka,Sri Lanka,field,"[{""batting_team"":""India"",""declared"":false,""forfeited"":false,""innings_number"":1,""legal_deliveries"":120,""runs"":201,""super_over"":false,""target_overs"":null,""target_runs"":null,""wickets"":6},{""batting_team"":""Sri Lanka"",""declared"":false,""forfeited"":false,""innings_number"":2,""legal_deliveries"":95,""runs"":123,""super_over"":false,""target_overs"":20,""target_runs"":202,""wickets"":10}]",INDIA_WIN,India,COMPLETED,Cricsheet,HISTORICAL_DATA
1187027,ODI,2020-01-14,2019/20,2020,Wankhede Stadium,Mumbai,,India,Australia,True,Australia,Australia,field,"[{""batting_team"":""India"",""declared"":false,""forfeited"":false,""innings_number"":1,""legal_deliveries"":295,""runs"":255,""super_over"":false,""target_overs"":null,""target_runs"":null,""wickets"":10},{""batting_team"":""Australia"",""declared"":false,""forfeited"":false,""innings_number"":2,""legal_deliveries"":226,""runs"":258,""super_over"":false,""target_overs"":50,""target_runs"":256,""wickets"":0}]",OPPONENT_WIN,Australia,COMPLETED,Cricsheet,HISTORICAL_DATA
1187028,ODI,2020-01-17,2019/20,2020,Saurashtra Cricket Association Stadium,Rajkot,,India,Australia,True,Australia,Australia,field,"[{""batting_team"":""India"",""declared"":false,""forfeited"":false,""innings_number"":1,""legal_deliveries"":300,""runs"":340,""super_over"":false,""target_overs"":null,""target_runs"":null,""wickets"":6},{""batting_team"":""Australia"",""declared"":false,""forfeited"":false,""innings_number"":2,""legal_deliveries"":295,""runs"":304,""super_over"":false,""target_overs"":50,""target_runs"":341,""wickets"":10}]",INDIA_WIN,India,COMPLETED,Cricsheet,HISTORICAL_DATA
1187029,ODI,2020-01-19,2019/20,2020,M.Chinnaswamy Stadium,Bengaluru,,India,Australia,True,Australia,Australia,bat,"[{""batting_team"":""Australia"",""declared"":false,""forfeited"":false,""innings_number"":1,""legal_deliveries"":300,""runs"":286,""super_over"":false,""target_overs"":null,""target_runs"":null,""wickets"":9},{""batting_team"":""India"",""declared"":false,""forfeited"":false,""innings_number"":2,""legal_deliveries"":285,""runs"":289,""super_over"":false,""target_overs"":50,""target_runs"":287,""wickets"":3}]",INDIA_WIN,India,COMPLETED,Cricsheet,HISTORICAL_DATA
1187677,T20I,2020-01-24,2019/20,2020,Eden Park,Auckland,,New Zealand,India,True,New Zealand,India,field,"[{""batting_team"":""New Zealand"",""declared"":false,""forfeited"":false,""innings_number"":1,""legal_deliveries"":120,""runs"":203,""super_over"":false,""target_overs"":null,""target_runs"":null,""wickets"":5},{""batting_team"":""India"",""declared"":false,""forfeited"":false,""innings_number"":2,""legal_deliveries"":114,""runs"":204,""super_over"":false,""target_overs"":20,""target_runs"":204,""wickets"":4}]",INDIA_WIN,India,COMPLETED,Cricsheet,HISTORICAL_DATA
1187678,T20I,2020-01-26,2019/20,2020,Eden Park,Auckland,,New Zealand,India,True,New Zealand,New Zealand,bat,"[{""batting_team"":""New Zealand"",""declared"":false,""forfeited"":false,""innings_number"":1,""legal_deliveries"":120,""runs"":132,""super_over"":false,""target_overs"":null,""target_runs"":null,""wickets"":5},{""batting_team"":""India"",""declared"":false,""forfeited"":false,""innings_number"":2,""legal_deliveries"":105,""runs"":135,""super_over"":false,""target_overs"":20,""target_runs"":133,""wickets"":3}]",INDIA_WIN,India,COMPLETED,Cricsheet,HISTORICAL_DATA
1187679,T20I,2020-01-29,2019/20,2020,Seddon Park,Hamilton,,New Zealand,India,True,New Zealand,New Zealand,field,"[{""batting_team"":""India"",""declared"":false,""forfeited"":false,""innings_number"":1,""legal_deliveries"":120,""runs"":179,""super_over"":false,""target_overs"":null,""target_runs"":null,""wickets"":5},{""batting_team"":""New Zealand"",""declared"":false,""forfeited"":false,""innings_number"":2,""legal_deliveries"":120,""runs"":179,""super_over"":false,""target_overs"":20,""target_runs"":180,""wickets"":6},{""batting_team"":""New Zealand"",""declared"":false,""forfeited"":false,""innings_number"":3,""legal_deliveries"":6,""runs"":17,""super_over"":true,""target_overs"":null,""target_runs"":null,""wickets"":0},{""batting_team"":""India"",""declared"":false,""forfeited"":false,""innings_number"":4,""legal_deliveries"":6,""runs"":20,""super_over"":true,""target_overs"":null,""target_runs"":null,""wickets"":0}]",INDIA_WIN,India,COMPLETED,Cricsheet,HISTORICAL_DATA
1187680,T20I,2020-01-31,2019/20,2020,Westpac Stadium,Wellington,,New Zealand,India,True,New Zealand,New Zealand,field,"[{""batting_team"":""India"",""declared"":false,""forfeited"":false,""innings_number"":1,""legal_deliveries"":120,""runs"":165,""super_over"":false,""target_overs"":null,""target_runs"":null,""wickets"":8},{""batting_team"":""New Zealand"",""declared"":false,""forfeited"":false,""innings_number"":2,""legal_deliveries"":120,""runs"":165,""super_over"":false,""target_overs"":20,""target_runs"":166,""wickets"":7},{""batting_team"":""New Zealand"",""declared"":false,""forfeited"":false,""innings_number"":3,""legal_deliveries"":6,""runs"":13,""super_over"":true,""target_overs"":null,""target_runs"":null,""wickets"":1},{""batting_team"":""India"",""declared"":false,""forfeited"":false,""innings_number"":4,""legal_deliveries"":5,""runs"":16,""super_over"":true,""target_overs"":null,""target_runs"":null,""wickets"":1}]",INDIA_WIN,India,COMPLETED,Cricsheet,HISTORICAL_DATA
1187681,T20I,2020-02-02,2019/20,2020,Bay Oval,Mount Maunganui,,New Zealand,India,True,New Zealand,India,bat,"[{""batting_team"":""India"",""declared"":false,""forfeited"":false,""innings_number"":1,""legal_deliveries"":120,""runs"":163,""super_over"":false,""target_overs"":null,""target_runs"":null,""wickets"":3},{""batting_team"":""New Zealand"",""declared"":false,""forfeited"":false,""innings_number"":2,""legal_deliveries"":120,""runs"":156,""super_over"":false,""target_overs"":20,""target_runs"":164,""wickets"":9}]",INDIA_WIN,India,COMPLETED,Cricsheet,HISTORICAL_DATA
1187682,ODI,2020-02-05,2019/20,2020,Seddon Park,Hamilton,,New Zealand,India,True,New Zealand,New Zealand,field,"[{""batting_team"":""India"",""declared"":false,""forfeited"":false,""innings_number"":1,""legal_deliveries"":300,""runs"":347,""super_over"":false,""target_overs"":null,""target_runs"":null,""wickets"":4},{""batting_team"":""New Zealand"",""declared"":false,""forfeited"":false,""innings_number"":2,""legal_deliveries"":289,""runs"":348,""super_over"":false,""target_overs"":50,""target_runs"":348,""wickets"":6}]",OPPONENT_WIN,New Zealand,COMPLETED,Cricsheet,HISTORICAL_DATA
1187683,ODI,2020-02-08,2019/20,2020,Eden Park,Auckland,,New Zealand,India,True,New Zealand,India,field,"[{""batting_team"":""New Zealand"",""declared"":false,""forfeited"":false,""innings_number"":1,""legal_deliveries"":300,""runs"":273,""super_over"":false,""target_overs"":null,""target_runs"":null,""wickets"":8},{""batting_team"":""India"",""declared"":false,""forfeited"":false,""innings_number"":2,""legal_deliveries"":291,""runs"":251,""super_over"":false,""target_overs"":50,""target_runs"":274,""wickets"":10}]",OPPONENT_WIN,New Zealand,COMPLETED,Cricsheet,HISTORICAL_DATA
1187684,ODI,2020-02-11,2019/20,2020,Bay Oval,Mount Maunganui,,New Zealand,India,True,New Zealand,New Zealand,field,"[{""batting_team"":""India"",""declared"":false,""forfeited"":false,""innings_number"":1,""legal_deliveries"":300,""runs"":296,""super_over"":false,""target_overs"":null,""target_runs"":null,""wickets"":7},{""batting_team"":""New Zealand"",""declared"":false,""forfeited"":false,""innings_number"":2,""legal_deliveries"":283,""runs"":300,""super_over"":false,""target_overs"":50,""target_runs"":297,""wickets"":5}]",OPPONENT_WIN,New Zealand,COMPLETED,Cricsheet,HISTORICAL_DATA
1187685,TEST,2020-02-21,2019/20,2020,Basin Reserve,Wellington,,New Zealand,India,True,New Zealand,New Zealand,field,"[{""batting_team"":""India"",""declared"":false,""forfeited"":false,""innings_number"":1,""legal_deliveries"":409,""runs"":165,""super_over"":false,""target_overs"":null,""target_runs"":null,""wickets"":10},{""batting_team"":""New Zealand"",""declared"":false,""forfeited"":false,""innings_number"":2,""legal_deliveries"":602,""runs"":348,""super_over"":false,""target_overs"":null,""target_runs"":null,""wickets"":10},{""batting_team"":""India"",""declared"":false,""forfeited"":false,""innings_number"":3,""legal_deliveries"":486,""runs"":191,""super_over"":false,""target_overs"":null,""target_runs"":null,""wickets"":10},{""batting_team"":""New Zealand"",""declared"":false,""forfeited"":false,""innings_number"":4,""legal_deliveries"":10,""runs"":9,""super_over"":false,""target_overs"":null,""target_runs"":null,""wickets"":0}]",OPPONENT_WIN,New Zealand,COMPLETED,Cricsheet,HISTORICAL_DATA
1187686,TEST,2020-02-29,2019/20,2020,Hagley Oval,Christchurch,,New Zealand,India,True,New Zealand,New Zealand,field,"[{""batting_team"":""India"",""declared"":false,""forfeited"":false,""innings_number"":1,""legal_deliveries"":378,""runs"":242,""super_over"":false,""target_overs"":null,""target_runs"":null,""wickets"":10},{""batting_team"":""New Zealand"",""declared"":false,""forfeited"":false,""innings_number"":2,""legal_deliveries"":439,""runs"":235,""super_over"":false,""target_overs"":null,""target_runs"":null,""wickets"":10},{""batting_team"":""India"",""declared"":false,""forfeited"":false,""innings_number"":3,""legal_deliveries"":276,""runs"":124,""super_over"":false,""target_overs"":null,""target_runs"":null,""wickets"":10},{""batting_team"":""New Zealand"",""declared"":false,""forfeited"":false,""innings_number"":4,""legal_deliveries"":216,""runs"":132,""super_over"":false,""target_overs"":null,""target_runs"":null,""wickets"":3}]",OPPONENT_WIN,New Zealand,COMPLETED,Cricsheet,HISTORICAL_DATA
1223955,ODI,2020-11-27,2020/21,2020,Sydney Cricket Ground,,,Australia,India,True,Australia,Australia,bat,"[{""batting_team"":""Australia"",""declared"":false,""forfeited"":false,""innings_number"":1,""legal_deliveries"":300,""runs"":374,""super_over"":false,""target_overs"":null,""target_runs"":null,""wickets"":6},{""batting_team"":""India"",""declared"":false,""forfeited"":false,""innings_number"":2,""legal_deliveries"":300,""runs"":308,""super_over"":false,""target_overs"":50,""target_runs"":375,""wickets"":8}]",OPPONENT_WIN,Australia,COMPLETED,Cricsheet,HISTORICAL_DATA
1223956,ODI,2020-11-29,2020/21,2020,Sydney Cricket Ground,,,Australia,India,True,Australia,Australia,bat,"[{""batting_team"":""Australia"",""declared"":false,""forfeited"":false,""innings_number"":1,""legal_deliveries"":300,""runs"":389,""super_over"":false,""target_overs"":null,""target_runs"":null,""wickets"":4},{""batting_team"":""India"",""declared"":false,""forfeited"":false,""innings_number"":2,""legal_deliveries"":300,""runs"":338,""super_over"":false,""target_overs"":50,""target_runs"":390,""wickets"":9}]",OPPONENT_WIN,Australia,COMPLETED,Cricsheet,HISTORICAL_DATA
1223957,ODI,2020-12-02,2020/21,2020,Manuka Oval,Canberra,,India,Australia,True,Australia,India,bat,"[{""batting_team"":""India"",""declared"":false,""forfeited"":false,""innings_number"":1,""legal_deliveries"":300,""runs"":302,""super_over"":false,""target_overs"":null,""target_runs"":null,""wickets"":5},{""batting_team"":""Australia"",""declared"":false,""forfeited"":false,""innings_number"":2,""legal_deliveries"":297,""runs"":289,""super_over"":false,""target_overs"":50,""target_runs"":303,""wickets"":10}]",INDIA_WIN,India,COMPLETED,Cricsheet,HISTORICAL_DATA
1223952,T20I,2020-12-04,2020/21,2020,Manuka Oval,Canberra,,India,Australia,True,Australia,Australia,field,"[{""batting_team"":""India"",""declared"":false,""forfeited"":false,""innings_number"":1,""legal_deliveries"":120,""runs"":161,""super_over"":false,""target_overs"":null,""target_runs"":null,""wickets"":7},{""batting_team"":""Australia"",""declared"":false,""forfeited"":false,""innings_number"":2,""legal_deliveries"":120,""runs"":150,""super_over"":false,""target_overs"":20,""target_runs"":162,""wickets"":7}]",INDIA_WIN,India,COMPLETED,Cricsheet,HISTORICAL_DATA
1223953,T20I,2020-12-06,2020/21,2020,Sydney Cricket Ground,Sydney,,Australia,India,True,Australia,India,field,"[{""batting_team"":""Australia"",""declared"":false,""forfeited"":false,""innings_number"":1,""legal_deliveries"":120,""runs"":194,""super_over"":false,""target_overs"":null,""target_runs"":null,""wickets"":5},{""batting_team"":""India"",""declared"":false,""forfeited"":false,""innings_number"":2,""legal_deliveries"":118,""runs"":195,""super_over"":false,""target_overs"":20,""target_runs"":195,""wickets"":4}]",INDIA_WIN,India,COMPLETED,Cricsheet,HISTORICAL_DATA
1223954,T20I,2020-12-08,2020/21,2020,Sydney Cricket Ground,Sydney,,Australia,India,True,Australia,India,field,"[{""batting_team"":""Australia"",""declared"":false,""forfeited"":false,""innings_number"":1,""legal_deliveries"":120,""runs"":186,""super_over"":false,""target_overs"":null,""target_runs"":null,""wickets"":5},{""batting_team"":""India"",""declared"":false,""forfeited"":false,""innings_number"":2,""legal_deliveries"":120,""runs"":174,""super_over"":false,""target_overs"":20,""target_runs"":187,""wickets"":7}]",OPPONENT_WIN,Australia,COMPLETED,Cricsheet,HISTORICAL_DATA
1223869,TEST,2020-12-17,2020/21,2020,Adelaide Oval,Adelaide,,India,Australia,True,Australia,India,bat,"[{""batting_team"":""India"",""declared"":false,""forfeited"":false,""innings_number"":1,""legal_deliveries"":559,""runs"":244,""super_over"":false,""target_overs"":null,""target_runs"":null,""wickets"":10},{""batting_team"":""Australia"",""declared"":false,""forfeited"":false,""innings_number"":2,""legal_deliveries"":433,""runs"":191,""super_over"":false,""target_overs"":null,""target_runs"":null,""wickets"":10},{""batting_team"":""India"",""declared"":false,""forfeited"":false,""innings_number"":3,""legal_deliveries"":128,""runs"":36,""super_over"":false,""target_overs"":null,""target_runs"":null,""wickets"":10},{""batting_team"":""Australia"",""declared"":false,""forfeited"":false,""innings_number"":4,""legal_deliveries"":126,""runs"":93,""super_over"":false,""target_overs"":null,""target_runs"":null,""wickets"":2}]",OPPONENT_WIN,Australia,COMPLETED,Cricsheet,HISTORICAL_DATA
1223870,TEST,2020-12-26,2020/21,2020,Melbourne Cricket Ground,Melbourne,,Australia,India,True,Australia,Australia,bat,"[{""batting_team"":""Australia"",""declared"":false,""forfeited"":false,""innings_number"":1,""legal_deliveries"":435,""runs"":195,""super_over"":false,""target_overs"":null,""target_runs"":null,""wickets"":10},{""batting_team"":""India"",""declared"":false,""forfeited"":false,""innings_number"":2,""legal_deliveries"":691,""runs"":326,""super_over"":false,""target_overs"":null,""target_runs"":null,""wickets"":10},{""batting_team"":""Australia"",""declared"":false,""forfeited"":false,""innings_number"":3,""legal_deliveries"":619,""runs"":200,""super_over"":false,""target_overs"":null,""target_runs"":null,""wickets"":10},{""batting_team"":""India"",""declared"":false,""forfeited"":false,""innings_number"":4,""legal_deliveries"":95,""runs"":70,""super_over"":false,""target_overs"":null,""target_runs"":null,""wickets"":2}]",INDIA_WIN,India,COMPLETED,Cricsheet,HISTORICAL_DATA
1223871,TEST,2021-01-07,2020/21,2021,Sydney Cricket Ground,Sydney,,Australia,India,True,Australia,Australia,bat,"[{""batting_team"":""Australia"",""declared"":false,""forfeited"":false,""innings_number"":1,""legal_deliveries"":634,""runs"":338,""super_over"":false,""target_overs"":null,""target_runs"":null,""wickets"":10},{""batting_team"":""India"",""declared"":false,""forfeited"":false,""innings_number"":2,""legal_deliveries"":604,""runs"":244,""super_over"":false,""target_overs"":null,""target_runs"":null,""wickets"":10},{""batting_team"":""Australia"",""declared"":true,""forfeited"":false,""innings_number"":3,""legal_deliveries"":522,""runs"":312,""super_over"":false,""target_overs"":null,""target_runs"":null,""wickets"":6},{""batting_team"":""India"",""declared"":false,""forfeited"":false,""innings_number"":4,""legal_deliveries"":786,""runs"":334,""super_over"":false,""target_overs"":null,""target_runs"":null,""wickets"":5}]",DRAW,,DRAWN,Cricsheet,HISTORICAL_DATA
1223872,TEST,2021-01-15,2020/21,2021,Brisbane Cricket Ground,Brisbane,,Australia,India,True,Australia,Australia,bat,"[{""batting_team"":""Australia"",""declared"":false,""forfeited"":false,""innings_number"":1,""legal_deliveries"":692,""runs"":369,""super_over"":false,""target_overs"":null,""target_runs"":null,""wickets"":10},{""batting_team"":""India"",""declared"":false,""forfeited"":false,""innings_number"":2,""legal_deliveries"":670,""runs"":336,""super_over"":false,""target_overs"":null,""target_runs"":null,""wickets"":10},{""batting_team"":""Australia"",""declared"":false,""forfeited"":false,""innings_number"":3,""legal_deliveries"":455,""runs"":294,""super_over"":false,""target_overs"":null,""target_runs"":null,""wickets"":10},{""batting_team"":""India"",""declared"":false,""forfeited"":false,""innings_number"":4,""legal_deliveries"":582,""runs"":329,""super_over"":false,""target_overs"":null,""target_runs"":null,""wickets"":7}]",INDIA_WIN,India,COMPLETED,Cricsheet,HISTORICAL_DATA
1243384,TEST,2021-02-05,2020/21,2021,MA Chidambaram Stadium,Chennai,,England,India,True,England,England,bat,"[{""batting_team"":""England"",""declared"":false,""forfeited"":false,""innings_number"":1,""legal_deliveries"":1141,""runs"":578,""super_over"":false,""target_overs"":null,""target_runs"":null,""wickets"":10},{""batting_team"":""India"",""declared"":false,""forfeited"":false,""innings_number"":2,""legal_deliveries"":575,""runs"":337,""super_over"":false,""target_overs"":null,""target_runs"":null,""wickets"":10},{""batting_team"":""England"",""declared"":false,""forfeited"":false,""innings_number"":3,""legal_deliveries"":279,""runs"":178,""super_over"":false,""target_overs"":null,""target_runs"":null,""wickets"":10},{""batting_team"":""India"",""declared"":false,""forfeited"":false,""innings_number"":4,""legal_deliveries"":349,""runs"":192,""super_over"":false,""target_overs"":null,""target_runs"":null,""wickets"":10}]",OPPONENT_WIN,England,COMPLETED,Cricsheet,HISTORICAL_DATA
1243385,TEST,2021-02-13,2020/21,2021,MA Chidambaram Stadium,Chennai,,India,England,True,England,India,bat,"[{""batting_team"":""India"",""declared"":false,""forfeited"":false,""innings_number"":1,""legal_deliveries"":575,""runs"":329,""super_over"":false,""target_overs"":null,""target_runs"":null,""wickets"":10},{""batting_team"":""England"",""declared"":false,""forfeited"":false,""innings_number"":2,""legal_deliveries"":359,""runs"":134,""super_over"":false,""target_overs"":null,""target_runs"":null,""wickets"":10},{""batting_team"":""India"",""declared"":false,""forfeited"":false,""innings_number"":3,""legal_deliveries"":515,""runs"":286,""super_over"":false,""target_overs"":null,""target_runs"":null,""wickets"":10},{""batting_team"":""England"",""declared"":false,""forfeited"":false,""innings_number"":4,""legal_deliveries"":326,""runs"":164,""super_over"":false,""target_overs"":null,""target_runs"":null,""wickets"":10}]",INDIA_WIN,India,COMPLETED,Cricsheet,HISTORICAL_DATA
1243386,TEST,2021-02-24,2020/21,2021,Narendra Modi Stadium,Ahmedabad,,England,India,True,England,England,bat,"[{""batting_team"":""England"",""declared"":false,""forfeited"":false,""innings_number"":1,""legal_deliveries"":292,""runs"":112,""super_over"":false,""target_overs"":null,""target_runs"":null,""wickets"":10},{""batting_team"":""India"",""declared"":false,""forfeited"":false,""innings_number"":2,""legal_deliveries"":320,""runs"":145,""super_over"":false,""target_overs"":null,""target_runs"":null,""wickets"":10},{""batting_team"":""England"",""declared"":false,""forfeited"":false,""innings_number"":3,""legal_deliveries"":184,""runs"":81,""super_over"":false,""target_overs"":null,""target_runs"":null,""wickets"":10},{""batting_team"":""India"",""declared"":false,""forfeited"":false,""innings_number"":4,""legal_deliveries"":46,""runs"":49,""super_over"":false,""target_overs"":null,""target_runs"":null,""wickets"":0}]",INDIA_WIN,India,COMPLETED,Cricsheet,HISTORICAL_DATA
1243387,TEST,2021-03-04,2020/21,2021,Narendra Modi Stadium,Ahmedabad,,England,India,True,England,England,bat,"[{""batting_team"":""England"",""declared"":false,""forfeited"":false,""innings_number"":1,""legal_deliveries"":455,""runs"":205,""super_over"":false,""target_overs"":null,""target_runs"":null,""wickets"":10},{""batting_team"":""India"",""declared"":false,""forfeited"":false,""innings_number"":2,""legal_deliveries"":688,""runs"":365,""super_over"":false,""target_overs"":null,""target_runs"":null,""wickets"":10},{""batting_team"":""England"",""declared"":false,""forfeited"":false,""innings_number"":3,""legal_deliveries"":329,""runs"":135,""super_over"":false,""target_overs"":null,""target_runs"":null,""wickets"":10}]",INDIA_WIN,India,COMPLETED,Cricsheet,HISTORICAL_DATA
1243388,T20I,2021-03-12,2020/21,2021,Narendra Modi Stadium,Ahmedabad,,India,England,True,England,England,field,"[{""batting_team"":""India"",""declared"":false,""forfeited"":false,""innings_number"":1,""legal_deliveries"":120,""runs"":124,""super_over"":false,""target_overs"":null,""target_runs"":null,""wickets"":7},{""batting_team"":""England"",""declared"":false,""forfeited"":false,""innings_number"":2,""legal_deliveries"":93,""runs"":130,""super_over"":false,""target_overs"":null,""target_runs"":null,""wickets"":2}]",OPPONENT_WIN,England,COMPLETED,Cricsheet,HISTORICAL_DATA
1243389,T20I,2021-03-14,2020/21,2021,Narendra Modi Stadium,Ahmedabad,,England,India,True,England,India,field,"[{""batting_team"":""England"",""declared"":false,""forfeited"":false,""innings_number"":1,""legal_deliveries"":120,""runs"":164,""super_over"":false,""target_overs"":null,""target_runs"":null,""wickets"":6},{""batting_team"":""India"",""declared"":false,""forfeited"":false,""innings_number"":2,""legal_deliveries"":107,""runs"":166,""super_over"":false,""target_overs"":20,""target_runs"":165,""wickets"":3}]",INDIA_WIN,India,COMPLETED,Cricsheet,HISTORICAL_DATA
1243390,T20I,2021-03-16,2020/21,2021,Narendra Modi Stadium,Ahmedabad,,India,England,True,England,England,field,"[{""batting_team"":""India"",""declared"":false,""forfeited"":false,""innings_number"":1,""legal_deliveries"":120,""runs"":156,""super_over"":false,""target_overs"":null,""target_runs"":null,""wickets"":6},{""batting_team"":""England"",""declared"":false,""forfeited"":false,""innings_number"":2,""legal_deliveries"":110,""runs"":158,""super_over"":false,""target_overs"":20,""target_runs"":157,""wickets"":2}]",OPPONENT_WIN,England,COMPLETED,Cricsheet,HISTORICAL_DATA
1243391,T20I,2021-03-18,2020/21,2021,Narendra Modi Stadium,Ahmedabad,,India,England,True,England,England,field,"[{""batting_team"":""India"",""declared"":false,""forfeited"":false,""innings_number"":1,""legal_deliveries"":120,""runs"":185,""super_over"":false,""target_overs"":null,""target_runs"":null,""wickets"":8},{""batting_team"":""England"",""declared"":false,""forfeited"":false,""innings_number"":2,""legal_deliveries"":120,""runs"":177,""super_over"":false,""target_overs"":20,""target_runs"":186,""wickets"":8}]",INDIA_WIN,India,COMPLETED,Cricsheet,HISTORICAL_DATA
1243392,T20I,2021-03-20,2020/21,2021,Narendra Modi Stadium,Ahmedabad,,India,England,True,England,England,field,"[{""batting_team"":""India"",""declared"":false,""forfeited"":false,""innings_number"":1,""legal_deliveries"":120,""runs"":224,""super_over"":false,""target_overs"":null,""target_runs"":null,""wickets"":2},{""batting_team"":""England"",""declared"":false,""forfeited"":false,""innings_number"":2,""legal_deliveries"":120,""runs"":188,""super_over"":false,""target_overs"":20,""target_runs"":225,""wickets"":8}]",INDIA_WIN,India,COMPLETED,Cricsheet,HISTORICAL_DATA
1243393,ODI,2021-03-23,2020/21,2021,Maharashtra Cricket Association Stadium,Pune,,India,England,True,England,England,field,"[{""batting_team"":""India"",""declared"":false,""forfeited"":false,""innings_number"":1,""legal_deliveries"":300,""runs"":317,""super_over"":false,""target_overs"":null,""target_runs"":null,""wickets"":5},{""batting_team"":""England"",""declared"":false,""forfeited"":false,""innings_number"":2,""legal_deliveries"":253,""runs"":251,""super_over"":false,""target_overs"":50,""target_runs"":318,""wickets"":10}]",INDIA_WIN,India,COMPLETED,Cricsheet,HISTORICAL_DATA
1243394,ODI,2021-03-26,2020/21,2021,Maharashtra Cricket Association Stadium,Pune,,India,England,True,England,England,field,"[{""batting_team"":""India"",""declared"":false,""forfeited"":false,""innings_number"":1,""legal_deliveries"":300,""runs"":336,""super_over"":false,""target_overs"":null,""target_runs"":null,""wickets"":6},{""batting_team"":""England"",""declared"":false,""forfeited"":false,""innings_number"":2,""legal_deliveries"":261,""runs"":337,""super_over"":false,""target_overs"":50,""target_runs"":337,""wickets"":4}]",OPPONENT_WIN,England,COMPLETED,Cricsheet,HISTORICAL_DATA
1243395,ODI,2021-03-28,2020/21,2021,Maharashtra Cricket Association Stadium,Pune,,India,England,True,England,England,field,"[{""batting_team"":""India"",""declared"":false,""forfeited"":false,""innings_number"":1,""legal_deliveries"":290,""runs"":329,""super_over"":false,""target_overs"":null,""target_runs"":null,""wickets"":10},{""batting_team"":""England"",""declared"":false,""forfeited"":false,""innings_number"":2,""legal_deliveries"":300,""runs"":322,""super_over"":false,""target_overs"":50,""target_runs"":330,""wickets"":9}]",INDIA_WIN,India,COMPLETED,Cricsheet,HISTORICAL_DATA
1249875,TEST,2021-06-18,2021,2021,"The Rose Bowl, Southampton",Southampton,,India,New Zealand,True,New Zealand,New Zealand,field,"[{""batting_team"":""India"",""declared"":false,""forfeited"":false,""innings_number"":1,""legal_deliveries"":553,""runs"":217,""super_over"":false,""target_overs"":null,""target_runs"":null,""wickets"":10},{""batting_team"":""New Zealand"",""declared"":false,""forfeited"":false,""innings_number"":2,""legal_deliveries"":596,""runs"":249,""super_over"":false,""target_overs"":null,""target_runs"":null,""wickets"":10},{""batting_team"":""India"",""declared"":false,""forfeited"":false,""innings_number"":3,""legal_deliveries"":438,""runs"":170,""super_over"":false,""target_overs"":null,""target_runs"":null,""wickets"":10},{""batting_team"":""New Zealand"",""declared"":false,""forfeited"":false,""innings_number"":4,""legal_deliveries"":275,""runs"":140,""super_over"":false,""target_overs"":null,""target_runs"":null,""wickets"":2}]",OPPONENT_WIN,New Zealand,COMPLETED,Cricsheet,HISTORICAL_DATA
1262755,ODI,2021-07-18,2021,2021,"R Premadasa Stadium, Colombo",Colombo,,Sri Lanka,India,True,Sri Lanka,Sri Lanka,bat,"[{""batting_team"":""Sri Lanka"",""declared"":false,""forfeited"":false,""innings_number"":1,""legal_deliveries"":300,""runs"":262,""super_over"":false,""target_overs"":null,""target_runs"":null,""wickets"":9},{""batting_team"":""India"",""declared"":false,""forfeited"":false,""innings_number"":2,""legal_deliveries"":220,""runs"":263,""super_over"":false,""target_overs"":50,""target_runs"":263,""wickets"":3}]",INDIA_WIN,India,COMPLETED,Cricsheet,HISTORICAL_DATA
1262756,ODI,2021-07-20,2021,2021,"R Premadasa Stadium, Colombo",Colombo,,Sri Lanka,India,True,Sri Lanka,Sri Lanka,bat,"[{""batting_team"":""Sri Lanka"",""declared"":false,""forfeited"":false,""innings_number"":1,""legal_deliveries"":300,""runs"":275,""super_over"":false,""target_overs"":null,""target_runs"":null,""wickets"":9},{""batting_team"":""India"",""declared"":false,""forfeited"":false,""innings_number"":2,""legal_deliveries"":295,""runs"":277,""super_over"":false,""target_overs"":50,""target_runs"":276,""wickets"":7}]",INDIA_WIN,India,COMPLETED,Cricsheet,HISTORICAL_DATA
1262757,ODI,2021-07-23,2021,2021,"R Premadasa Stadium, Colombo",Colombo,,India,Sri Lanka,True,Sri Lanka,India,bat,"[{""batting_team"":""India"",""declared"":false,""forfeited"":false,""innings_number"":1,""legal_deliveries"":259,""runs"":225,""super_over"":false,""target_overs"":null,""target_runs"":null,""wickets"":10},{""batting_team"":""Sri Lanka"",""declared"":false,""forfeited"":false,""innings_number"":2,""legal_deliveries"":234,""runs"":227,""super_over"":false,""target_overs"":47,""target_runs"":227,""wickets"":7}]",OPPONENT_WIN,Sri Lanka,COMPLETED,Cricsheet,HISTORICAL_DATA
1262758,T20I,2021-07-25,2021,2021,"R Premadasa Stadium, Colombo",Colombo,,India,Sri Lanka,True,Sri Lanka,Sri Lanka,field,"[{""batting_team"":""India"",""declared"":false,""forfeited"":false,""innings_number"":1,""legal_deliveries"":120,""runs"":164,""super_over"":false,""target_overs"":null,""target_runs"":null,""wickets"":5},{""batting_team"":""Sri Lanka"",""declared"":false,""forfeited"":false,""innings_number"":2,""legal_deliveries"":111,""runs"":126,""super_over"":false,""target_overs"":20,""target_runs"":165,""wickets"":10}]",INDIA_WIN,India,COMPLETED,Cricsheet,HISTORICAL_DATA
1262759,T20I,2021-07-28,2021,2021,"R Premadasa Stadium, Colombo",Colombo,,India,Sri Lanka,True,Sri Lanka,Sri Lanka,field,"[{""batting_team"":""India"",""declared"":false,""forfeited"":false,""innings_number"":1,""legal_deliveries"":120,""runs"":132,""super_over"":false,""target_overs"":null,""target_runs"":null,""wickets"":5},{""batting_team"":""Sri Lanka"",""declared"":false,""forfeited"":false,""innings_number"":2,""legal_deliveries"":118,""runs"":133,""super_over"":false,""target_overs"":20,""target_runs"":133,""wickets"":6}]",OPPONENT_WIN,Sri Lanka,COMPLETED,Cricsheet,HISTORICAL_DATA
1262760,T20I,2021-07-29,2021,2021,"R Premadasa Stadium, Colombo",Colombo,,India,Sri Lanka,True,Sri Lanka,India,bat,"[{""batting_team"":""India"",""declared"":false,""forfeited"":false,""innings_number"":1,""legal_deliveries"":120,""runs"":81,""super_over"":false,""target_overs"":null,""target_runs"":null,""wickets"":8},{""batting_team"":""Sri Lanka"",""declared"":false,""forfeited"":false,""innings_number"":2,""legal_deliveries"":87,""runs"":82,""super_over"":false,""target_overs"":20,""target_runs"":82,""wickets"":3}]",OPPONENT_WIN,Sri Lanka,COMPLETED,Cricsheet,HISTORICAL_DATA
1239543,TEST,2021-08-04,2021,2021,"Trent Bridge, Nottingham",Nottingham,,England,India,True,England,England,bat,"[{""batting_team"":""England"",""declared"":false,""forfeited"":false,""innings_number"":1,""legal_deliveries"":394,""runs"":183,""super_over"":false,""target_overs"":null,""target_runs"":null,""wickets"":10},{""batting_team"":""India"",""declared"":false,""forfeited"":false,""innings_number"":2,""legal_deliveries"":509,""runs"":278,""super_over"":false,""target_overs"":null,""target_runs"":null,""wickets"":10},{""batting_team"":""England"",""declared"":false,""forfeited"":false,""innings_number"":3,""legal_deliveries"":515,""runs"":303,""super_over"":false,""target_overs"":null,""target_runs"":null,""wickets"":10},{""batting_team"":""India"",""declared"":false,""forfeited"":false,""innings_number"":4,""legal_deliveries"":84,""runs"":52,""super_over"":false,""target_overs"":null,""target_runs"":null,""wickets"":1}]",DRAW,,DRAWN,Cricsheet,HISTORICAL_DATA
1239544,TEST,2021-08-12,2021,2021,"Lord's, London",London,,India,England,True,England,England,field,"[{""batting_team"":""India"",""declared"":false,""forfeited"":false,""innings_number"":1,""legal_deliveries"":757,""runs"":364,""super_over"":false,""target_overs"":null,""target_runs"":null,""wickets"":10},{""batting_team"":""England"",""declared"":false,""forfeited"":false,""innings_number"":2,""legal_deliveries"":768,""runs"":391,""super_over"":false,""target_overs"":null,""target_runs"":null,""wickets"":10},{""batting_team"":""India"",""declared"":true,""forfeited"":false,""innings_number"":3,""legal_deliveries"":657,""runs"":298,""super_over"":false,""target_overs"":null,""target_runs"":null,""wickets"":8},{""batting_team"":""England"",""declared"":false,""forfeited"":false,""innings_number"":4,""legal_deliveries"":311,""runs"":120,""super_over"":false,""target_overs"":null,""target_runs"":null,""wickets"":10}]",INDIA_WIN,India,COMPLETED,Cricsheet,HISTORICAL_DATA
1239545,TEST,2021-08-25,2021,2021,"Headingley, Leeds",Leeds,,India,England,True,England,India,bat,"[{""batting_team"":""India"",""declared"":false,""forfeited"":false,""innings_number"":1,""legal_deliveries"":244,""runs"":78,""super_over"":false,""target_overs"":null,""target_runs"":null,""wickets"":10},{""batting_team"":""England"",""declared"":false,""forfeited"":false,""innings_number"":2,""legal_deliveries"":794,""runs"":432,""super_over"":false,""target_overs"":null,""target_runs"":null,""wickets"":10},{""batting_team"":""India"",""declared"":false,""forfeited"":false,""innings_number"":3,""legal_deliveries"":597,""runs"":278,""super_over"":false,""target_overs"":null,""target_runs"":null,""wickets"":10}]",OPPONENT_WIN,England,COMPLETED,Cricsheet,HISTORICAL_DATA
1239546,TEST,2021-09-02,2021,2021,"Kennington Oval, London",London,,India,England,True,England,England,field,"[{""batting_team"":""India"",""declared"":false,""forfeited"":false,""innings_number"":1,""legal_deliveries"":369,""runs"":191,""super_over"":false,""target_overs"":null,""target_runs"":null,""wickets"":10},{""batting_team"":""England"",""declared"":false,""forfeited"":false,""innings_number"":2,""legal_deliveries"":504,""runs"":290,""super_over"":false,""target_overs"":null,""target_runs"":null,""wickets"":10},{""batting_team"":""India"",""declared"":false,""forfeited"":false,""innings_number"":3,""legal_deliveries"":890,""runs"":466,""super_over"":false,""target_overs"":null,""target_runs"":null,""wickets"":10},{""batting_team"":""England"",""declared"":false,""forfeited"":false,""innings_number"":4,""legal_deliveries"":554,""runs"":210,""super_over"":false,""target_overs"":null,""target_runs"":null,""wickets"":10}]",INDIA_WIN,India,COMPLETED,Cricsheet,HISTORICAL_DATA
1273727,T20I,2021-10-24,2021/22,2021,Dubai International Cricket Stadium,Dubai,,India,Pakistan,True,Pakistan,Pakistan,field,"[{""batting_team"":""India"",""declared"":false,""forfeited"":false,""innings_number"":1,""legal_deliveries"":120,""runs"":151,""super_over"":false,""target_overs"":null,""target_runs"":null,""wickets"":7},{""batting_team"":""Pakistan"",""declared"":false,""forfeited"":false,""innings_number"":2,""legal_deliveries"":107,""runs"":152,""super_over"":false,""target_overs"":20,""target_runs"":152,""wickets"":0}]",OPPONENT_WIN,Pakistan,COMPLETED,Cricsheet,HISTORICAL_DATA
1273739,T20I,2021-10-31,2021/22,2021,Dubai International Cricket Stadium,Dubai,,India,New Zealand,True,New Zealand,New Zealand,field,"[{""batting_team"":""India"",""declared"":false,""forfeited"":false,""innings_number"":1,""legal_deliveries"":120,""runs"":110,""super_over"":false,""target_overs"":null,""target_runs"":null,""wickets"":7},{""batting_team"":""New Zealand"",""declared"":false,""forfeited"":false,""innings_number"":2,""legal_deliveries"":87,""runs"":111,""super_over"":false,""target_overs"":20,""target_runs"":111,""wickets"":2}]",OPPONENT_WIN,New Zealand,COMPLETED,Cricsheet,HISTORICAL_DATA
1273748,T20I,2021-11-05,2021/22,2021,Dubai International Cricket Stadium,Dubai,,Scotland,India,True,Scotland,India,field,"[{""batting_team"":""Scotland"",""declared"":false,""forfeited"":false,""innings_number"":1,""legal_deliveries"":106,""runs"":85,""super_over"":false,""target_overs"":null,""target_runs"":null,""wickets"":10},{""batting_team"":""India"",""declared"":false,""forfeited"":false,""innings_number"":2,""legal_deliveries"":39,""runs"":89,""super_over"":false,""target_overs"":20,""target_runs"":86,""wickets"":2}]",INDIA_WIN,India,COMPLETED,Cricsheet,HISTORICAL_DATA
1273753,T20I,2021-11-08,2021/22,2021,Dubai International Cricket Stadium,Dubai,,Namibia,India,True,Namibia,India,field,"[{""batting_team"":""Namibia"",""declared"":false,""forfeited"":false,""innings_number"":1,""legal_deliveries"":120,""runs"":132,""super_over"":false,""target_overs"":null,""target_runs"":null,""wickets"":8},{""batting_team"":""India"",""declared"":false,""forfeited"":false,""innings_number"":2,""legal_deliveries"":92,""runs"":136,""super_over"":false,""target_overs"":20,""target_runs"":133,""wickets"":1}]",INDIA_WIN,India,COMPLETED,Cricsheet,HISTORICAL_DATA
1278671,T20I,2021-11-17,2021/22,2021,"Sawai Mansingh Stadium, Jaipur",Jaipur,,New Zealand,India,True,New Zealand,India,field,"[{""batting_team"":""New Zealand"",""declared"":false,""forfeited"":false,""innings_number"":1,""legal_deliveries"":120,""runs"":164,""super_over"":false,""target_overs"":null,""target_runs"":null,""wickets"":6},{""batting_team"":""India"",""declared"":false,""forfeited"":false,""innings_number"":2,""legal_deliveries"":118,""runs"":166,""super_over"":false,""target_overs"":20,""target_runs"":165,""wickets"":5}]",INDIA_WIN,India,COMPLETED,Cricsheet,HISTORICAL_DATA
1278672,T20I,2021-11-19,2021/22,2021,"JSCA International Stadium Complex, Ranchi",Ranchi,,New Zealand,India,True,New Zealand,India,field,"[{""batting_team"":""New Zealand"",""declared"":false,""forfeited"":false,""innings_number"":1,""legal_deliveries"":120,""runs"":153,""super_over"":false,""target_overs"":null,""target_runs"":null,""wickets"":6},{""batting_team"":""India"",""declared"":false,""forfeited"":false,""innings_number"":2,""legal_deliveries"":104,""runs"":155,""super_over"":false,""target_overs"":20,""target_runs"":154,""wickets"":3}]",INDIA_WIN,India,COMPLETED,Cricsheet,HISTORICAL_DATA
1278673,T20I,2021-11-21,2021/22,2021,"Eden Gardens, Kolkata",Kolkata,,India,New Zealand,True,New Zealand,India,bat,"[{""batting_team"":""India"",""declared"":false,""forfeited"":false,""innings_number"":1,""legal_deliveries"":120,""runs"":184,""super_over"":false,""target_overs"":null,""target_runs"":null,""wickets"":7},{""batting_team"":""New Zealand"",""declared"":false,""forfeited"":false,""innings_number"":2,""legal_deliveries"":104,""runs"":111,""super_over"":false,""target_overs"":20,""target_runs"":185,""wickets"":10}]",INDIA_WIN,India,COMPLETED,Cricsheet,HISTORICAL_DATA
1278674,TEST,2021-11-25,2021/22,2021,"Green Park, Kanpur",Kanpur,,India,New Zealand,True,New Zealand,India,bat,"[{""batting_team"":""India"",""declared"":false,""forfeited"":false,""innings_number"":1,""legal_deliveries"":667,""runs"":345,""super_over"":false,""target_overs"":null,""target_runs"":null,""wickets"":10},{""batting_team"":""New Zealand"",""declared"":false,""forfeited"":false,""innings_number"":2,""legal_deliveries"":855,""runs"":296,""super_over"":false,""target_overs"":null,""target_runs"":null,""wickets"":10},{""batting_team"":""India"",""declared"":true,""forfeited"":false,""innings_number"":3,""legal_deliveries"":486,""runs"":234,""super_over"":false,""target_overs"":null,""target_runs"":null,""wickets"":7},{""batting_team"":""New Zealand"",""declared"":false,""forfeited"":false,""innings_number"":4,""legal_deliveries"":588,""runs"":165,""super_over"":false,""target_overs"":null,""target_runs"":null,""wickets"":9}]",DRAW,,DRAWN,Cricsheet,HISTORICAL_DATA
1278675,TEST,2021-12-03,2021/22,2021,"Wankhede Stadium, Mumbai",Mumbai,,India,New Zealand,True,New Zealand,India,bat,"[{""batting_team"":""India"",""declared"":false,""forfeited"":false,""innings_number"":1,""legal_deliveries"":659,""runs"":325,""super_over"":false,""target_overs"":null,""target_runs"":null,""wickets"":10},{""batting_team"":""New Zealand"",""declared"":false,""forfeited"":false,""innings_number"":2,""legal_deliveries"":169,""runs"":62,""super_over"":false,""target_overs"":null,""target_runs"":null,""wickets"":10},{""batting_team"":""India"",""declared"":true,""forfeited"":false,""innings_number"":3,""legal_deliveries"":420,""runs"":276,""super_over"":false,""target_overs"":null,""target_runs"":null,""wickets"":7},{""batting_team"":""New Zealand"",""declared"":false,""forfeited"":false,""innings_number"":4,""legal_deliveries"":339,""runs"":167,""super_over"":false,""target_overs"":null,""target_runs"":null,""wickets"":10}]",INDIA_WIN,India,COMPLETED,Cricsheet,HISTORICAL_DATA
1277079,TEST,2021-12-26,2021/22,2021,"SuperSport Park, Centurion",Centurion,,India,South Africa,True,South Africa,India,bat,"[{""batting_team"":""India"",""declared"":false,""forfeited"":false,""innings_number"":1,""legal_deliveries"":633,""runs"":327,""super_over"":false,""target_overs"":null,""target_runs"":null,""wickets"":10},{""batting_team"":""South Africa"",""declared"":false,""forfeited"":false,""innings_number"":2,""legal_deliveries"":375,""runs"":197,""super_over"":false,""target_overs"":null,""target_runs"":null,""wickets"":10},{""batting_team"":""India"",""declared"":false,""forfeited"":false,""innings_number"":3,""legal_deliveries"":303,""runs"":174,""super_over"":false,""target_overs"":null,""target_runs"":null,""wickets"":10},{""batting_team"":""South Africa"",""declared"":false,""forfeited"":false,""innings_number"":4,""legal_deliveries"":408,""runs"":191,""super_over"":false,""target_overs"":null,""target_runs"":null,""wickets"":10}]",INDIA_WIN,India,COMPLETED,Cricsheet,HISTORICAL_DATA
1277080,TEST,2022-01-03,2021/22,2022,"The Wanderers Stadium, Johannesburg",Johannesburg,,India,South Africa,True,South Africa,India,bat,"[{""batting_team"":""India"",""declared"":false,""forfeited"":false,""innings_number"":1,""legal_deliveries"":379,""runs"":202,""super_over"":false,""target_overs"":null,""target_runs"":null,""wickets"":10},{""batting_team"":""South Africa"",""declared"":false,""forfeited"":false,""innings_number"":2,""legal_deliveries"":478,""runs"":229,""super_over"":false,""target_overs"":null,""target_runs"":null,""wickets"":10},{""batting_team"":""India"",""declared"":false,""forfeited"":false,""innings_number"":3,""legal_deliveries"":361,""runs"":266,""super_over"":false,""target_overs"":null,""target_runs"":null,""wickets"":10},{""batting_team"":""South Africa"",""declared"":false,""forfeited"":false,""innings_number"":4,""legal_deliveries"":406,""runs"":243,""super_over"":false,""target_overs"":null,""target_runs"":null,""wickets"":3}]",OPPONENT_WIN,South Africa,COMPLETED,Cricsheet,HISTORICAL_DATA
1277081,TEST,2022-01-11,2021/22,2022,"Newlands, Cape Town",Cape Town,,India,South Africa,True,South Africa,India,bat,"[{""batting_team"":""India"",""declared"":false,""forfeited"":false,""innings_number"":1,""legal_deliveries"":465,""runs"":223,""super_over"":false,""target_overs"":null,""target_runs"":null,""wickets"":10},{""batting_team"":""South Africa"",""declared"":false,""forfeited"":false,""innings_number"":2,""legal_deliveries"":460,""runs"":210,""super_over"":false,""target_overs"":null,""target_runs"":null,""wickets"":10},{""batting_team"":""India"",""declared"":false,""forfeited"":false,""innings_number"":3,""legal_deliveries"":405,""runs"":198,""super_over"":false,""target_overs"":null,""target_runs"":null,""wickets"":10},{""batting_team"":""South Africa"",""declared"":false,""forfeited"":false,""innings_number"":4,""legal_deliveries"":381,""runs"":212,""super_over"":false,""target_overs"":null,""target_runs"":null,""wickets"":3}]",OPPONENT_WIN,South Africa,COMPLETED,Cricsheet,HISTORICAL_DATA
1277082,ODI,2022-01-19,2021/22,2022,"Boland Park, Paarl",Paarl,,South Africa,India,True,South Africa,South Africa,bat,"[{""batting_team"":""South Africa"",""declared"":false,""forfeited"":false,""innings_number"":1,""legal_deliveries"":300,""runs"":296,""super_over"":false,""target_overs"":null,""target_runs"":null,""wickets"":4},{""batting_team"":""India"",""declared"":false,""forfeited"":false,""innings_number"":2,""legal_deliveries"":300,""runs"":265,""super_over"":false,""target_overs"":50,""target_runs"":297,""wickets"":8}]",OPPONENT_WIN,South Africa,COMPLETED,Cricsheet,HISTORICAL_DATA
1277083,ODI,2022-01-21,2021/22,2022,"Boland Park, Paarl",Paarl,,India,South Africa,True,South Africa,India,bat,"[{""batting_team"":""India"",""declared"":false,""forfeited"":false,""innings_number"":1,""legal_deliveries"":300,""runs"":287,""super_over"":false,""target_overs"":null,""target_runs"":null,""wickets"":6},{""batting_team"":""South Africa"",""declared"":false,""forfeited"":false,""innings_number"":2,""legal_deliveries"":289,""runs"":288,""super_over"":false,""target_overs"":50,""target_runs"":288,""wickets"":3}]",OPPONENT_WIN,South Africa,COMPLETED,Cricsheet,HISTORICAL_DATA
1277084,ODI,2022-01-23,2021/22,2022,"Newlands, Cape Town",Cape Town,,South Africa,India,True,South Africa,India,field,"[{""batting_team"":""South Africa"",""declared"":false,""forfeited"":false,""innings_number"":1,""legal_deliveries"":299,""runs"":287,""super_over"":false,""target_overs"":null,""target_runs"":null,""wickets"":10},{""batting_team"":""India"",""declared"":false,""forfeited"":false,""innings_number"":2,""legal_deliveries"":296,""runs"":283,""super_over"":false,""target_overs"":50,""target_runs"":288,""wickets"":10}]",OPPONENT_WIN,South Africa,COMPLETED,Cricsheet,HISTORICAL_DATA
1278676,ODI,2022-02-06,2021/22,2022,"Narendra Modi Stadium, Ahmedabad",Ahmedabad,,West Indies,India,True,West Indies,India,field,"[{""batting_team"":""West Indies"",""declared"":false,""forfeited"":false,""innings_number"":1,""legal_deliveries"":263,""runs"":176,""super_over"":false,""target_overs"":null,""target_runs"":null,""wickets"":10},{""batting_team"":""India"",""declared"":false,""forfeited"":false,""innings_number"":2,""legal_deliveries"":168,""runs"":178,""super_over"":false,""target_overs"":50,""target_runs"":177,""wickets"":4}]",INDIA_WIN,India,COMPLETED,Cricsheet,HISTORICAL_DATA
1278677,ODI,2022-02-09,2021/22,2022,"Narendra Modi Stadium, Ahmedabad",Ahmedabad,,India,West Indies,True,West Indies,West Indies,field,"[{""batting_team"":""India"",""declared"":false,""forfeited"":false,""innings_number"":1,""legal_deliveries"":300,""runs"":237,""super_over"":false,""target_overs"":null,""target_runs"":null,""wickets"":9},{""batting_team"":""West Indies"",""declared"":false,""forfeited"":false,""innings_number"":2,""legal_deliveries"":276,""runs"":193,""super_over"":false,""target_overs"":50,""target_runs"":238,""wickets"":10}]",INDIA_WIN,India,COMPLETED,Cricsheet,HISTORICAL_DATA
1278678,ODI,2022-02-11,2021/22,2022,"Narendra Modi Stadium, Ahmedabad",Ahmedabad,,India,West Indies,True,West Indies,India,bat,"[{""batting_team"":""India"",""declared"":false,""forfeited"":false,""innings_number"":1,""legal_deliveries"":300,""runs"":265,""super_over"":false,""target_overs"":null,""target_runs"":null,""wickets"":10},{""batting_team"":""West Indies"",""declared"":false,""forfeited"":false,""innings_number"":2,""legal_deliveries"":223,""runs"":169,""super_over"":false,""target_overs"":50,""target_runs"":266,""wickets"":10}]",INDIA_WIN,India,COMPLETED,Cricsheet,HISTORICAL_DATA
1278679,T20I,2022-02-16,2021/22,2022,"Eden Gardens, Kolkata",Kolkata,,West Indies,India,True,West Indies,India,field,"[{""batting_team"":""West Indies"",""declared"":false,""forfeited"":false,""innings_number"":1,""legal_deliveries"":120,""runs"":157,""super_over"":false,""target_overs"":null,""target_runs"":null,""wickets"":7},{""batting_team"":""India"",""declared"":false,""forfeited"":false,""innings_number"":2,""legal_deliveries"":113,""runs"":162,""super_over"":false,""target_overs"":20,""target_runs"":158,""wickets"":4}]",INDIA_WIN,India,COMPLETED,Cricsheet,HISTORICAL_DATA
1278680,T20I,2022-02-18,2021/22,2022,"Eden Gardens, Kolkata",Kolkata,,India,West Indies,True,West Indies,West Indies,field,"[{""batting_team"":""India"",""declared"":false,""forfeited"":false,""innings_number"":1,""legal_deliveries"":120,""runs"":186,""super_over"":false,""target_overs"":null,""target_runs"":null,""wickets"":5},{""batting_team"":""West Indies"",""declared"":false,""forfeited"":false,""innings_number"":2,""legal_deliveries"":120,""runs"":178,""super_over"":false,""target_overs"":20,""target_runs"":187,""wickets"":3}]",INDIA_WIN,India,COMPLETED,Cricsheet,HISTORICAL_DATA
1278681,T20I,2022-02-20,2021/22,2022,"Eden Gardens, Kolkata",Kolkata,,India,West Indies,True,West Indies,West Indies,field,"[{""batting_team"":""India"",""declared"":false,""forfeited"":false,""innings_number"":1,""legal_deliveries"":120,""runs"":184,""super_over"":false,""target_overs"":null,""target_runs"":null,""wickets"":5},{""batting_team"":""West Indies"",""declared"":false,""forfeited"":false,""innings_number"":2,""legal_deliveries"":120,""runs"":167,""super_over"":false,""target_overs"":20,""target_runs"":185,""wickets"":9}]",INDIA_WIN,India,COMPLETED,Cricsheet,HISTORICAL_DATA
1278684,T20I,2022-02-24,2021/22,2022,"Bharat Ratna Shri Atal Bihari Vajpayee Ekana Cricket Stadium, Lucknow",Lucknow,,India,Sri Lanka,True,Sri Lanka,Sri Lanka,field,"[{""batting_team"":""India"",""declared"":false,""forfeited"":false,""innings_number"":1,""legal_deliveries"":120,""runs"":199,""super_over"":false,""target_overs"":null,""target_runs"":null,""wickets"":2},{""batting_team"":""Sri Lanka"",""declared"":false,""forfeited"":false,""innings_number"":2,""legal_deliveries"":120,""runs"":137,""super_over"":false,""target_overs"":20,""target_runs"":200,""wickets"":6}]",INDIA_WIN,India,COMPLETED,Cricsheet,HISTORICAL_DATA
1278685,T20I,2022-02-26,2021/22,2022,"Himachal Pradesh Cricket Association Stadium, Dharamsala",Dharamsala,,Sri Lanka,India,True,Sri Lanka,India,field,"[{""batting_team"":""Sri Lanka"",""declared"":false,""forfeited"":false,""innings_number"":1,""legal_deliveries"":120,""runs"":183,""super_over"":false,""target_overs"":null,""target_runs"":null,""wickets"":5},{""batting_team"":""India"",""declared"":false,""forfeited"":false,""innings_number"":2,""legal_deliveries"":103,""runs"":186,""super_over"":false,""target_overs"":20,""target_runs"":184,""wickets"":3}]",INDIA_WIN,India,COMPLETED,Cricsheet,HISTORICAL_DATA
1278686,T20I,2022-02-27,2021/22,2022,"Himachal Pradesh Cricket Association Stadium, Dharamsala",Dharamsala,,Sri Lanka,India,True,Sri Lanka,Sri Lanka,bat,"[{""batting_team"":""Sri Lanka"",""declared"":false,""forfeited"":false,""innings_number"":1,""legal_deliveries"":120,""runs"":146,""super_over"":false,""target_overs"":null,""target_runs"":null,""wickets"":5},{""batting_team"":""India"",""declared"":false,""forfeited"":false,""innings_number"":2,""legal_deliveries"":101,""runs"":148,""super_over"":false,""target_overs"":20,""target_runs"":147,""wickets"":4}]",INDIA_WIN,India,COMPLETED,Cricsheet,HISTORICAL_DATA
1278682,TEST,2022-03-04,2021/22,2022,"Punjab Cricket Association IS Bindra Stadium, Mohali, Chandigarh",Chandigarh,,India,Sri Lanka,True,Sri Lanka,India,bat,"[{""batting_team"":""India"",""declared"":true,""forfeited"":false,""innings_number"":1,""legal_deliveries"":776,""runs"":574,""super_over"":false,""target_overs"":null,""target_runs"":null,""wickets"":8},{""batting_team"":""Sri Lanka"",""declared"":false,""forfeited"":false,""innings_number"":2,""legal_deliveries"":390,""runs"":174,""super_over"":false,""target_overs"":null,""target_runs"":null,""wickets"":10},{""batting_team"":""Sri Lanka"",""declared"":false,""forfeited"":false,""innings_number"":3,""legal_deliveries"":360,""runs"":178,""super_over"":false,""target_overs"":null,""target_runs"":null,""wickets"":10}]",INDIA_WIN,India,COMPLETED,Cricsheet,HISTORICAL_DATA
1278683,TEST,2022-03-12,2021/22,2022,"M Chinnaswamy Stadium, Bengaluru",Bengaluru,,India,Sri Lanka,True,Sri Lanka,India,bat,"[{""batting_team"":""India"",""declared"":false,""forfeited"":false,""innings_number"":1,""legal_deliveries"":355,""runs"":252,""super_over"":false,""target_overs"":null,""target_runs"":null,""wickets"":10},{""batting_team"":""Sri Lanka"",""declared"":false,""forfeited"":false,""innings_number"":2,""legal_deliveries"":215,""runs"":109,""super_over"":false,""target_overs"":null,""target_runs"":null,""wickets"":10},{""batting_team"":""India"",""declared"":true,""forfeited"":false,""innings_number"":3,""legal_deliveries"":413,""runs"":303,""super_over"":false,""target_overs"":null,""target_runs"":null,""wickets"":9},{""batting_team"":""Sri Lanka"",""declared"":false,""forfeited"":false,""innings_number"":4,""legal_deliveries"":357,""runs"":208,""super_over"":false,""target_overs"":null,""target_runs"":null,""wickets"":10}]",INDIA_WIN,India,COMPLETED,Cricsheet,HISTORICAL_DATA
1278687,T20I,2022-06-09,2022,2022,"Arun Jaitley Stadium, Delhi",Delhi,,India,South Africa,True,South Africa,South Africa,field,"[{""batting_team"":""India"",""declared"":false,""forfeited"":false,""innings_number"":1,""legal_deliveries"":120,""runs"":211,""super_over"":false,""target_overs"":null,""target_runs"":null,""wickets"":4},{""batting_team"":""South Africa"",""declared"":false,""forfeited"":false,""innings_number"":2,""legal_deliveries"":115,""runs"":212,""super_over"":false,""target_overs"":20,""target_runs"":212,""wickets"":3}]",OPPONENT_WIN,South Africa,COMPLETED,Cricsheet,HISTORICAL_DATA
1278688,T20I,2022-06-12,2022,2022,"Barabati Stadium, Cuttack",Cuttack,,India,South Africa,True,South Africa,South Africa,field,"[{""batting_team"":""India"",""declared"":false,""forfeited"":false,""innings_number"":1,""legal_deliveries"":120,""runs"":148,""super_over"":false,""target_overs"":null,""target_runs"":null,""wickets"":6},{""batting_team"":""South Africa"",""declared"":false,""forfeited"":false,""innings_number"":2,""legal_deliveries"":110,""runs"":149,""super_over"":false,""target_overs"":20,""target_runs"":149,""wickets"":6}]",OPPONENT_WIN,South Africa,COMPLETED,Cricsheet,HISTORICAL_DATA
1278689,T20I,2022-06-14,2022,2022,"Dr. Y.S. Rajasekhara Reddy ACA-VDCA Cricket Stadium, Visakhapatnam",Visakhapatnam,,India,South Africa,True,South Africa,South Africa,field,"[{""batting_team"":""India"",""declared"":false,""forfeited"":false,""innings_number"":1,""legal_deliveries"":120,""runs"":179,""super_over"":false,""target_overs"":null,""target_runs"":null,""wickets"":5},{""batting_team"":""South Africa"",""declared"":false,""forfeited"":false,""innings_number"":2,""legal_deliveries"":115,""runs"":131,""super_over"":false,""target_overs"":20,""target_runs"":180,""wickets"":10}]",INDIA_WIN,India,COMPLETED,Cricsheet,HISTORICAL_DATA
1278690,T20I,2022-06-17,2022,2022,"Saurashtra Cricket Association Stadium, Rajkot",Rajkot,,India,South Africa,True,South Africa,South Africa,field,"[{""batting_team"":""India"",""declared"":false,""forfeited"":false,""innings_number"":1,""legal_deliveries"":120,""runs"":169,""super_over"":false,""target_overs"":null,""target_runs"":null,""wickets"":6},{""batting_team"":""South Africa"",""declared"":false,""forfeited"":false,""innings_number"":2,""legal_deliveries"":101,""runs"":87,""super_over"":false,""target_overs"":20,""target_runs"":170,""wickets"":9}]",INDIA_WIN,India,COMPLETED,Cricsheet,HISTORICAL_DATA
1278691,T20I,2022-06-19,2022,2022,"M Chinnaswamy Stadium, Bangalore",Bengaluru,,India,South Africa,True,South Africa,South Africa,field,"[{""batting_team"":""India"",""declared"":false,""forfeited"":false,""innings_number"":1,""legal_deliveries"":21,""runs"":28,""super_over"":false,""target_overs"":null,""target_runs"":null,""wickets"":2}]",,,NO_RESULT,Cricsheet,HISTORICAL_DATA
1303307,T20I,2022-06-26,2022,2022,"The Village, Malahide, Dublin",Dublin,,Ireland,India,True,Ireland,India,field,"[{""batting_team"":""Ireland"",""declared"":false,""forfeited"":false,""innings_number"":1,""legal_deliveries"":72,""runs"":108,""super_over"":false,""target_overs"":null,""target_runs"":null,""wickets"":4},{""batting_team"":""India"",""declared"":false,""forfeited"":false,""innings_number"":2,""legal_deliveries"":56,""runs"":111,""super_over"":false,""target_overs"":12,""target_runs"":109,""wickets"":3}]",INDIA_WIN,India,COMPLETED,Cricsheet,HISTORICAL_DATA
1303308,T20I,2022-06-28,2022,2022,"The Village, Malahide, Dublin",Dublin,,India,Ireland,True,Ireland,India,bat,"[{""batting_team"":""India"",""declared"":false,""forfeited"":false,""innings_number"":1,""legal_deliveries"":120,""runs"":225,""super_over"":false,""target_overs"":null,""target_runs"":null,""wickets"":7},{""batting_team"":""Ireland"",""declared"":false,""forfeited"":false,""innings_number"":2,""legal_deliveries"":120,""runs"":221,""super_over"":false,""target_overs"":20,""target_runs"":226,""wickets"":5}]",INDIA_WIN,India,COMPLETED,Cricsheet,HISTORICAL_DATA
1320741,TEST,2022-07-01,2022,2022,"Edgbaston, Birmingham",Birmingham,,India,England,True,England,England,field,"[{""batting_team"":""India"",""declared"":false,""forfeited"":false,""innings_number"":1,""legal_deliveries"":509,""runs"":416,""super_over"":false,""target_overs"":null,""target_runs"":null,""wickets"":10},{""batting_team"":""England"",""declared"":false,""forfeited"":false,""innings_number"":2,""legal_deliveries"":369,""runs"":284,""super_over"":false,""target_overs"":null,""target_runs"":null,""wickets"":10},{""batting_team"":""India"",""declared"":false,""forfeited"":false,""innings_number"":3,""legal_deliveries"":491,""runs"":245,""super_over"":false,""target_overs"":null,""target_runs"":null,""wickets"":10},{""batting_team"":""England"",""declared"":false,""forfeited"":false,""innings_number"":4,""legal_deliveries"":460,""runs"":378,""super_over"":false,""target_overs"":null,""target_runs"":null,""wickets"":3}]",OPPONENT_WIN,England,COMPLETED,Cricsheet,HISTORICAL_DATA
1276904,T20I,2022-07-07,2022,2022,"The Rose Bowl, Southampton",Southampton,,India,England,True,England,India,bat,"[{""batting_team"":""India"",""declared"":false,""forfeited"":false,""innings_number"":1,""legal_deliveries"":120,""runs"":198,""super_over"":false,""target_overs"":null,""target_runs"":null,""wickets"":8},{""batting_team"":""England"",""declared"":false,""forfeited"":false,""innings_number"":2,""legal_deliveries"":117,""runs"":148,""super_over"":false,""target_overs"":20,""target_runs"":199,""wickets"":10}]",INDIA_WIN,India,COMPLETED,Cricsheet,HISTORICAL_DATA
1276905,T20I,2022-07-09,2022,2022,"Edgbaston, Birmingham",Birmingham,,India,England,True,England,England,field,"[{""batting_team"":""India"",""declared"":false,""forfeited"":false,""innings_number"":1,""legal_deliveries"":120,""runs"":170,""super_over"":false,""target_overs"":null,""target_runs"":null,""wickets"":8},{""batting_team"":""England"",""declared"":false,""forfeited"":false,""innings_number"":2,""legal_deliveries"":102,""runs"":121,""super_over"":false,""target_overs"":20,""target_runs"":171,""wickets"":10}]",INDIA_WIN,India,COMPLETED,Cricsheet,HISTORICAL_DATA
1276906,T20I,2022-07-10,2022,2022,"Trent Bridge, Nottingham",Nottingham,,England,India,True,England,England,bat,"[{""batting_team"":""England"",""declared"":false,""forfeited"":false,""innings_number"":1,""legal_deliveries"":120,""runs"":215,""super_over"":false,""target_overs"":null,""target_runs"":null,""wickets"":7},{""batting_team"":""India"",""declared"":false,""forfeited"":false,""innings_number"":2,""legal_deliveries"":120,""runs"":198,""super_over"":false,""target_overs"":20,""target_runs"":216,""wickets"":9}]",OPPONENT_WIN,England,COMPLETED,Cricsheet,HISTORICAL_DATA
1276907,ODI,2022-07-12,2022,2022,"Kennington Oval, London",London,,England,India,True,England,India,field,"[{""batting_team"":""England"",""declared"":false,""forfeited"":false,""innings_number"":1,""legal_deliveries"":152,""runs"":110,""super_over"":false,""target_overs"":null,""target_runs"":null,""wickets"":10},{""batting_team"":""India"",""declared"":false,""forfeited"":false,""innings_number"":2,""legal_deliveries"":112,""runs"":114,""super_over"":false,""target_overs"":50,""target_runs"":111,""wickets"":0}]",INDIA_WIN,India,COMPLETED,Cricsheet,HISTORICAL_DATA
1276908,ODI,2022-07-14,2022,2022,"Lord's, London",London,,England,India,True,England,India,field,"[{""batting_team"":""England"",""declared"":false,""forfeited"":false,""innings_number"":1,""legal_deliveries"":294,""runs"":246,""super_over"":false,""target_overs"":null,""target_runs"":null,""wickets"":10},{""batting_team"":""India"",""declared"":false,""forfeited"":false,""innings_number"":2,""legal_deliveries"":233,""runs"":146,""super_over"":false,""target_overs"":50,""target_runs"":247,""wickets"":10}]",OPPONENT_WIN,England,COMPLETED,Cricsheet,HISTORICAL_DATA
1276909,ODI,2022-07-17,2022,2022,"Old Trafford, Manchester",Manchester,,England,India,True,England,India,field,"[{""batting_team"":""England"",""declared"":false,""forfeited"":false,""innings_number"":1,""legal_deliveries"":275,""runs"":259,""super_over"":false,""target_overs"":null,""target_runs"":null,""wickets"":10},{""batting_team"":""India"",""declared"":false,""forfeited"":false,""innings_number"":2,""legal_deliveries"":253,""runs"":261,""super_over"":false,""target_overs"":50,""target_runs"":260,""wickets"":5}]",INDIA_WIN,India,COMPLETED,Cricsheet,HISTORICAL_DATA
1317900,ODI,2022-07-22,2022,2022,"Queen's Park Oval, Port of Spain, Trinidad",Port of Spain,,India,West Indies,True,West Indies,West Indies,field,"[{""batting_team"":""India"",""declared"":false,""forfeited"":false,""innings_number"":1,""legal_deliveries"":300,""runs"":308,""super_over"":false,""target_overs"":null,""target_runs"":null,""wickets"":7},{""batting_team"":""West Indies"",""declared"":false,""forfeited"":false,""innings_number"":2,""legal_deliveries"":300,""runs"":305,""super_over"":false,""target_overs"":50,""target_runs"":309,""wickets"":6}]",INDIA_WIN,India,COMPLETED,Cricsheet,HISTORICAL_DATA
1317901,ODI,2022-07-24,2022,2022,"Queen's Park Oval, Port of Spain, Trinidad",Port of Spain,,West Indies,India,True,West Indies,West Indies,bat,"[{""batting_team"":""West Indies"",""declared"":false,""forfeited"":false,""innings_number"":1,""legal_deliveries"":300,""runs"":311,""super_over"":false,""target_overs"":null,""target_runs"":null,""wickets"":6},{""batting_team"":""India"",""declared"":false,""forfeited"":false,""innings_number"":2,""legal_deliveries"":298,""runs"":312,""super_over"":false,""target_overs"":50,""target_runs"":312,""wickets"":8}]",INDIA_WIN,India,COMPLETED,Cricsheet,HISTORICAL_DATA
1317902,ODI,2022-07-27,2022,2022,"Queen's Park Oval, Port of Spain, Trinidad",Port of Spain,,India,West Indies,True,West Indies,India,bat,"[{""batting_team"":""India"",""declared"":false,""forfeited"":false,""innings_number"":1,""legal_deliveries"":216,""runs"":225,""super_over"":false,""target_overs"":null,""target_runs"":null,""wickets"":3},{""batting_team"":""West Indies"",""declared"":false,""forfeited"":false,""innings_number"":2,""legal_deliveries"":156,""runs"":137,""super_over"":false,""target_overs"":35,""target_runs"":257,""wickets"":10}]",INDIA_WIN,India,COMPLETED,Cricsheet,HISTORICAL_DATA
1317903,T20I,2022-07-29,2022,2022,"Brian Lara Stadium, Tarouba, Trinidad",Tarouba,,India,West Indies,True,West Indies,West Indies,field,"[{""batting_team"":""India"",""declared"":false,""forfeited"":false,""innings_number"":1,""legal_deliveries"":120,""runs"":190,""super_over"":false,""target_overs"":null,""target_runs"":null,""wickets"":6},{""batting_team"":""West Indies"",""declared"":false,""forfeited"":false,""innings_number"":2,""legal_deliveries"":120,""runs"":122,""super_over"":false,""target_overs"":20,""target_runs"":191,""wickets"":8}]",INDIA_WIN,India,COMPLETED,Cricsheet,HISTORICAL_DATA
1317904,T20I,2022-08-01,2022,2022,"Warner Park, Basseterre, St Kitts",Basseterre,,India,West Indies,True,West Indies,West Indies,field,"[{""batting_team"":""India"",""declared"":false,""forfeited"":false,""innings_number"":1,""legal_deliveries"":118,""runs"":138,""super_over"":false,""target_overs"":null,""target_runs"":null,""wickets"":10},{""batting_team"":""West Indies"",""declared"":false,""forfeited"":false,""innings_number"":2,""legal_deliveries"":116,""runs"":141,""super_over"":false,""target_overs"":20,""target_runs"":139,""wickets"":5}]",OPPONENT_WIN,West Indies,COMPLETED,Cricsheet,HISTORICAL_DATA
1317905,T20I,2022-08-02,2022,2022,"Warner Park, Basseterre, St Kitts",Basseterre,,West Indies,India,True,West Indies,India,field,"[{""batting_team"":""West Indies"",""declared"":false,""forfeited"":false,""innings_number"":1,""legal_deliveries"":120,""runs"":164,""super_over"":false,""target_overs"":null,""target_runs"":null,""wickets"":5},{""batting_team"":""India"",""declared"":false,""forfeited"":false,""innings_number"":2,""legal_deliveries"":114,""runs"":165,""super_over"":false,""target_overs"":20,""target_runs"":165,""wickets"":3}]",INDIA_WIN,India,COMPLETED,Cricsheet,HISTORICAL_DATA
1317906,T20I,2022-08-06,2022,2022,"Central Broward Regional Park Stadium Turf Ground, Lauderhill",Lauderhill,,India,West Indies,True,West Indies,West Indies,field,"[{""batting_team"":""India"",""declared"":false,""forfeited"":false,""innings_number"":1,""legal_deliveries"":120,""runs"":191,""super_over"":false,""target_overs"":null,""target_runs"":null,""wickets"":5},{""batting_team"":""West Indies"",""declared"":false,""forfeited"":false,""innings_number"":2,""legal_deliveries"":115,""runs"":132,""super_over"":false,""target_overs"":20,""target_runs"":192,""wickets"":10}]",INDIA_WIN,India,COMPLETED,Cricsheet,HISTORICAL_DATA
1317907,T20I,2022-08-07,2022,2022,"Central Broward Regional Park Stadium Turf Ground, Lauderhill",Lauderhill,,India,West Indies,True,West Indies,India,bat,"[{""batting_team"":""India"",""declared"":false,""forfeited"":false,""innings_number"":1,""legal_deliveries"":120,""runs"":188,""super_over"":false,""target_overs"":null,""target_runs"":null,""wickets"":7},{""batting_team"":""West Indies"",""declared"":false,""forfeited"":false,""innings_number"":2,""legal_deliveries"":94,""runs"":100,""super_over"":false,""target_overs"":20,""target_runs"":189,""wickets"":10}]",INDIA_WIN,India,COMPLETED,Cricsheet,HISTORICAL_DATA
1325549,ODI,2022-08-18,2022,2022,Harare Sports Club,Harare,,Zimbabwe,India,True,Zimbabwe,India,field,"[{""batting_team"":""Zimbabwe"",""declared"":false,""forfeited"":false,""innings_number"":1,""legal_deliveries"":243,""runs"":189,""super_over"":false,""target_overs"":null,""target_runs"":null,""wickets"":10},{""batting_team"":""India"",""declared"":false,""forfeited"":false,""innings_number"":2,""legal_deliveries"":185,""runs"":192,""super_over"":false,""target_overs"":50,""target_runs"":190,""wickets"":0}]",INDIA_WIN,India,COMPLETED,Cricsheet,HISTORICAL_DATA
1325550,ODI,2022-08-20,2022,2022,Harare Sports Club,Harare,,Zimbabwe,India,True,Zimbabwe,India,field,"[{""batting_team"":""Zimbabwe"",""declared"":false,""forfeited"":false,""innings_number"":1,""legal_deliveries"":229,""runs"":161,""super_over"":false,""target_overs"":null,""target_runs"":null,""wickets"":10},{""batting_team"":""India"",""declared"":false,""forfeited"":false,""innings_number"":2,""legal_deliveries"":154,""runs"":167,""super_over"":false,""target_overs"":50,""target_runs"":162,""wickets"":5}]",INDIA_WIN,India,COMPLETED,Cricsheet,HISTORICAL_DATA
1325551,ODI,2022-08-22,2022,2022,Harare Sports Club,Harare,,India,Zimbabwe,True,Zimbabwe,India,bat,"[{""batting_team"":""India"",""declared"":false,""forfeited"":false,""innings_number"":1,""legal_deliveries"":300,""runs"":289,""super_over"":false,""target_overs"":null,""target_runs"":null,""wickets"":8},{""batting_team"":""Zimbabwe"",""declared"":false,""forfeited"":false,""innings_number"":2,""legal_deliveries"":298,""runs"":276,""super_over"":false,""target_overs"":50,""target_runs"":290,""wickets"":10}]",INDIA_WIN,India,COMPLETED,Cricsheet,HISTORICAL_DATA
1327270,T20I,2022-08-28,2022,2022,Dubai International Cricket Stadium,Dubai,,Pakistan,India,True,Pakistan,India,field,"[{""batting_team"":""Pakistan"",""declared"":false,""forfeited"":false,""innings_number"":1,""legal_deliveries"":119,""runs"":147,""super_over"":false,""target_overs"":null,""target_runs"":null,""wickets"":10},{""batting_team"":""India"",""declared"":false,""forfeited"":false,""innings_number"":2,""legal_deliveries"":118,""runs"":148,""super_over"":false,""target_overs"":20,""target_runs"":148,""wickets"":5}]",INDIA_WIN,India,COMPLETED,Cricsheet,HISTORICAL_DATA
1327272,T20I,2022-08-31,2022,2022,Dubai International Cricket Stadium,Dubai,,India,Hong Kong,True,Hong Kong,Hong Kong,field,"[{""batting_team"":""India"",""declared"":false,""forfeited"":false,""innings_number"":1,""legal_deliveries"":120,""runs"":192,""super_over"":false,""target_overs"":null,""target_runs"":null,""wickets"":2},{""batting_team"":""Hong Kong"",""declared"":false,""forfeited"":false,""innings_number"":2,""legal_deliveries"":120,""runs"":152,""super_over"":false,""target_overs"":20,""target_runs"":193,""wickets"":5}]",INDIA_WIN,India,COMPLETED,Cricsheet,HISTORICAL_DATA
1327276,T20I,2022-09-04,2022,2022,Dubai International Cricket Stadium,Dubai,,India,Pakistan,True,Pakistan,Pakistan,field,"[{""batting_team"":""India"",""declared"":false,""forfeited"":false,""innings_number"":1,""legal_deliveries"":120,""runs"":181,""super_over"":false,""target_overs"":null,""target_runs"":null,""wickets"":7},{""batting_team"":""Pakistan"",""declared"":false,""forfeited"":false,""innings_number"":2,""legal_deliveries"":119,""runs"":182,""super_over"":false,""target_overs"":20,""target_runs"":182,""wickets"":5}]",OPPONENT_WIN,Pakistan,COMPLETED,Cricsheet,HISTORICAL_DATA
1327277,T20I,2022-09-06,2022,2022,Dubai International Cricket Stadium,Dubai,,India,Sri Lanka,True,Sri Lanka,Sri Lanka,field,"[{""batting_team"":""India"",""declared"":false,""forfeited"":false,""innings_number"":1,""legal_deliveries"":120,""runs"":173,""super_over"":false,""target_overs"":null,""target_runs"":null,""wickets"":8},{""batting_team"":""Sri Lanka"",""declared"":false,""forfeited"":false,""innings_number"":2,""legal_deliveries"":119,""runs"":174,""super_over"":false,""target_overs"":20,""target_runs"":174,""wickets"":4}]",OPPONENT_WIN,Sri Lanka,COMPLETED,Cricsheet,HISTORICAL_DATA
1327503,T20I,2022-09-20,2022,2022,"Punjab Cricket Association IS Bindra Stadium, Mohali, Chandigarh",Chandigarh,,India,Australia,True,Australia,Australia,field,"[{""batting_team"":""India"",""declared"":false,""forfeited"":false,""innings_number"":1,""legal_deliveries"":120,""runs"":208,""super_over"":false,""target_overs"":null,""target_runs"":null,""wickets"":6},{""batting_team"":""Australia"",""declared"":false,""forfeited"":false,""innings_number"":2,""legal_deliveries"":116,""runs"":211,""super_over"":false,""target_overs"":20,""target_runs"":209,""wickets"":6}]",OPPONENT_WIN,Australia,COMPLETED,Cricsheet,HISTORICAL_DATA
1327504,T20I,2022-09-23,2022,2022,"Vidarbha Cricket Association Stadium, Jamtha, Nagpur",Nagpur,,Australia,India,True,Australia,India,field,"[{""batting_team"":""Australia"",""declared"":false,""forfeited"":false,""innings_number"":1,""legal_deliveries"":48,""runs"":90,""super_over"":false,""target_overs"":null,""target_runs"":null,""wickets"":5},{""batting_team"":""India"",""declared"":false,""forfeited"":false,""innings_number"":2,""legal_deliveries"":44,""runs"":92,""super_over"":false,""target_overs"":8,""target_runs"":91,""wickets"":4}]",INDIA_WIN,India,COMPLETED,Cricsheet,HISTORICAL_DATA
1327505,T20I,2022-09-25,2022,2022,"Rajiv Gandhi International Stadium, Uppal, Hyderabad",Hyderabad,,Australia,India,True,Australia,India,field,"[{""batting_team"":""Australia"",""declared"":false,""forfeited"":false,""innings_number"":1,""legal_deliveries"":120,""runs"":186,""super_over"":false,""target_overs"":null,""target_runs"":null,""wickets"":7},{""batting_team"":""India"",""declared"":false,""forfeited"":false,""innings_number"":2,""legal_deliveries"":119,""runs"":187,""super_over"":false,""target_overs"":20,""target_runs"":187,""wickets"":4}]",INDIA_WIN,India,COMPLETED,Cricsheet,HISTORICAL_DATA
1327506,T20I,2022-09-28,2022/23,2022,"Greenfield International Stadium, Thiruvananthapuram",Thiruvananthapuram,,South Africa,India,True,South Africa,India,field,"[{""batting_team"":""South Africa"",""declared"":false,""forfeited"":false,""innings_number"":1,""legal_deliveries"":120,""runs"":106,""super_over"":false,""target_overs"":null,""target_runs"":null,""wickets"":8},{""batting_team"":""India"",""declared"":false,""forfeited"":false,""innings_number"":2,""legal_deliveries"":100,""runs"":110,""super_over"":false,""target_overs"":20,""target_runs"":107,""wickets"":2}]",INDIA_WIN,India,COMPLETED,Cricsheet,HISTORICAL_DATA
1327507,T20I,2022-10-02,2022/23,2022,"Barsapara Cricket Stadium, Guwahati",Guwahati,,India,South Africa,True,South Africa,South Africa,field,"[{""batting_team"":""India"",""declared"":false,""forfeited"":false,""innings_number"":1,""legal_deliveries"":120,""runs"":237,""super_over"":false,""target_overs"":null,""target_runs"":null,""wickets"":3},{""batting_team"":""South Africa"",""declared"":false,""forfeited"":false,""innings_number"":2,""legal_deliveries"":120,""runs"":221,""super_over"":false,""target_overs"":20,""target_runs"":238,""wickets"":3}]",INDIA_WIN,India,COMPLETED,Cricsheet,HISTORICAL_DATA
1327508,T20I,2022-10-04,2022/23,2022,"Holkar Cricket Stadium, Indore",Indore,,South Africa,India,True,South Africa,India,field,"[{""batting_team"":""South Africa"",""declared"":false,""forfeited"":false,""innings_number"":1,""legal_deliveries"":120,""runs"":227,""super_over"":false,""target_overs"":null,""target_runs"":null,""wickets"":3},{""batting_team"":""India"",""declared"":false,""forfeited"":false,""innings_number"":2,""legal_deliveries"":111,""runs"":178,""super_over"":false,""target_overs"":20,""target_runs"":228,""wickets"":10}]",OPPONENT_WIN,South Africa,COMPLETED,Cricsheet,HISTORICAL_DATA
1327509,ODI,2022-10-06,2022/23,2022,"Bharat Ratna Shri Atal Bihari Vajpayee Ekana Cricket Stadium, Lucknow",Lucknow,,South Africa,India,True,South Africa,India,field,"[{""batting_team"":""South Africa"",""declared"":false,""forfeited"":false,""innings_number"":1,""legal_deliveries"":240,""runs"":249,""super_over"":false,""target_overs"":null,""target_runs"":null,""wickets"":4},{""batting_team"":""India"",""declared"":false,""forfeited"":false,""innings_number"":2,""legal_deliveries"":240,""runs"":240,""super_over"":false,""target_overs"":40,""target_runs"":250,""wickets"":8}]",OPPONENT_WIN,South Africa,COMPLETED,Cricsheet,HISTORICAL_DATA
1327510,ODI,2022-10-09,2022/23,2022,"JSCA International Stadium Complex, Ranchi",Ranchi,,South Africa,India,True,South Africa,South Africa,bat,"[{""batting_team"":""South Africa"",""declared"":false,""forfeited"":false,""innings_number"":1,""legal_deliveries"":300,""runs"":278,""super_over"":false,""target_overs"":null,""target_runs"":null,""wickets"":7},{""batting_team"":""India"",""declared"":false,""forfeited"":false,""innings_number"":2,""legal_deliveries"":275,""runs"":282,""super_over"":false,""target_overs"":50,""target_runs"":279,""wickets"":3}]",INDIA_WIN,India,COMPLETED,Cricsheet,HISTORICAL_DATA
1327511,ODI,2022-10-11,2022/23,2022,"Arun Jaitley Stadium, Delhi",Delhi,,South Africa,India,True,South Africa,India,field,"[{""batting_team"":""South Africa"",""declared"":false,""forfeited"":false,""innings_number"":1,""legal_deliveries"":163,""runs"":99,""super_over"":false,""target_overs"":null,""target_runs"":null,""wickets"":10},{""batting_team"":""India"",""declared"":false,""forfeited"":false,""innings_number"":2,""legal_deliveries"":115,""runs"":105,""super_over"":false,""target_overs"":50,""target_runs"":100,""wickets"":3}]",INDIA_WIN,India,COMPLETED,Cricsheet,HISTORICAL_DATA
1298150,T20I,2022-10-23,2022/23,2022,Melbourne Cricket Ground,Melbourne,,Pakistan,India,True,Pakistan,India,field,"[{""batting_team"":""Pakistan"",""declared"":false,""forfeited"":false,""innings_number"":1,""legal_deliveries"":120,""runs"":159,""super_over"":false,""target_overs"":null,""target_runs"":null,""wickets"":8},{""batting_team"":""India"",""declared"":false,""forfeited"":false,""innings_number"":2,""legal_deliveries"":120,""runs"":160,""super_over"":false,""target_overs"":20,""target_runs"":160,""wickets"":6}]",INDIA_WIN,India,COMPLETED,Cricsheet,HISTORICAL_DATA
1298157,T20I,2022-10-27,2022/23,2022,Sydney Cricket Ground,Sydney,,India,Netherlands,True,Netherlands,India,bat,"[{""batting_team"":""India"",""declared"":false,""forfeited"":false,""innings_number"":1,""legal_deliveries"":120,""runs"":179,""super_over"":false,""target_overs"":null,""target_runs"":null,""wickets"":2},{""batting_team"":""Netherlands"",""declared"":false,""forfeited"":false,""innings_number"":2,""legal_deliveries"":120,""runs"":123,""super_over"":false,""target_overs"":20,""target_runs"":180,""wickets"":9}]",INDIA_WIN,India,COMPLETED,Cricsheet,HISTORICAL_DATA
1298164,T20I,2022-10-30,2022/23,2022,Perth Stadium,Perth,,India,South Africa,True,South Africa,India,bat,"[{""batting_team"":""India"",""declared"":false,""forfeited"":false,""innings_number"":1,""legal_deliveries"":120,""runs"":133,""super_over"":false,""target_overs"":null,""target_runs"":null,""wickets"":9},{""batting_team"":""South Africa"",""declared"":false,""forfeited"":false,""innings_number"":2,""legal_deliveries"":118,""runs"":137,""super_over"":false,""target_overs"":20,""target_runs"":134,""wickets"":5}]",OPPONENT_WIN,South Africa,COMPLETED,Cricsheet,HISTORICAL_DATA
1298169,T20I,2022-11-02,2022/23,2022,Adelaide Oval,Adelaide,,India,Bangladesh,True,Bangladesh,Bangladesh,field,"[{""batting_team"":""India"",""declared"":false,""forfeited"":false,""innings_number"":1,""legal_deliveries"":120,""runs"":184,""super_over"":false,""target_overs"":null,""target_runs"":null,""wickets"":6},{""batting_team"":""Bangladesh"",""declared"":false,""forfeited"":false,""innings_number"":2,""legal_deliveries"":96,""runs"":145,""super_over"":false,""target_overs"":16,""target_runs"":151,""wickets"":6}]",INDIA_WIN,India,COMPLETED,Cricsheet,HISTORICAL_DATA
1298176,T20I,2022-11-06,2022/23,2022,Melbourne Cricket Ground,Melbourne,,India,Zimbabwe,True,Zimbabwe,India,bat,"[{""batting_team"":""India"",""declared"":false,""forfeited"":false,""innings_number"":1,""legal_deliveries"":120,""runs"":186,""super_over"":false,""target_overs"":null,""target_runs"":null,""wickets"":5},{""batting_team"":""Zimbabwe"",""declared"":false,""forfeited"":false,""innings_number"":2,""legal_deliveries"":104,""runs"":115,""super_over"":false,""target_overs"":20,""target_runs"":187,""wickets"":10}]",INDIA_WIN,India,COMPLETED,Cricsheet,HISTORICAL_DATA
1298178,T20I,2022-11-10,2022/23,2022,Adelaide Oval,Adelaide,,India,England,True,England,England,field,"[{""batting_team"":""India"",""declared"":false,""forfeited"":false,""innings_number"":1,""legal_deliveries"":120,""runs"":168,""super_over"":false,""target_overs"":null,""target_runs"":null,""wickets"":6},{""batting_team"":""England"",""declared"":false,""forfeited"":false,""innings_number"":2,""legal_deliveries"":96,""runs"":170,""super_over"":false,""target_overs"":20,""target_runs"":169,""wickets"":0}]",OPPONENT_WIN,England,COMPLETED,Cricsheet,HISTORICAL_DATA
1322276,T20I,2022-11-20,2022/23,2022,"Bay Oval, Mount Maunganui",Mount Maunganui,,India,New Zealand,True,New Zealand,New Zealand,field,"[{""batting_team"":""India"",""declared"":false,""forfeited"":false,""innings_number"":1,""legal_deliveries"":120,""runs"":191,""super_over"":false,""target_overs"":null,""target_runs"":null,""wickets"":6},{""batting_team"":""New Zealand"",""declared"":false,""forfeited"":false,""innings_number"":2,""legal_deliveries"":113,""runs"":126,""super_over"":false,""target_overs"":20,""target_runs"":192,""wickets"":10}]",INDIA_WIN,India,COMPLETED,Cricsheet,HISTORICAL_DATA
1322277,T20I,2022-11-22,2022/23,2022,"McLean Park, Napier",Napier,,New Zealand,India,True,New Zealand,New Zealand,bat,"[{""batting_team"":""New Zealand"",""declared"":false,""forfeited"":false,""innings_number"":1,""legal_deliveries"":118,""runs"":160,""super_over"":false,""target_overs"":null,""target_runs"":null,""wickets"":10},{""batting_team"":""India"",""declared"":false,""forfeited"":false,""innings_number"":2,""legal_deliveries"":54,""runs"":75,""super_over"":false,""target_overs"":9,""target_runs"":76,""wickets"":4}]",,,TIED,Cricsheet,HISTORICAL_DATA
1322278,ODI,2022-11-25,2022/23,2022,"Eden Park, Auckland",Auckland,,India,New Zealand,True,New Zealand,New Zealand,field,"[{""batting_team"":""India"",""declared"":false,""forfeited"":false,""innings_number"":1,""legal_deliveries"":300,""runs"":306,""super_over"":false,""target_overs"":null,""target_runs"":null,""wickets"":7},{""batting_team"":""New Zealand"",""declared"":false,""forfeited"":false,""innings_number"":2,""legal_deliveries"":283,""runs"":309,""super_over"":false,""target_overs"":50,""target_runs"":307,""wickets"":3}]",OPPONENT_WIN,New Zealand,COMPLETED,Cricsheet,HISTORICAL_DATA
1322279,ODI,2022-11-27,2022/23,2022,"Seddon Park, Hamilton",Hamilton,,India,New Zealand,True,New Zealand,New Zealand,field,"[{""batting_team"":""India"",""declared"":false,""forfeited"":false,""innings_number"":1,""legal_deliveries"":77,""runs"":89,""super_over"":false,""target_overs"":null,""target_runs"":null,""wickets"":1}]",,,NO_RESULT,Cricsheet,HISTORICAL_DATA
1322280,ODI,2022-11-30,2022/23,2022,"Hagley Oval, Christchurch",Christchurch,,India,New Zealand,True,New Zealand,New Zealand,field,"[{""batting_team"":""India"",""declared"":false,""forfeited"":false,""innings_number"":1,""legal_deliveries"":285,""runs"":219,""super_over"":false,""target_overs"":null,""target_runs"":null,""wickets"":10},{""batting_team"":""New Zealand"",""declared"":false,""forfeited"":false,""innings_number"":2,""legal_deliveries"":108,""runs"":104,""super_over"":false,""target_overs"":50,""target_runs"":220,""wickets"":1}]",,,NO_RESULT,Cricsheet,HISTORICAL_DATA
1340845,ODI,2022-12-04,2022/23,2022,"Shere Bangla National Stadium, Mirpur",Dhaka,,India,Bangladesh,True,Bangladesh,Bangladesh,field,"[{""batting_team"":""India"",""declared"":false,""forfeited"":false,""innings_number"":1,""legal_deliveries"":248,""runs"":186,""super_over"":false,""target_overs"":null,""target_runs"":null,""wickets"":10},{""batting_team"":""Bangladesh"",""declared"":false,""forfeited"":false,""innings_number"":2,""legal_deliveries"":276,""runs"":187,""super_over"":false,""target_overs"":50,""target_runs"":187,""wickets"":9}]",OPPONENT_WIN,Bangladesh,COMPLETED,Cricsheet,HISTORICAL_DATA
1340846,ODI,2022-12-07,2022/23,2022,"Shere Bangla National Stadium, Mirpur",Dhaka,,Bangladesh,India,True,Bangladesh,Bangladesh,bat,"[{""batting_team"":""Bangladesh"",""declared"":false,""forfeited"":false,""innings_number"":1,""legal_deliveries"":300,""runs"":271,""super_over"":false,""target_overs"":null,""target_runs"":null,""wickets"":7},{""batting_team"":""India"",""declared"":false,""forfeited"":false,""innings_number"":2,""legal_deliveries"":300,""runs"":266,""super_over"":false,""target_overs"":50,""target_runs"":272,""wickets"":9}]",OPPONENT_WIN,Bangladesh,COMPLETED,Cricsheet,HISTORICAL_DATA
1340847,ODI,2022-12-10,2022/23,2022,"Zahur Ahmed Chowdhury Stadium, Chattogram",Chattogram,,India,Bangladesh,True,Bangladesh,Bangladesh,field,"[{""batting_team"":""India"",""declared"":false,""forfeited"":false,""innings_number"":1,""legal_deliveries"":300,""runs"":409,""super_over"":false,""target_overs"":null,""target_runs"":null,""wickets"":8},{""batting_team"":""Bangladesh"",""declared"":false,""forfeited"":false,""innings_number"":2,""legal_deliveries"":204,""runs"":182,""super_over"":false,""target_overs"":50,""target_runs"":410,""wickets"":10}]",INDIA_WIN,India,COMPLETED,Cricsheet,HISTORICAL_DATA
1340848,TEST,2022-12-14,2022/23,2022,"Zahur Ahmed Chowdhury Stadium, Chattogram",Chattogram,,India,Bangladesh,True,Bangladesh,India,bat,"[{""batting_team"":""India"",""declared"":false,""forfeited"":false,""innings_number"":1,""legal_deliveries"":803,""runs"":404,""super_over"":false,""target_overs"":null,""target_runs"":null,""wickets"":10},{""batting_team"":""Bangladesh"",""declared"":false,""forfeited"":false,""innings_number"":2,""legal_deliveries"":335,""runs"":150,""super_over"":false,""target_overs"":null,""target_runs"":null,""wickets"":10},{""batting_team"":""India"",""declared"":true,""forfeited"":false,""innings_number"":3,""legal_deliveries"":370,""runs"":258,""super_over"":false,""target_overs"":null,""target_runs"":null,""wickets"":2},{""batting_team"":""Bangladesh"",""declared"":false,""forfeited"":false,""innings_number"":4,""legal_deliveries"":680,""runs"":324,""super_over"":false,""target_overs"":null,""target_runs"":null,""wickets"":10}]",INDIA_WIN,India,COMPLETED,Cricsheet,HISTORICAL_DATA
1340849,TEST,2022-12-22,2022/23,2022,"Shere Bangla National Stadium, Mirpur",Dhaka,,Bangladesh,India,True,Bangladesh,Bangladesh,bat,"[{""batting_team"":""Bangladesh"",""declared"":false,""forfeited"":false,""innings_number"":1,""legal_deliveries"":443,""runs"":227,""super_over"":false,""target_overs"":null,""target_runs"":null,""wickets"":10},{""batting_team"":""India"",""declared"":false,""forfeited"":false,""innings_number"":2,""legal_deliveries"":519,""runs"":314,""super_over"":false,""target_overs"":null,""target_runs"":null,""wickets"":10},{""batting_team"":""Bangladesh"",""declared"":false,""forfeited"":false,""innings_number"":3,""legal_deliveries"":422,""runs"":231,""super_over"":false,""target_overs"":null,""target_runs"":null,""wickets"":10},{""batting_team"":""India"",""declared"":false,""forfeited"":false,""innings_number"":4,""legal_deliveries"":282,""runs"":145,""super_over"":false,""target_overs"":null,""target_runs"":null,""wickets"":7}]",INDIA_WIN,India,COMPLETED,Cricsheet,HISTORICAL_DATA
1348640,T20I,2023-01-03,2022/23,2023,"Wankhede Stadium, Mumbai",Mumbai,,India,Sri Lanka,True,Sri Lanka,Sri Lanka,field,"[{""batting_team"":""India"",""declared"":false,""forfeited"":false,""innings_number"":1,""legal_deliveries"":120,""runs"":162,""super_over"":false,""target_overs"":null,""target_runs"":null,""wickets"":5},{""batting_team"":""Sri Lanka"",""declared"":false,""forfeited"":false,""innings_number"":2,""legal_deliveries"":120,""runs"":160,""super_over"":false,""target_overs"":20,""target_runs"":163,""wickets"":10}]",INDIA_WIN,India,COMPLETED,Cricsheet,HISTORICAL_DATA
1348641,T20I,2023-01-05,2022/23,2023,"Maharashtra Cricket Association Stadium, Pune",Pune,,Sri Lanka,India,True,Sri Lanka,India,field,"[{""batting_team"":""Sri Lanka"",""declared"":false,""forfeited"":false,""innings_number"":1,""legal_deliveries"":120,""runs"":206,""super_over"":false,""target_overs"":null,""target_runs"":null,""wickets"":6},{""batting_team"":""India"",""declared"":false,""forfeited"":false,""innings_number"":2,""legal_deliveries"":120,""runs"":190,""super_over"":false,""target_overs"":20,""target_runs"":207,""wickets"":8}]",OPPONENT_WIN,Sri Lanka,COMPLETED,Cricsheet,HISTORICAL_DATA
1348642,T20I,2023-01-07,2022/23,2023,"Saurashtra Cricket Association Stadium, Rajkot",Rajkot,,India,Sri Lanka,True,Sri Lanka,India,bat,"[{""batting_team"":""India"",""declared"":false,""forfeited"":false,""innings_number"":1,""legal_deliveries"":120,""runs"":228,""super_over"":false,""target_overs"":null,""target_runs"":null,""wickets"":5},{""batting_team"":""Sri Lanka"",""declared"":false,""forfeited"":false,""innings_number"":2,""legal_deliveries"":100,""runs"":137,""super_over"":false,""target_overs"":20,""target_runs"":229,""wickets"":10}]",INDIA_WIN,India,COMPLETED,Cricsheet,HISTORICAL_DATA
1348643,ODI,2023-01-10,2022/23,2023,"Barsapara Cricket Stadium, Guwahati",Guwahati,,India,Sri Lanka,True,Sri Lanka,Sri Lanka,field,"[{""batting_team"":""India"",""declared"":false,""forfeited"":false,""innings_number"":1,""legal_deliveries"":300,""runs"":373,""super_over"":false,""target_overs"":null,""target_runs"":null,""wickets"":7},{""batting_team"":""Sri Lanka"",""declared"":false,""forfeited"":false,""innings_number"":2,""legal_deliveries"":300,""runs"":306,""super_over"":false,""target_overs"":50,""target_runs"":374,""wickets"":8}]",INDIA_WIN,India,COMPLETED,Cricsheet,HISTORICAL_DATA
1348644,ODI,2023-01-12,2022/23,2023,"Eden Gardens, Kolkata",Kolkata,,Sri Lanka,India,True,Sri Lanka,Sri Lanka,bat,"[{""batting_team"":""Sri Lanka"",""declared"":false,""forfeited"":false,""innings_number"":1,""legal_deliveries"":238,""runs"":215,""super_over"":false,""target_overs"":null,""target_runs"":null,""wickets"":10},{""batting_team"":""India"",""declared"":false,""forfeited"":false,""innings_number"":2,""legal_deliveries"":260,""runs"":219,""super_over"":false,""target_overs"":50,""target_runs"":216,""wickets"":6}]",INDIA_WIN,India,COMPLETED,Cricsheet,HISTORICAL_DATA
1348645,ODI,2023-01-15,2022/23,2023,"Greenfield International Stadium, Thiruvananthapuram",Thiruvananthapuram,,India,Sri Lanka,True,Sri Lanka,India,bat,"[{""batting_team"":""India"",""declared"":false,""forfeited"":false,""innings_number"":1,""legal_deliveries"":300,""runs"":390,""super_over"":false,""target_overs"":null,""target_runs"":null,""wickets"":5},{""batting_team"":""Sri Lanka"",""declared"":false,""forfeited"":false,""innings_number"":2,""legal_deliveries"":132,""runs"":73,""super_over"":false,""target_overs"":50,""target_runs"":391,""wickets"":9}]",INDIA_WIN,India,COMPLETED,Cricsheet,HISTORICAL_DATA
1348646,ODI,2023-01-18,2022/23,2023,"Rajiv Gandhi International Stadium, Uppal, Hyderabad",Hyderabad,,India,New Zealand,True,New Zealand,India,bat,"[{""batting_team"":""India"",""declared"":false,""forfeited"":false,""innings_number"":1,""legal_deliveries"":300,""runs"":349,""super_over"":false,""target_overs"":null,""target_runs"":null,""wickets"":8},{""batting_team"":""New Zealand"",""declared"":false,""forfeited"":false,""innings_number"":2,""legal_deliveries"":296,""runs"":337,""super_over"":false,""target_overs"":50,""target_runs"":350,""wickets"":10}]",INDIA_WIN,India,COMPLETED,Cricsheet,HISTORICAL_DATA
1348647,ODI,2023-01-21,2022/23,2023,"Shaheed Veer Narayan Singh International Stadium, Raipur",Raipur,,New Zealand,India,True,New Zealand,India,field,"[{""batting_team"":""New Zealand"",""declared"":false,""forfeited"":false,""innings_number"":1,""legal_deliveries"":207,""runs"":108,""super_over"":false,""target_overs"":null,""target_runs"":null,""wickets"":10},{""batting_team"":""India"",""declared"":false,""forfeited"":false,""innings_number"":2,""legal_deliveries"":121,""runs"":111,""super_over"":false,""target_overs"":50,""target_runs"":109,""wickets"":2}]",INDIA_WIN,India,COMPLETED,Cricsheet,HISTORICAL_DATA
1348648,ODI,2023-01-24,2022/23,2023,"Holkar Cricket Stadium, Indore",Indore,,India,New Zealand,True,New Zealand,New Zealand,field,"[{""batting_team"":""India"",""declared"":false,""forfeited"":false,""innings_number"":1,""legal_deliveries"":300,""runs"":385,""super_over"":false,""target_overs"":null,""target_runs"":null,""wickets"":9},{""batting_team"":""New Zealand"",""declared"":false,""forfeited"":false,""innings_number"":2,""legal_deliveries"":248,""runs"":295,""super_over"":false,""target_overs"":50,""target_runs"":386,""wickets"":10}]",INDIA_WIN,India,COMPLETED,Cricsheet,HISTORICAL_DATA
1348649,T20I,2023-01-27,2022/23,2023,"JSCA International Stadium Complex, Ranchi",Ranchi,,New Zealand,India,True,New Zealand,India,field,"[{""batting_team"":""New Zealand"",""declared"":false,""forfeited"":false,""innings_number"":1,""legal_deliveries"":120,""runs"":176,""super_over"":false,""target_overs"":null,""target_runs"":null,""wickets"":6},{""batting_team"":""India"",""declared"":false,""forfeited"":false,""innings_number"":2,""legal_deliveries"":120,""runs"":155,""super_over"":false,""target_overs"":20,""target_runs"":177,""wickets"":9}]",OPPONENT_WIN,New Zealand,COMPLETED,Cricsheet,HISTORICAL_DATA
1348650,T20I,2023-01-29,2022/23,2023,"Bharat Ratna Shri Atal Bihari Vajpayee Ekana Cricket Stadium, Lucknow",Lucknow,,New Zealand,India,True,New Zealand,New Zealand,bat,"[{""batting_team"":""New Zealand"",""declared"":false,""forfeited"":false,""innings_number"":1,""legal_deliveries"":120,""runs"":99,""super_over"":false,""target_overs"":null,""target_runs"":null,""wickets"":8},{""batting_team"":""India"",""declared"":false,""forfeited"":false,""innings_number"":2,""legal_deliveries"":119,""runs"":101,""super_over"":false,""target_overs"":20,""target_runs"":100,""wickets"":4}]",INDIA_WIN,India,COMPLETED,Cricsheet,HISTORICAL_DATA
1348651,T20I,2023-02-01,2022/23,2023,"Narendra Modi Stadium, Ahmedabad",Ahmedabad,,India,New Zealand,True,New Zealand,India,bat,"[{""batting_team"":""India"",""declared"":false,""forfeited"":false,""innings_number"":1,""legal_deliveries"":120,""runs"":234,""super_over"":false,""target_overs"":null,""target_runs"":null,""wickets"":4},{""batting_team"":""New Zealand"",""declared"":false,""forfeited"":false,""innings_number"":2,""legal_deliveries"":73,""runs"":66,""super_over"":false,""target_overs"":20,""target_runs"":235,""wickets"":10}]",INDIA_WIN,India,COMPLETED,Cricsheet,HISTORICAL_DATA
1348652,TEST,2023-02-09,2022/23,2023,"Vidarbha Cricket Association Stadium, Jamtha, Nagpur",Nagpur,,Australia,India,True,Australia,Australia,bat,"[{""batting_team"":""Australia"",""declared"":false,""forfeited"":false,""innings_number"":1,""legal_deliveries"":383,""runs"":177,""super_over"":false,""target_overs"":null,""target_runs"":null,""wickets"":10},{""batting_team"":""India"",""declared"":false,""forfeited"":false,""innings_number"":2,""legal_deliveries"":837,""runs"":400,""super_over"":false,""target_overs"":null,""target_runs"":null,""wickets"":10},{""batting_team"":""Australia"",""declared"":false,""forfeited"":false,""innings_number"":3,""legal_deliveries"":195,""runs"":91,""super_over"":false,""target_overs"":null,""target_runs"":null,""wickets"":10}]",INDIA_WIN,India,COMPLETED,Cricsheet,HISTORICAL_DATA
1348653,TEST,2023-02-17,2022/23,2023,"Arun Jaitley Stadium, Delhi",Delhi,,Australia,India,True,Australia,Australia,bat,"[{""batting_team"":""Australia"",""declared"":false,""forfeited"":false,""innings_number"":1,""legal_deliveries"":472,""runs"":263,""super_over"":false,""target_overs"":null,""target_runs"":null,""wickets"":10},{""batting_team"":""India"",""declared"":false,""forfeited"":false,""innings_number"":2,""legal_deliveries"":501,""runs"":262,""super_over"":false,""target_overs"":null,""target_runs"":null,""wickets"":10},{""batting_team"":""Australia"",""declared"":false,""forfeited"":false,""innings_number"":3,""legal_deliveries"":187,""runs"":113,""super_over"":false,""target_overs"":null,""target_runs"":null,""wickets"":10},{""batting_team"":""India"",""declared"":false,""forfeited"":false,""innings_number"":4,""legal_deliveries"":160,""runs"":118,""super_over"":false,""target_overs"":null,""target_runs"":null,""wickets"":4}]",INDIA_WIN,India,COMPLETED,Cricsheet,HISTORICAL_DATA
1348654,TEST,2023-03-01,2022/23,2023,"Holkar Cricket Stadium, Indore",Indore,,India,Australia,True,Australia,India,bat,"[{""batting_team"":""India"",""declared"":false,""forfeited"":false,""innings_number"":1,""legal_deliveries"":200,""runs"":109,""super_over"":false,""target_overs"":null,""target_runs"":null,""wickets"":10},{""batting_team"":""Australia"",""declared"":false,""forfeited"":false,""innings_number"":2,""legal_deliveries"":459,""runs"":197,""super_over"":false,""target_overs"":null,""target_runs"":null,""wickets"":10},{""batting_team"":""India"",""declared"":false,""forfeited"":false,""innings_number"":3,""legal_deliveries"":363,""runs"":163,""super_over"":false,""target_overs"":null,""target_runs"":null,""wickets"":10},{""batting_team"":""Australia"",""declared"":false,""forfeited"":false,""innings_number"":4,""legal_deliveries"":113,""runs"":78,""super_over"":false,""target_overs"":null,""target_runs"":null,""wickets"":1}]",OPPONENT_WIN,Australia,COMPLETED,Cricsheet,HISTORICAL_DATA
1348655,TEST,2023-03-09,2022/23,2023,"Narendra Modi Stadium, Ahmedabad",Ahmedabad,,Australia,India,True,Australia,Australia,bat,"[{""batting_team"":""Australia"",""declared"":false,""forfeited"":false,""innings_number"":1,""legal_deliveries"":1004,""runs"":480,""super_over"":false,""target_overs"":null,""target_runs"":null,""wickets"":10},{""batting_team"":""India"",""declared"":false,""forfeited"":false,""innings_number"":2,""legal_deliveries"":1073,""runs"":571,""super_over"":false,""target_overs"":null,""target_runs"":null,""wickets"":9},{""batting_team"":""Australia"",""declared"":true,""forfeited"":false,""innings_number"":3,""legal_deliveries"":469,""runs"":175,""super_over"":false,""target_overs"":null,""target_runs"":null,""wickets"":2}]",DRAW,,DRAWN,Cricsheet,HISTORICAL_DATA
1348656,ODI,2023-03-17,2022/23,2023,"Wankhede Stadium, Mumbai",Mumbai,,Australia,India,True,Australia,India,field,"[{""batting_team"":""Australia"",""declared"":false,""forfeited"":false,""innings_number"":1,""legal_deliveries"":214,""runs"":188,""super_over"":false,""target_overs"":null,""target_runs"":null,""wickets"":10},{""batting_team"":""India"",""declared"":false,""forfeited"":false,""innings_number"":2,""legal_deliveries"":239,""runs"":191,""super_over"":false,""target_overs"":50,""target_runs"":189,""wickets"":5}]",INDIA_WIN,India,COMPLETED,Cricsheet,HISTORICAL_DATA
1348657,ODI,2023-03-19,2022/23,2023,"Dr. Y.S. Rajasekhara Reddy ACA-VDCA Cricket Stadium, Visakhapatnam",Visakhapatnam,,India,Australia,True,Australia,Australia,field,"[{""batting_team"":""India"",""declared"":false,""forfeited"":false,""innings_number"":1,""legal_deliveries"":156,""runs"":117,""super_over"":false,""target_overs"":null,""target_runs"":null,""wickets"":10},{""batting_team"":""Australia"",""declared"":false,""forfeited"":false,""innings_number"":2,""legal_deliveries"":66,""runs"":121,""super_over"":false,""target_overs"":50,""target_runs"":118,""wickets"":0}]",OPPONENT_WIN,Australia,COMPLETED,Cricsheet,HISTORICAL_DATA
1348658,ODI,2023-03-22,2022/23,2023,"MA Chidambaram Stadium, Chepauk, Chennai",Chennai,,Australia,India,True,Australia,Australia,bat,"[{""batting_team"":""Australia"",""declared"":false,""forfeited"":false,""innings_number"":1,""legal_deliveries"":294,""runs"":269,""super_over"":false,""target_overs"":null,""target_runs"":null,""wickets"":10},{""batting_team"":""India"",""declared"":false,""forfeited"":false,""innings_number"":2,""legal_deliveries"":295,""runs"":248,""super_over"":false,""target_overs"":50,""target_runs"":270,""wickets"":10}]",OPPONENT_WIN,Australia,COMPLETED,Cricsheet,HISTORICAL_DATA
1358412,TEST,2023-06-07,2023,2023,"Kennington Oval, London",London,,Australia,India,True,Australia,India,field,"[{""batting_team"":""Australia"",""declared"":false,""forfeited"":false,""innings_number"":1,""legal_deliveries"":729,""runs"":469,""super_over"":false,""target_overs"":null,""target_runs"":null,""wickets"":10},{""batting_team"":""India"",""declared"":false,""forfeited"":false,""innings_number"":2,""legal_deliveries"":418,""runs"":296,""super_over"":false,""target_overs"":null,""target_runs"":null,""wickets"":10},{""batting_team"":""Australia"",""declared"":true,""forfeited"":false,""innings_number"":3,""legal_deliveries"":507,""runs"":270,""super_over"":false,""target_overs"":null,""target_runs"":null,""wickets"":8},{""batting_team"":""India"",""declared"":false,""forfeited"":false,""innings_number"":4,""legal_deliveries"":381,""runs"":234,""super_over"":false,""target_overs"":null,""target_runs"":null,""wickets"":10}]",OPPONENT_WIN,Australia,COMPLETED,Cricsheet,HISTORICAL_DATA
1381212,TEST,2023-07-12,2023,2023,"Windsor Park, Roseau, Dominica",Roseau,,West Indies,India,True,West Indies,West Indies,bat,"[{""batting_team"":""West Indies"",""declared"":false,""forfeited"":false,""innings_number"":1,""legal_deliveries"":387,""runs"":150,""super_over"":false,""target_overs"":null,""target_runs"":null,""wickets"":10},{""batting_team"":""India"",""declared"":true,""forfeited"":false,""innings_number"":2,""legal_deliveries"":914,""runs"":421,""super_over"":false,""target_overs"":null,""target_runs"":null,""wickets"":5},{""batting_team"":""West Indies"",""declared"":false,""forfeited"":false,""innings_number"":3,""legal_deliveries"":303,""runs"":130,""super_over"":false,""target_overs"":null,""target_runs"":null,""wickets"":10}]",INDIA_WIN,India,COMPLETED,Cricsheet,HISTORICAL_DATA
1381213,TEST,2023-07-20,2023,2023,"Queen's Park Oval, Port of Spain, Trinidad",Port of Spain,,India,West Indies,True,West Indies,West Indies,field,"[{""batting_team"":""India"",""declared"":false,""forfeited"":false,""innings_number"":1,""legal_deliveries"":768,""runs"":438,""super_over"":false,""target_overs"":null,""target_runs"":null,""wickets"":10},{""batting_team"":""West Indies"",""declared"":false,""forfeited"":false,""innings_number"":2,""legal_deliveries"":694,""runs"":255,""super_over"":false,""target_overs"":null,""target_runs"":null,""wickets"":10},{""batting_team"":""India"",""declared"":true,""forfeited"":false,""innings_number"":3,""legal_deliveries"":144,""runs"":181,""super_over"":false,""target_overs"":null,""target_runs"":null,""wickets"":2},{""batting_team"":""West Indies"",""declared"":false,""forfeited"":false,""innings_number"":4,""legal_deliveries"":192,""runs"":76,""super_over"":false,""target_overs"":null,""target_runs"":null,""wickets"":2}]",DRAW,,DRAWN,Cricsheet,HISTORICAL_DATA
1381214,ODI,2023-07-27,2023,2023,"Kensington Oval, Bridgetown, Barbados",Bridgetown,,West Indies,India,True,West Indies,India,field,"[{""batting_team"":""West Indies"",""declared"":false,""forfeited"":false,""innings_number"":1,""legal_deliveries"":138,""runs"":114,""super_over"":false,""target_overs"":null,""target_runs"":null,""wickets"":10},{""batting_team"":""India"",""declared"":false,""forfeited"":false,""innings_number"":2,""legal_deliveries"":137,""runs"":118,""super_over"":false,""target_overs"":50,""target_runs"":115,""wickets"":5}]",INDIA_WIN,India,COMPLETED,Cricsheet,HISTORICAL_DATA
1381215,ODI,2023-07-29,2023,2023,"Kensington Oval, Bridgetown, Barbados",Bridgetown,,India,West Indies,True,West Indies,West Indies,field,"[{""batting_team"":""India"",""declared"":false,""forfeited"":false,""innings_number"":1,""legal_deliveries"":245,""runs"":181,""super_over"":false,""target_overs"":null,""target_runs"":null,""wickets"":10},{""batting_team"":""West Indies"",""declared"":false,""forfeited"":false,""innings_number"":2,""legal_deliveries"":220,""runs"":182,""super_over"":false,""target_overs"":50,""target_runs"":182,""wickets"":4}]",OPPONENT_WIN,West Indies,COMPLETED,Cricsheet,HISTORICAL_DATA
1381216,ODI,2023-08-01,2023,2023,"Brian Lara Stadium, Tarouba, Trinidad",Tarouba,,India,West Indies,True,West Indies,West Indies,field,"[{""batting_team"":""India"",""declared"":false,""forfeited"":false,""innings_number"":1,""legal_deliveries"":300,""runs"":351,""super_over"":false,""target_overs"":null,""target_runs"":null,""wickets"":5},{""batting_team"":""West Indies"",""declared"":false,""forfeited"":false,""innings_number"":2,""legal_deliveries"":213,""runs"":151,""super_over"":false,""target_overs"":50,""target_runs"":352,""wickets"":10}]",INDIA_WIN,India,COMPLETED,Cricsheet,HISTORICAL_DATA
1381217,T20I,2023-08-03,2023,2023,"Brian Lara Stadium, Tarouba, Trinidad",Tarouba,,West Indies,India,True,West Indies,West Indies,bat,"[{""batting_team"":""West Indies"",""declared"":false,""forfeited"":false,""innings_number"":1,""legal_deliveries"":120,""runs"":149,""super_over"":false,""target_overs"":null,""target_runs"":null,""wickets"":6},{""batting_team"":""India"",""declared"":false,""forfeited"":false,""innings_number"":2,""legal_deliveries"":120,""runs"":145,""super_over"":false,""target_overs"":20,""target_runs"":150,""wickets"":9}]",OPPONENT_WIN,West Indies,COMPLETED,Cricsheet,HISTORICAL_DATA
1381218,T20I,2023-08-06,2023,2023,"Providence Stadium, Guyana",Providence,,India,West Indies,True,West Indies,India,bat,"[{""batting_team"":""India"",""declared"":false,""forfeited"":false,""innings_number"":1,""legal_deliveries"":120,""runs"":152,""super_over"":false,""target_overs"":null,""target_runs"":null,""wickets"":7},{""batting_team"":""West Indies"",""declared"":false,""forfeited"":false,""innings_number"":2,""legal_deliveries"":113,""runs"":155,""super_over"":false,""target_overs"":20,""target_runs"":153,""wickets"":8}]",OPPONENT_WIN,West Indies,COMPLETED,Cricsheet,HISTORICAL_DATA
1381219,T20I,2023-08-08,2023,2023,"Providence Stadium, Guyana",Providence,,West Indies,India,True,West Indies,West Indies,bat,"[{""batting_team"":""West Indies"",""declared"":false,""forfeited"":false,""innings_number"":1,""legal_deliveries"":120,""runs"":159,""super_over"":false,""target_overs"":null,""target_runs"":null,""wickets"":5},{""batting_team"":""India"",""declared"":false,""forfeited"":false,""innings_number"":2,""legal_deliveries"":107,""runs"":164,""super_over"":false,""target_overs"":20,""target_runs"":160,""wickets"":3}]",INDIA_WIN,India,COMPLETED,Cricsheet,HISTORICAL_DATA
1381220,T20I,2023-08-12,2023,2023,"Central Broward Regional Park Stadium Turf Ground, Lauderhill",Lauderhill,,West Indies,India,True,West Indies,West Indies,bat,"[{""batting_team"":""West Indies"",""declared"":false,""forfeited"":false,""innings_number"":1,""legal_deliveries"":120,""runs"":178,""super_over"":false,""target_overs"":null,""target_runs"":null,""wickets"":8},{""batting_team"":""India"",""declared"":false,""forfeited"":false,""innings_number"":2,""legal_deliveries"":102,""runs"":179,""super_over"":false,""target_overs"":20,""target_runs"":179,""wickets"":1}]",INDIA_WIN,India,COMPLETED,Cricsheet,HISTORICAL_DATA
1381221,T20I,2023-08-13,2023,2023,"Central Broward Regional Park Stadium Turf Ground, Lauderhill",Lauderhill,,India,West Indies,True,West Indies,India,bat,"[{""batting_team"":""India"",""declared"":false,""forfeited"":false,""innings_number"":1,""legal_deliveries"":120,""runs"":165,""super_over"":false,""target_overs"":null,""target_runs"":null,""wickets"":9},{""batting_team"":""West Indies"",""declared"":false,""forfeited"":false,""innings_number"":2,""legal_deliveries"":108,""runs"":171,""super_over"":false,""target_overs"":20,""target_runs"":166,""wickets"":2}]",OPPONENT_WIN,West Indies,COMPLETED,Cricsheet,HISTORICAL_DATA
1384634,T20I,2023-08-18,2023,2023,"Malahide, Dublin",Dublin,,Ireland,India,True,Ireland,India,field,"[{""batting_team"":""Ireland"",""declared"":false,""forfeited"":false,""innings_number"":1,""legal_deliveries"":120,""runs"":139,""super_over"":false,""target_overs"":null,""target_runs"":null,""wickets"":7},{""batting_team"":""India"",""declared"":false,""forfeited"":false,""innings_number"":2,""legal_deliveries"":41,""runs"":47,""super_over"":false,""target_overs"":6.5,""target_runs"":46,""wickets"":2}]",INDIA_WIN,India,COMPLETED,Cricsheet,HISTORICAL_DATA
1384637,T20I,2023-08-20,2023,2023,"Malahide, Dublin",Dublin,,India,Ireland,True,Ireland,Ireland,field,"[{""batting_team"":""India"",""declared"":false,""forfeited"":false,""innings_number"":1,""legal_deliveries"":120,""runs"":185,""super_over"":false,""target_overs"":null,""target_runs"":null,""wickets"":5},{""batting_team"":""Ireland"",""declared"":false,""forfeited"":false,""innings_number"":2,""legal_deliveries"":120,""runs"":152,""super_over"":false,""target_overs"":20,""target_runs"":186,""wickets"":8}]",INDIA_WIN,India,COMPLETED,Cricsheet,HISTORICAL_DATA
1388394,ODI,2023-09-02,2023,2023,Pallekele International Cricket Stadium,Kandy,,India,Pakistan,True,Pakistan,India,bat,"[{""batting_team"":""India"",""declared"":false,""forfeited"":false,""innings_number"":1,""legal_deliveries"":293,""runs"":266,""super_over"":false,""target_overs"":null,""target_runs"":null,""wickets"":10}]",,,NO_RESULT,Cricsheet,HISTORICAL_DATA
1388398,ODI,2023-09-04,2023,2023,Pallekele International Cricket Stadium,Kandy,,Nepal,India,True,Nepal,India,field,"[{""batting_team"":""Nepal"",""declared"":false,""forfeited"":false,""innings_number"":1,""legal_deliveries"":290,""runs"":230,""super_over"":false,""target_overs"":null,""target_runs"":null,""wickets"":10},{""batting_team"":""India"",""declared"":false,""forfeited"":false,""innings_number"":2,""legal_deliveries"":121,""runs"":147,""super_over"":false,""target_overs"":23,""target_runs"":145,""wickets"":0}]",INDIA_WIN,India,COMPLETED,Cricsheet,HISTORICAL_DATA
1388406,ODI,2023-09-10,2023,2023,"R Premadasa Stadium, Colombo",Colombo,,India,Pakistan,True,Pakistan,Pakistan,field,"[{""batting_team"":""India"",""declared"":false,""forfeited"":false,""innings_number"":1,""legal_deliveries"":300,""runs"":356,""super_over"":false,""target_overs"":null,""target_runs"":null,""wickets"":2},{""batting_team"":""Pakistan"",""declared"":false,""forfeited"":false,""innings_number"":2,""legal_deliveries"":192,""runs"":128,""super_over"":false,""target_overs"":50,""target_runs"":357,""wickets"":8}]",INDIA_WIN,India,COMPLETED,Cricsheet,HISTORICAL_DATA
1388407,ODI,2023-09-12,2023,2023,"R Premadasa Stadium, Colombo",Colombo,,India,Sri Lanka,True,Sri Lanka,India,bat,"[{""batting_team"":""India"",""declared"":false,""forfeited"":false,""innings_number"":1,""legal_deliveries"":295,""runs"":213,""super_over"":false,""target_overs"":null,""target_runs"":null,""wickets"":10},{""batting_team"":""Sri Lanka"",""declared"":false,""forfeited"":false,""innings_number"":2,""legal_deliveries"":249,""runs"":172,""super_over"":false,""target_overs"":50,""target_runs"":214,""wickets"":10}]",INDIA_WIN,India,COMPLETED,Cricsheet,HISTORICAL_DATA
1388412,ODI,2023-09-15,2023,2023,"R Premadasa Stadium, Colombo",Colombo,,Bangladesh,India,True,Bangladesh,India,field,"[{""batting_team"":""Bangladesh"",""declared"":false,""forfeited"":false,""innings_number"":1,""legal_deliveries"":300,""runs"":265,""super_over"":false,""target_overs"":null,""target_runs"":null,""wickets"":8},{""batting_team"":""India"",""declared"":false,""forfeited"":false,""innings_number"":2,""legal_deliveries"":299,""runs"":259,""super_over"":false,""target_overs"":50,""target_runs"":266,""wickets"":10}]",OPPONENT_WIN,Bangladesh,COMPLETED,Cricsheet,HISTORICAL_DATA
1388414,ODI,2023-09-17,2023,2023,"R Premadasa Stadium, Colombo",Colombo,,Sri Lanka,India,True,Sri Lanka,Sri Lanka,bat,"[{""batting_team"":""Sri Lanka"",""declared"":false,""forfeited"":false,""innings_number"":1,""legal_deliveries"":92,""runs"":50,""super_over"":false,""target_overs"":null,""target_runs"":null,""wickets"":10},{""batting_team"":""India"",""declared"":false,""forfeited"":false,""innings_number"":2,""legal_deliveries"":37,""runs"":51,""super_over"":false,""target_overs"":50,""target_runs"":51,""wickets"":0}]",INDIA_WIN,India,COMPLETED,Cricsheet,HISTORICAL_DATA
1389388,ODI,2023-09-22,2023/24,2023,"Punjab Cricket Association IS Bindra Stadium, Mohali, Chandigarh",Chandigarh,,Australia,India,True,Australia,India,field,"[{""batting_team"":""Australia"",""declared"":false,""forfeited"":false,""innings_number"":1,""legal_deliveries"":300,""runs"":276,""super_over"":false,""target_overs"":null,""target_runs"":null,""wickets"":10},{""batting_team"":""India"",""declared"":false,""forfeited"":false,""innings_number"":2,""legal_deliveries"":292,""runs"":281,""super_over"":false,""target_overs"":50,""target_runs"":277,""wickets"":5}]",INDIA_WIN,India,COMPLETED,Cricsheet,HISTORICAL_DATA
1389389,ODI,2023-09-24,2023/24,2023,"Holkar Cricket Stadium, Indore",Indore,,India,Australia,True,Australia,Australia,field,"[{""batting_team"":""India"",""declared"":false,""forfeited"":false,""innings_number"":1,""legal_deliveries"":300,""runs"":399,""super_over"":false,""target_overs"":null,""target_runs"":null,""wickets"":5},{""batting_team"":""Australia"",""declared"":false,""forfeited"":false,""innings_number"":2,""legal_deliveries"":170,""runs"":217,""super_over"":false,""target_overs"":33,""target_runs"":317,""wickets"":10}]",INDIA_WIN,India,COMPLETED,Cricsheet,HISTORICAL_DATA
1389390,ODI,2023-09-27,2023/24,2023,"Saurashtra Cricket Association Stadium, Rajkot",Rajkot,,Australia,India,True,Australia,Australia,bat,"[{""batting_team"":""Australia"",""declared"":false,""forfeited"":false,""innings_number"":1,""legal_deliveries"":300,""runs"":352,""super_over"":false,""target_overs"":null,""target_runs"":null,""wickets"":7},{""batting_team"":""India"",""declared"":false,""forfeited"":false,""innings_number"":2,""legal_deliveries"":298,""runs"":286,""super_over"":false,""target_overs"":50,""target_runs"":353,""wickets"":10}]",OPPONENT_WIN,Australia,COMPLETED,Cricsheet,HISTORICAL_DATA
1399113,T20I,2023-10-03,2023,2023,Zhejiang University of Technology Cricket Field,Hangzhou,,India,Nepal,True,Nepal,India,bat,"[{""batting_team"":""India"",""declared"":false,""forfeited"":false,""innings_number"":1,""legal_deliveries"":120,""runs"":202,""super_over"":false,""target_overs"":null,""target_runs"":null,""wickets"":4},{""batting_team"":""Nepal"",""declared"":false,""forfeited"":false,""innings_number"":2,""legal_deliveries"":120,""runs"":179,""super_over"":false,""target_overs"":20,""target_runs"":203,""wickets"":9}]",INDIA_WIN,India,COMPLETED,Cricsheet,HISTORICAL_DATA
1399117,T20I,2023-10-06,2023,2023,Zhejiang University of Technology Cricket Field,Hangzhou,,Bangladesh,India,True,Bangladesh,India,field,"[{""batting_team"":""Bangladesh"",""declared"":false,""forfeited"":false,""innings_number"":1,""legal_deliveries"":120,""runs"":96,""super_over"":false,""target_overs"":null,""target_runs"":null,""wickets"":9},{""batting_team"":""India"",""declared"":false,""forfeited"":false,""innings_number"":2,""legal_deliveries"":56,""runs"":97,""super_over"":false,""target_overs"":20,""target_runs"":97,""wickets"":1}]",INDIA_WIN,India,COMPLETED,Cricsheet,HISTORICAL_DATA
1384396,ODI,2023-10-08,2023/24,2023,"MA Chidambaram Stadium, Chepauk, Chennai",Chennai,,Australia,India,True,Australia,Australia,bat,"[{""batting_team"":""Australia"",""declared"":false,""forfeited"":false,""innings_number"":1,""legal_deliveries"":297,""runs"":199,""super_over"":false,""target_overs"":null,""target_runs"":null,""wickets"":10},{""batting_team"":""India"",""declared"":false,""forfeited"":false,""innings_number"":2,""legal_deliveries"":248,""runs"":201,""super_over"":false,""target_overs"":50,""target_runs"":200,""wickets"":4}]",INDIA_WIN,India,COMPLETED,Cricsheet,HISTORICAL_DATA
1384403,ODI,2023-10-14,2023/24,2023,"Narendra Modi Stadium, Ahmedabad",Ahmedabad,,Pakistan,India,True,Pakistan,India,field,"[{""batting_team"":""Pakistan"",""declared"":false,""forfeited"":false,""innings_number"":1,""legal_deliveries"":257,""runs"":191,""super_over"":false,""target_overs"":null,""target_runs"":null,""wickets"":10},{""batting_team"":""India"",""declared"":false,""forfeited"":false,""innings_number"":2,""legal_deliveries"":183,""runs"":192,""super_over"":false,""target_overs"":50,""target_runs"":192,""wickets"":3}]",INDIA_WIN,India,COMPLETED,Cricsheet,HISTORICAL_DATA
1384408,ODI,2023-10-19,2023/24,2023,"Maharashtra Cricket Association Stadium, Pune",Pune,,Bangladesh,India,True,Bangladesh,Bangladesh,bat,"[{""batting_team"":""Bangladesh"",""declared"":false,""forfeited"":false,""innings_number"":1,""legal_deliveries"":300,""runs"":256,""super_over"":false,""target_overs"":null,""target_runs"":null,""wickets"":8},{""batting_team"":""India"",""declared"":false,""forfeited"":false,""innings_number"":2,""legal_deliveries"":249,""runs"":261,""super_over"":false,""target_overs"":50,""target_runs"":257,""wickets"":3}]",INDIA_WIN,India,COMPLETED,Cricsheet,HISTORICAL_DATA
1384412,ODI,2023-10-22,2023/24,2023,"Himachal Pradesh Cricket Association Stadium, Dharamsala",Dharamsala,,New Zealand,India,True,New Zealand,India,field,"[{""batting_team"":""New Zealand"",""declared"":false,""forfeited"":false,""innings_number"":1,""legal_deliveries"":300,""runs"":273,""super_over"":false,""target_overs"":null,""target_runs"":null,""wickets"":10},{""batting_team"":""India"",""declared"":false,""forfeited"":false,""innings_number"":2,""legal_deliveries"":288,""runs"":274,""super_over"":false,""target_overs"":50,""target_runs"":274,""wickets"":6}]",INDIA_WIN,India,COMPLETED,Cricsheet,HISTORICAL_DATA
1384420,ODI,2023-10-29,2023/24,2023,"Bharat Ratna Shri Atal Bihari Vajpayee Ekana Cricket Stadium, Lucknow",Lucknow,,India,England,True,England,England,field,"[{""batting_team"":""India"",""declared"":false,""forfeited"":false,""innings_number"":1,""legal_deliveries"":300,""runs"":229,""super_over"":false,""target_overs"":null,""target_runs"":null,""wickets"":9},{""batting_team"":""England"",""declared"":false,""forfeited"":false,""innings_number"":2,""legal_deliveries"":209,""runs"":129,""super_over"":false,""target_overs"":50,""target_runs"":230,""wickets"":10}]",INDIA_WIN,India,COMPLETED,Cricsheet,HISTORICAL_DATA
1384424,ODI,2023-11-02,2023/24,2023,"Wankhede Stadium, Mumbai",Mumbai,,India,Sri Lanka,True,Sri Lanka,Sri Lanka,field,"[{""batting_team"":""India"",""declared"":false,""forfeited"":false,""innings_number"":1,""legal_deliveries"":300,""runs"":357,""super_over"":false,""target_overs"":null,""target_runs"":null,""wickets"":8},{""batting_team"":""Sri Lanka"",""declared"":false,""forfeited"":false,""innings_number"":2,""legal_deliveries"":118,""runs"":55,""super_over"":false,""target_overs"":50,""target_runs"":358,""wickets"":10}]",INDIA_WIN,India,COMPLETED,Cricsheet,HISTORICAL_DATA
1384428,ODI,2023-11-05,2023/24,2023,"Eden Gardens, Kolkata",Kolkata,,India,South Africa,True,South Africa,India,bat,"[{""batting_team"":""India"",""declared"":false,""forfeited"":false,""innings_number"":1,""legal_deliveries"":300,""runs"":326,""super_over"":false,""target_overs"":null,""target_runs"":null,""wickets"":5},{""batting_team"":""South Africa"",""declared"":false,""forfeited"":false,""innings_number"":2,""legal_deliveries"":163,""runs"":83,""super_over"":false,""target_overs"":50,""target_runs"":327,""wickets"":10}]",INDIA_WIN,India,COMPLETED,Cricsheet,HISTORICAL_DATA
1384436,ODI,2023-11-12,2023/24,2023,"M Chinnaswamy Stadium, Bengaluru",Bengaluru,,India,Netherlands,True,Netherlands,India,bat,"[{""batting_team"":""India"",""declared"":false,""forfeited"":false,""innings_number"":1,""legal_deliveries"":300,""runs"":410,""super_over"":false,""target_overs"":null,""target_runs"":null,""wickets"":4},{""batting_team"":""Netherlands"",""declared"":false,""forfeited"":false,""innings_number"":2,""legal_deliveries"":287,""runs"":250,""super_over"":false,""target_overs"":50,""target_runs"":411,""wickets"":10}]",INDIA_WIN,India,COMPLETED,Cricsheet,HISTORICAL_DATA
1384437,ODI,2023-11-15,2023/24,2023,"Wankhede Stadium, Mumbai",Mumbai,,India,New Zealand,True,New Zealand,India,bat,"[{""batting_team"":""India"",""declared"":false,""forfeited"":false,""innings_number"":1,""legal_deliveries"":300,""runs"":397,""super_over"":false,""target_overs"":null,""target_runs"":null,""wickets"":4},{""batting_team"":""New Zealand"",""declared"":false,""forfeited"":false,""innings_number"":2,""legal_deliveries"":293,""runs"":327,""super_over"":false,""target_overs"":50,""target_runs"":398,""wickets"":10}]",INDIA_WIN,India,COMPLETED,Cricsheet,HISTORICAL_DATA
1384439,ODI,2023-11-19,2023/24,2023,"Narendra Modi Stadium, Ahmedabad",Ahmedabad,,India,Australia,True,Australia,Australia,field,"[{""batting_team"":""India"",""declared"":false,""forfeited"":false,""innings_number"":1,""legal_deliveries"":300,""runs"":240,""super_over"":false,""target_overs"":null,""target_runs"":null,""wickets"":10},{""batting_team"":""Australia"",""declared"":false,""forfeited"":false,""innings_number"":2,""legal_deliveries"":258,""runs"":241,""super_over"":false,""target_overs"":50,""target_runs"":241,""wickets"":4}]",OPPONENT_WIN,Australia,COMPLETED,Cricsheet,HISTORICAL_DATA
1389391,T20I,2023-11-23,2023/24,2023,"Dr. Y.S. Rajasekhara Reddy ACA-VDCA Cricket Stadium, Visakhapatnam",Visakhapatnam,,Australia,India,True,Australia,India,field,"[{""batting_team"":""Australia"",""declared"":false,""forfeited"":false,""innings_number"":1,""legal_deliveries"":120,""runs"":208,""super_over"":false,""target_overs"":null,""target_runs"":null,""wickets"":3},{""batting_team"":""India"",""declared"":false,""forfeited"":false,""innings_number"":2,""legal_deliveries"":119,""runs"":209,""super_over"":false,""target_overs"":20,""target_runs"":209,""wickets"":8}]",INDIA_WIN,India,COMPLETED,Cricsheet,HISTORICAL_DATA
1389392,T20I,2023-11-26,2023/24,2023,"Greenfield International Stadium, Thiruvananthapuram",Thiruvananthapuram,,India,Australia,True,Australia,Australia,field,"[{""batting_team"":""India"",""declared"":false,""forfeited"":false,""innings_number"":1,""legal_deliveries"":120,""runs"":235,""super_over"":false,""target_overs"":null,""target_runs"":null,""wickets"":4},{""batting_team"":""Australia"",""declared"":false,""forfeited"":false,""innings_number"":2,""legal_deliveries"":120,""runs"":191,""super_over"":false,""target_overs"":20,""target_runs"":236,""wickets"":9}]",INDIA_WIN,India,COMPLETED,Cricsheet,HISTORICAL_DATA
1389393,T20I,2023-11-28,2023/24,2023,"Barsapara Cricket Stadium, Guwahati",Guwahati,,India,Australia,True,Australia,Australia,field,"[{""batting_team"":""India"",""declared"":false,""forfeited"":false,""innings_number"":1,""legal_deliveries"":120,""runs"":222,""super_over"":false,""target_overs"":null,""target_runs"":null,""wickets"":3},{""batting_team"":""Australia"",""declared"":false,""forfeited"":false,""innings_number"":2,""legal_deliveries"":120,""runs"":225,""super_over"":false,""target_overs"":20,""target_runs"":223,""wickets"":5}]",OPPONENT_WIN,Australia,COMPLETED,Cricsheet,HISTORICAL_DATA
1389394,T20I,2023-12-01,2023/24,2023,"Shaheed Veer Narayan Singh International Stadium, Raipur",Raipur,,India,Australia,True,Australia,Australia,field,"[{""batting_team"":""India"",""declared"":false,""forfeited"":false,""innings_number"":1,""legal_deliveries"":120,""runs"":174,""super_over"":false,""target_overs"":null,""target_runs"":null,""wickets"":9},{""batting_team"":""Australia"",""declared"":false,""forfeited"":false,""innings_number"":2,""legal_deliveries"":120,""runs"":154,""super_over"":false,""target_overs"":20,""target_runs"":175,""wickets"":7}]",INDIA_WIN,India,COMPLETED,Cricsheet,HISTORICAL_DATA
1389395,T20I,2023-12-03,2023/24,2023,"M Chinnaswamy Stadium, Bengaluru",Bengaluru,,India,Australia,True,Australia,Australia,field,"[{""batting_team"":""India"",""declared"":false,""forfeited"":false,""innings_number"":1,""legal_deliveries"":120,""runs"":160,""super_over"":false,""target_overs"":null,""target_runs"":null,""wickets"":8},{""batting_team"":""Australia"",""declared"":false,""forfeited"":false,""innings_number"":2,""legal_deliveries"":120,""runs"":154,""super_over"":false,""target_overs"":20,""target_runs"":161,""wickets"":8}]",INDIA_WIN,India,COMPLETED,Cricsheet,HISTORICAL_DATA
1387598,T20I,2023-12-12,2023/24,2023,"St George's Park, Gqeberha",Gqeberha,,India,South Africa,True,South Africa,South Africa,field,"[{""batting_team"":""India"",""declared"":false,""forfeited"":false,""innings_number"":1,""legal_deliveries"":117,""runs"":180,""super_over"":false,""target_overs"":null,""target_runs"":null,""wickets"":7},{""batting_team"":""South Africa"",""declared"":false,""forfeited"":false,""innings_number"":2,""legal_deliveries"":83,""runs"":154,""super_over"":false,""target_overs"":15,""target_runs"":152,""wickets"":5}]",OPPONENT_WIN,South Africa,COMPLETED,Cricsheet,HISTORICAL_DATA
1387599,T20I,2023-12-14,2023/24,2023,"The Wanderers Stadium, Johannesburg",Johannesburg,,India,South Africa,True,South Africa,South Africa,field,"[{""batting_team"":""India"",""declared"":false,""forfeited"":false,""innings_number"":1,""legal_deliveries"":120,""runs"":201,""super_over"":false,""target_overs"":null,""target_runs"":null,""wickets"":7},{""batting_team"":""South Africa"",""declared"":false,""forfeited"":false,""innings_number"":2,""legal_deliveries"":83,""runs"":95,""super_over"":false,""target_overs"":20,""target_runs"":202,""wickets"":10}]",INDIA_WIN,India,COMPLETED,Cricsheet,HISTORICAL_DATA
1387600,ODI,2023-12-17,2023/24,2023,"The Wanderers Stadium, Johannesburg",Johannesburg,,South Africa,India,True,South Africa,South Africa,bat,"[{""batting_team"":""South Africa"",""declared"":false,""forfeited"":false,""innings_number"":1,""legal_deliveries"":165,""runs"":116,""super_over"":false,""target_overs"":null,""target_runs"":null,""wickets"":10},{""batting_team"":""India"",""declared"":false,""forfeited"":false,""innings_number"":2,""legal_deliveries"":100,""runs"":117,""super_over"":false,""target_overs"":50,""target_runs"":117,""wickets"":2}]",INDIA_WIN,India,COMPLETED,Cricsheet,HISTORICAL_DATA
1387601,ODI,2023-12-19,2023/24,2023,"St George's Park, Gqeberha",Gqeberha,,India,South Africa,True,South Africa,South Africa,field,"[{""batting_team"":""India"",""declared"":false,""forfeited"":false,""innings_number"":1,""legal_deliveries"":278,""runs"":211,""super_over"":false,""target_overs"":null,""target_runs"":null,""wickets"":10},{""batting_team"":""South Africa"",""declared"":false,""forfeited"":false,""innings_number"":2,""legal_deliveries"":255,""runs"":215,""super_over"":false,""target_overs"":50,""target_runs"":212,""wickets"":2}]",OPPONENT_WIN,South Africa,COMPLETED,Cricsheet,HISTORICAL_DATA
1387602,ODI,2023-12-21,2023/24,2023,"Boland Park, Paarl",Paarl,,India,South Africa,True,South Africa,South Africa,field,"[{""batting_team"":""India"",""declared"":false,""forfeited"":false,""innings_number"":1,""legal_deliveries"":300,""runs"":296,""super_over"":false,""target_overs"":null,""target_runs"":null,""wickets"":8},{""batting_team"":""South Africa"",""declared"":false,""forfeited"":false,""innings_number"":2,""legal_deliveries"":275,""runs"":218,""super_over"":false,""target_overs"":50,""target_runs"":297,""wickets"":10}]",INDIA_WIN,India,COMPLETED,Cricsheet,HISTORICAL_DATA
1387603,TEST,2023-12-26,2023/24,2023,"SuperSport Park, Centurion",Centurion,,India,South Africa,True,South Africa,South Africa,field,"[{""batting_team"":""India"",""declared"":false,""forfeited"":false,""innings_number"":1,""legal_deliveries"":406,""runs"":245,""super_over"":false,""target_overs"":null,""target_runs"":null,""wickets"":10},{""batting_team"":""South Africa"",""declared"":false,""forfeited"":false,""innings_number"":2,""legal_deliveries"":652,""runs"":408,""super_over"":false,""target_overs"":null,""target_runs"":null,""wickets"":9},{""batting_team"":""India"",""declared"":false,""forfeited"":false,""innings_number"":3,""legal_deliveries"":205,""runs"":131,""super_over"":false,""target_overs"":null,""target_runs"":null,""wickets"":10}]",OPPONENT_WIN,South Africa,COMPLETED,Cricsheet,HISTORICAL_DATA
1387604,TEST,2024-01-03,2023/24,2024,"Newlands, Cape Town",Cape Town,,South Africa,India,True,South Africa,South Africa,bat,"[{""batting_team"":""South Africa"",""declared"":false,""forfeited"":false,""innings_number"":1,""legal_deliveries"":140,""runs"":55,""super_over"":false,""target_overs"":null,""target_runs"":null,""wickets"":10},{""batting_team"":""India"",""declared"":false,""forfeited"":false,""innings_number"":2,""legal_deliveries"":209,""runs"":153,""super_over"":false,""target_overs"":null,""target_runs"":null,""wickets"":10},{""batting_team"":""South Africa"",""declared"":false,""forfeited"":false,""innings_number"":3,""legal_deliveries"":221,""runs"":176,""super_over"":false,""target_overs"":null,""target_runs"":null,""wickets"":10},{""batting_team"":""India"",""declared"":false,""forfeited"":false,""innings_number"":4,""legal_deliveries"":72,""runs"":80,""super_over"":false,""target_overs"":null,""target_runs"":null,""wickets"":3}]",INDIA_WIN,India,COMPLETED,Cricsheet,HISTORICAL_DATA
1389399,TEST,2024-01-25,2023/24,2024,"Rajiv Gandhi International Stadium, Uppal, Hyderabad",Hyderabad,,England,India,True,England,England,bat,"[{""batting_team"":""England"",""declared"":false,""forfeited"":false,""innings_number"":1,""legal_deliveries"":387,""runs"":246,""super_over"":false,""target_overs"":null,""target_runs"":null,""wickets"":10},{""batting_team"":""India"",""declared"":false,""forfeited"":false,""innings_number"":2,""legal_deliveries"":726,""runs"":436,""super_over"":false,""target_overs"":null,""target_runs"":null,""wickets"":10},{""batting_team"":""England"",""declared"":false,""forfeited"":false,""innings_number"":3,""legal_deliveries"":613,""runs"":420,""super_over"":false,""target_overs"":null,""target_runs"":null,""wickets"":10},{""batting_team"":""India"",""declared"":false,""forfeited"":false,""innings_number"":4,""legal_deliveries"":416,""runs"":202,""super_over"":false,""target_overs"":null,""target_runs"":null,""wickets"":10}]",OPPONENT_WIN,England,COMPLETED,Cricsheet,HISTORICAL_DATA
1389400,TEST,2024-02-02,2023/24,2024,"Dr. Y.S. Rajasekhara Reddy ACA-VDCA Cricket Stadium, Visakhapatnam",Visakhapatnam,,India,England,True,England,India,bat,"[{""batting_team"":""India"",""declared"":false,""forfeited"":false,""innings_number"":1,""legal_deliveries"":672,""runs"":396,""super_over"":false,""target_overs"":null,""target_runs"":null,""wickets"":10},{""batting_team"":""England"",""declared"":false,""forfeited"":false,""innings_number"":2,""legal_deliveries"":335,""runs"":253,""super_over"":false,""target_overs"":null,""target_runs"":null,""wickets"":10},{""batting_team"":""India"",""declared"":false,""forfeited"":false,""innings_number"":3,""legal_deliveries"":471,""runs"":255,""super_over"":false,""target_overs"":null,""target_runs"":null,""wickets"":10},{""batting_team"":""England"",""declared"":false,""forfeited"":false,""innings_number"":4,""legal_deliveries"":416,""runs"":292,""super_over"":false,""target_overs"":null,""target_runs"":null,""wickets"":10}]",INDIA_WIN,India,COMPLETED,Cricsheet,HISTORICAL_DATA
1389401,TEST,2024-02-15,2023/24,2024,"Saurashtra Cricket Association Stadium, Rajkot",Rajkot,,India,England,True,England,India,bat,"[{""batting_team"":""India"",""declared"":false,""forfeited"":false,""innings_number"":1,""legal_deliveries"":785,""runs"":445,""super_over"":false,""target_overs"":null,""target_runs"":null,""wickets"":10},{""batting_team"":""England"",""declared"":false,""forfeited"":false,""innings_number"":2,""legal_deliveries"":427,""runs"":319,""super_over"":false,""target_overs"":null,""target_runs"":null,""wickets"":10},{""batting_team"":""India"",""declared"":true,""forfeited"":false,""innings_number"":3,""legal_deliveries"":588,""runs"":430,""super_over"":false,""target_overs"":null,""target_runs"":null,""wickets"":4},{""batting_team"":""England"",""declared"":false,""forfeited"":false,""innings_number"":4,""legal_deliveries"":238,""runs"":122,""super_over"":false,""target_overs"":null,""target_runs"":null,""wickets"":10}]",INDIA_WIN,India,COMPLETED,Cricsheet,HISTORICAL_DATA
1389402,TEST,2024-02-23,2023/24,2024,"JSCA International Stadium Complex, Ranchi",Ranchi,,England,India,True,England,England,bat,"[{""batting_team"":""England"",""declared"":false,""forfeited"":false,""innings_number"":1,""legal_deliveries"":629,""runs"":353,""super_over"":false,""target_overs"":null,""target_runs"":null,""wickets"":10},{""batting_team"":""India"",""declared"":false,""forfeited"":false,""innings_number"":2,""legal_deliveries"":620,""runs"":307,""super_over"":false,""target_overs"":null,""target_runs"":null,""wickets"":10},{""batting_team"":""England"",""declared"":false,""forfeited"":false,""innings_number"":3,""legal_deliveries"":323,""runs"":145,""super_over"":false,""target_overs"":null,""target_runs"":null,""wickets"":10},{""batting_team"":""India"",""declared"":false,""forfeited"":false,""innings_number"":4,""legal_deliveries"":366,""runs"":192,""super_over"":false,""target_overs"":null,""target_runs"":null,""wickets"":5}]",INDIA_WIN,India,COMPLETED,Cricsheet,HISTORICAL_DATA
1389403,TEST,2024-03-07,2023/24,2024,"Himachal Pradesh Cricket Association Stadium, Dharamsala",Dharamsala,,England,India,True,England,England,bat,"[{""batting_team"":""England"",""declared"":false,""forfeited"":false,""innings_number"":1,""legal_deliveries"":346,""runs"":218,""super_over"":false,""target_overs"":null,""target_runs"":null,""wickets"":10},{""batting_team"":""India"",""declared"":false,""forfeited"":false,""innings_number"":2,""legal_deliveries"":745,""runs"":477,""super_over"":false,""target_overs"":null,""target_runs"":null,""wickets"":10},{""batting_team"":""England"",""declared"":false,""forfeited"":false,""innings_number"":3,""legal_deliveries"":289,""runs"":195,""super_over"":false,""target_overs"":null,""target_runs"":null,""wickets"":10}]",INDIA_WIN,India,COMPLETED,Cricsheet,HISTORICAL_DATA
1415708,T20I,2024-06-05,2024,2024,"Nassau County International Cricket Stadium, New York",New York,,Ireland,India,True,Ireland,India,field,"[{""batting_team"":""Ireland"",""declared"":false,""forfeited"":false,""innings_number"":1,""legal_deliveries"":96,""runs"":96,""super_over"":false,""target_overs"":null,""target_runs"":null,""wickets"":10},{""batting_team"":""India"",""declared"":false,""forfeited"":false,""innings_number"":2,""legal_deliveries"":74,""runs"":97,""super_over"":false,""target_overs"":20,""target_runs"":97,""wickets"":2}]",INDIA_WIN,India,COMPLETED,Cricsheet,HISTORICAL_DATA
1415719,T20I,2024-06-09,2024,2024,"Nassau County International Cricket Stadium, New York",New York,,India,Pakistan,True,Pakistan,Pakistan,field,"[{""batting_team"":""India"",""declared"":false,""forfeited"":false,""innings_number"":1,""legal_deliveries"":114,""runs"":119,""super_over"":false,""target_overs"":null,""target_runs"":null,""wickets"":10},{""batting_team"":""Pakistan"",""declared"":false,""forfeited"":false,""innings_number"":2,""legal_deliveries"":120,""runs"":113,""super_over"":false,""target_overs"":20,""target_runs"":120,""wickets"":7}]",INDIA_WIN,India,COMPLETED,Cricsheet,HISTORICAL_DATA
1415725,T20I,2024-06-12,2024,2024,"Nassau County International Cricket Stadium, New York",New York,,United States of America,India,True,United States of America,India,field,"[{""batting_team"":""United States of America"",""declared"":false,""forfeited"":false,""innings_number"":1,""legal_deliveries"":120,""runs"":110,""super_over"":false,""target_overs"":null,""target_runs"":null,""wickets"":8},{""batting_team"":""India"",""declared"":false,""forfeited"":false,""innings_number"":2,""legal_deliveries"":110,""runs"":111,""super_over"":false,""target_overs"":20,""target_runs"":111,""wickets"":3}]",INDIA_WIN,India,COMPLETED,Cricsheet,HISTORICAL_DATA
1415747,T20I,2024-06-22,2024,2024,"Sir Vivian Richards Stadium, North Sound, Antigua",North Sound,,India,Bangladesh,True,Bangladesh,Bangladesh,field,"[{""batting_team"":""India"",""declared"":false,""forfeited"":false,""innings_number"":1,""legal_deliveries"":120,""runs"":196,""super_over"":false,""target_overs"":null,""target_runs"":null,""wickets"":5},{""batting_team"":""Bangladesh"",""declared"":false,""forfeited"":false,""innings_number"":2,""legal_deliveries"":120,""runs"":146,""super_over"":false,""target_overs"":20,""target_runs"":197,""wickets"":8}]",INDIA_WIN,India,COMPLETED,Cricsheet,HISTORICAL_DATA
1415751,T20I,2024-06-24,2024,2024,"Daren Sammy National Cricket Stadium, Gros Islet, St Lucia",Gros Islet,,India,Australia,True,Australia,Australia,field,"[{""batting_team"":""India"",""declared"":false,""forfeited"":false,""innings_number"":1,""legal_deliveries"":120,""runs"":205,""super_over"":false,""target_overs"":null,""target_runs"":null,""wickets"":5},{""batting_team"":""Australia"",""declared"":false,""forfeited"":false,""innings_number"":2,""legal_deliveries"":120,""runs"":181,""super_over"":false,""target_overs"":20,""target_runs"":206,""wickets"":7}]",INDIA_WIN,India,COMPLETED,Cricsheet,HISTORICAL_DATA
1415754,T20I,2024-06-27,2024,2024,"Providence Stadium, Guyana",Providence,,India,England,True,England,England,field,"[{""batting_team"":""India"",""declared"":false,""forfeited"":false,""innings_number"":1,""legal_deliveries"":120,""runs"":171,""super_over"":false,""target_overs"":null,""target_runs"":null,""wickets"":7},{""batting_team"":""England"",""declared"":false,""forfeited"":false,""innings_number"":2,""legal_deliveries"":100,""runs"":103,""super_over"":false,""target_overs"":20,""target_runs"":172,""wickets"":10}]",INDIA_WIN,India,COMPLETED,Cricsheet,HISTORICAL_DATA
1415755,T20I,2024-06-29,2024,2024,"Kensington Oval, Bridgetown, Barbados",Bridgetown,,India,South Africa,True,South Africa,India,bat,"[{""batting_team"":""India"",""declared"":false,""forfeited"":false,""innings_number"":1,""legal_deliveries"":120,""runs"":176,""super_over"":false,""target_overs"":null,""target_runs"":null,""wickets"":7},{""batting_team"":""South Africa"",""declared"":false,""forfeited"":false,""innings_number"":2,""legal_deliveries"":120,""runs"":169,""super_over"":false,""target_overs"":20,""target_runs"":177,""wickets"":8}]",INDIA_WIN,India,COMPLETED,Cricsheet,HISTORICAL_DATA
1420223,T20I,2024-07-06,2024,2024,Harare Sports Club,Harare,,Zimbabwe,India,True,Zimbabwe,India,field,"[{""batting_team"":""Zimbabwe"",""declared"":false,""forfeited"":false,""innings_number"":1,""legal_deliveries"":120,""runs"":115,""super_over"":false,""target_overs"":null,""target_runs"":null,""wickets"":9},{""batting_team"":""India"",""declared"":false,""forfeited"":false,""innings_number"":2,""legal_deliveries"":119,""runs"":102,""super_over"":false,""target_overs"":20,""target_runs"":116,""wickets"":10}]",OPPONENT_WIN,Zimbabwe,COMPLETED,Cricsheet,HISTORICAL_DATA
1420224,T20I,2024-07-07,2024,2024,Harare Sports Club,Harare,,India,Zimbabwe,True,Zimbabwe,India,bat,"[{""batting_team"":""India"",""declared"":false,""forfeited"":false,""innings_number"":1,""legal_deliveries"":120,""runs"":234,""super_over"":false,""target_overs"":null,""target_runs"":null,""wickets"":2},{""batting_team"":""Zimbabwe"",""declared"":false,""forfeited"":false,""innings_number"":2,""legal_deliveries"":112,""runs"":134,""super_over"":false,""target_overs"":20,""target_runs"":235,""wickets"":10}]",INDIA_WIN,India,COMPLETED,Cricsheet,HISTORICAL_DATA
1420225,T20I,2024-07-10,2024,2024,Harare Sports Club,Harare,,India,Zimbabwe,True,Zimbabwe,India,bat,"[{""batting_team"":""India"",""declared"":false,""forfeited"":false,""innings_number"":1,""legal_deliveries"":120,""runs"":182,""super_over"":false,""target_overs"":null,""target_runs"":null,""wickets"":4},{""batting_team"":""Zimbabwe"",""declared"":false,""forfeited"":false,""innings_number"":2,""legal_deliveries"":120,""runs"":159,""super_over"":false,""target_overs"":20,""target_runs"":183,""wickets"":6}]",INDIA_WIN,India,COMPLETED,Cricsheet,HISTORICAL_DATA
1420226,T20I,2024-07-13,2024,2024,Harare Sports Club,Harare,,Zimbabwe,India,True,Zimbabwe,India,field,"[{""batting_team"":""Zimbabwe"",""declared"":false,""forfeited"":false,""innings_number"":1,""legal_deliveries"":120,""runs"":152,""super_over"":false,""target_overs"":null,""target_runs"":null,""wickets"":7},{""batting_team"":""India"",""declared"":false,""forfeited"":false,""innings_number"":2,""legal_deliveries"":92,""runs"":156,""super_over"":false,""target_overs"":20,""target_runs"":153,""wickets"":0}]",INDIA_WIN,India,COMPLETED,Cricsheet,HISTORICAL_DATA
1420227,T20I,2024-07-14,2024,2024,Harare Sports Club,Harare,,India,Zimbabwe,True,Zimbabwe,Zimbabwe,field,"[{""batting_team"":""India"",""declared"":false,""forfeited"":false,""innings_number"":1,""legal_deliveries"":120,""runs"":167,""super_over"":false,""target_overs"":null,""target_runs"":null,""wickets"":6},{""batting_team"":""Zimbabwe"",""declared"":false,""forfeited"":false,""innings_number"":2,""legal_deliveries"":111,""runs"":125,""super_over"":false,""target_overs"":20,""target_runs"":168,""wickets"":10}]",INDIA_WIN,India,COMPLETED,Cricsheet,HISTORICAL_DATA
1442987,T20I,2024-07-27,2024,2024,Pallekele International Cricket Stadium,Kandy,,India,Sri Lanka,True,Sri Lanka,Sri Lanka,field,"[{""batting_team"":""India"",""declared"":false,""forfeited"":false,""innings_number"":1,""legal_deliveries"":120,""runs"":213,""super_over"":false,""target_overs"":null,""target_runs"":null,""wickets"":7},{""batting_team"":""Sri Lanka"",""declared"":false,""forfeited"":false,""innings_number"":2,""legal_deliveries"":116,""runs"":170,""super_over"":false,""target_overs"":20,""target_runs"":214,""wickets"":10}]",INDIA_WIN,India,COMPLETED,Cricsheet,HISTORICAL_DATA
1442988,T20I,2024-07-28,2024,2024,Pallekele International Cricket Stadium,Kandy,,Sri Lanka,India,True,Sri Lanka,India,field,"[{""batting_team"":""Sri Lanka"",""declared"":false,""forfeited"":false,""innings_number"":1,""legal_deliveries"":120,""runs"":161,""super_over"":false,""target_overs"":null,""target_runs"":null,""wickets"":9},{""batting_team"":""India"",""declared"":false,""forfeited"":false,""innings_number"":2,""legal_deliveries"":39,""runs"":81,""super_over"":false,""target_overs"":8,""target_runs"":78,""wickets"":3}]",INDIA_WIN,India,COMPLETED,Cricsheet,HISTORICAL_DATA
1442989,T20I,2024-07-30,2024,2024,Pallekele International Cricket Stadium,Kandy,,India,Sri Lanka,True,Sri Lanka,Sri Lanka,field,"[{""batting_team"":""India"",""declared"":false,""forfeited"":false,""innings_number"":1,""legal_deliveries"":120,""runs"":137,""super_over"":false,""target_overs"":null,""target_runs"":null,""wickets"":9},{""batting_team"":""Sri Lanka"",""declared"":false,""forfeited"":false,""innings_number"":2,""legal_deliveries"":120,""runs"":137,""super_over"":false,""target_overs"":20,""target_runs"":138,""wickets"":8},{""batting_team"":""Sri Lanka"",""declared"":false,""forfeited"":false,""innings_number"":3,""legal_deliveries"":3,""runs"":2,""super_over"":true,""target_overs"":null,""target_runs"":null,""wickets"":2},{""batting_team"":""India"",""declared"":false,""forfeited"":false,""innings_number"":4,""legal_deliveries"":1,""runs"":4,""super_over"":true,""target_overs"":null,""target_runs"":null,""wickets"":0}]",INDIA_WIN,India,COMPLETED,Cricsheet,HISTORICAL_DATA
1442990,ODI,2024-08-02,2024,2024,"R Premadasa Stadium, Colombo",Colombo,,Sri Lanka,India,True,Sri Lanka,Sri Lanka,bat,"[{""batting_team"":""Sri Lanka"",""declared"":false,""forfeited"":false,""innings_number"":1,""legal_deliveries"":300,""runs"":230,""super_over"":false,""target_overs"":null,""target_runs"":null,""wickets"":8},{""batting_team"":""India"",""declared"":false,""forfeited"":false,""innings_number"":2,""legal_deliveries"":287,""runs"":230,""super_over"":false,""target_overs"":50,""target_runs"":231,""wickets"":10}]",,,TIED,Cricsheet,HISTORICAL_DATA
1442991,ODI,2024-08-04,2024,2024,"R Premadasa Stadium, Colombo",Colombo,,Sri Lanka,India,True,Sri Lanka,Sri Lanka,bat,"[{""batting_team"":""Sri Lanka"",""declared"":false,""forfeited"":false,""innings_number"":1,""legal_deliveries"":300,""runs"":240,""super_over"":false,""target_overs"":null,""target_runs"":null,""wickets"":9},{""batting_team"":""India"",""declared"":false,""forfeited"":false,""innings_number"":2,""legal_deliveries"":254,""runs"":208,""super_over"":false,""target_overs"":50,""target_runs"":241,""wickets"":10}]",OPPONENT_WIN,Sri Lanka,COMPLETED,Cricsheet,HISTORICAL_DATA
1442992,ODI,2024-08-07,2024,2024,"R Premadasa Stadium, Colombo",Colombo,,Sri Lanka,India,True,Sri Lanka,Sri Lanka,bat,"[{""batting_team"":""Sri Lanka"",""declared"":false,""forfeited"":false,""innings_number"":1,""legal_deliveries"":300,""runs"":248,""super_over"":false,""target_overs"":null,""target_runs"":null,""wickets"":7},{""batting_team"":""India"",""declared"":false,""forfeited"":false,""innings_number"":2,""legal_deliveries"":157,""runs"":138,""super_over"":false,""target_overs"":50,""target_runs"":249,""wickets"":10}]",OPPONENT_WIN,Sri Lanka,COMPLETED,Cricsheet,HISTORICAL_DATA
1439891,TEST,2024-09-19,2024/25,2024,"MA Chidambaram Stadium, Chepauk, Chennai",Chennai,,India,Bangladesh,True,Bangladesh,Bangladesh,field,"[{""batting_team"":""India"",""declared"":false,""forfeited"":false,""innings_number"":1,""legal_deliveries"":548,""runs"":376,""super_over"":false,""target_overs"":null,""target_runs"":null,""wickets"":10},{""batting_team"":""Bangladesh"",""declared"":false,""forfeited"":false,""innings_number"":2,""legal_deliveries"":283,""runs"":149,""super_over"":false,""target_overs"":null,""target_runs"":null,""wickets"":10},{""batting_team"":""India"",""declared"":true,""forfeited"":false,""innings_number"":3,""legal_deliveries"":384,""runs"":287,""super_over"":false,""target_overs"":null,""target_runs"":null,""wickets"":4},{""batting_team"":""Bangladesh"",""declared"":false,""forfeited"":false,""innings_number"":4,""legal_deliveries"":373,""runs"":234,""super_over"":false,""target_overs"":null,""target_runs"":null,""wickets"":10}]",INDIA_WIN,India,COMPLETED,Cricsheet,HISTORICAL_DATA
1439892,TEST,2024-09-27,2024/25,2024,"Green Park, Kanpur",Kanpur,,Bangladesh,India,True,Bangladesh,India,field,"[{""batting_team"":""Bangladesh"",""declared"":false,""forfeited"":false,""innings_number"":1,""legal_deliveries"":446,""runs"":233,""super_over"":false,""target_overs"":null,""target_runs"":null,""wickets"":10},{""batting_team"":""India"",""declared"":true,""forfeited"":false,""innings_number"":2,""legal_deliveries"":208,""runs"":285,""super_over"":false,""target_overs"":null,""target_runs"":null,""wickets"":9},{""batting_team"":""Bangladesh"",""declared"":false,""forfeited"":false,""innings_number"":3,""legal_deliveries"":282,""runs"":146,""super_over"":false,""target_overs"":null,""target_runs"":null,""wickets"":10},{""batting_team"":""India"",""declared"":false,""forfeited"":false,""innings_number"":4,""legal_deliveries"":104,""runs"":98,""super_over"":false,""target_overs"":null,""target_runs"":null,""wickets"":3}]",INDIA_WIN,India,COMPLETED,Cricsheet,HISTORICAL_DATA
1439893,T20I,2024-10-06,2024/25,2024,"Shrimant Madhavrao Scindia Cricket Stadium, Gwalior",Gwalior,,Bangladesh,India,True,Bangladesh,India,field,"[{""batting_team"":""Bangladesh"",""declared"":false,""forfeited"":false,""innings_number"":1,""legal_deliveries"":119,""runs"":127,""super_over"":false,""target_overs"":null,""target_runs"":null,""wickets"":10},{""batting_team"":""India"",""declared"":false,""forfeited"":false,""innings_number"":2,""legal_deliveries"":71,""runs"":132,""super_over"":false,""target_overs"":20,""target_runs"":128,""wickets"":3}]",INDIA_WIN,India,COMPLETED,Cricsheet,HISTORICAL_DATA
1439894,T20I,2024-10-09,2024/25,2024,"Arun Jaitley Stadium, Delhi",Delhi,,India,Bangladesh,True,Bangladesh,Bangladesh,field,"[{""batting_team"":""India"",""declared"":false,""forfeited"":false,""innings_number"":1,""legal_deliveries"":120,""runs"":221,""super_over"":false,""target_overs"":null,""target_runs"":null,""wickets"":9},{""batting_team"":""Bangladesh"",""declared"":false,""forfeited"":false,""innings_number"":2,""legal_deliveries"":120,""runs"":135,""super_over"":false,""target_overs"":20,""target_runs"":222,""wickets"":9}]",INDIA_WIN,India,COMPLETED,Cricsheet,HISTORICAL_DATA
1439895,T20I,2024-10-12,2024/25,2024,"Rajiv Gandhi International Stadium, Uppal, Hyderabad",Hyderabad,,India,Bangladesh,True,Bangladesh,India,bat,"[{""batting_team"":""India"",""declared"":false,""forfeited"":false,""innings_number"":1,""legal_deliveries"":120,""runs"":297,""super_over"":false,""target_overs"":null,""target_runs"":null,""wickets"":6},{""batting_team"":""Bangladesh"",""declared"":false,""forfeited"":false,""innings_number"":2,""legal_deliveries"":120,""runs"":164,""super_over"":false,""target_overs"":20,""target_runs"":298,""wickets"":7}]",INDIA_WIN,India,COMPLETED,Cricsheet,HISTORICAL_DATA
1439896,TEST,2024-10-16,2024/25,2024,"M Chinnaswamy Stadium, Bengaluru",Bengaluru,,India,New Zealand,True,New Zealand,India,bat,"[{""batting_team"":""India"",""declared"":false,""forfeited"":false,""innings_number"":1,""legal_deliveries"":188,""runs"":46,""super_over"":false,""target_overs"":null,""target_runs"":null,""wickets"":10},{""batting_team"":""New Zealand"",""declared"":false,""forfeited"":false,""innings_number"":2,""legal_deliveries"":549,""runs"":402,""super_over"":false,""target_overs"":null,""target_runs"":null,""wickets"":10},{""batting_team"":""India"",""declared"":false,""forfeited"":false,""innings_number"":3,""legal_deliveries"":597,""runs"":462,""super_over"":false,""target_overs"":null,""target_runs"":null,""wickets"":10},{""batting_team"":""New Zealand"",""declared"":false,""forfeited"":false,""innings_number"":4,""legal_deliveries"":166,""runs"":110,""super_over"":false,""target_overs"":null,""target_runs"":null,""wickets"":2}]",OPPONENT_WIN,New Zealand,COMPLETED,Cricsheet,HISTORICAL_DATA
1439897,TEST,2024-10-24,2024/25,2024,"Maharashtra Cricket Association Stadium, Pune",Pune,,New Zealand,India,True,New Zealand,New Zealand,bat,"[{""batting_team"":""New Zealand"",""declared"":false,""forfeited"":false,""innings_number"":1,""legal_deliveries"":475,""runs"":259,""super_over"":false,""target_overs"":null,""target_runs"":null,""wickets"":10},{""batting_team"":""India"",""declared"":false,""forfeited"":false,""innings_number"":2,""legal_deliveries"":273,""runs"":156,""super_over"":false,""target_overs"":null,""target_runs"":null,""wickets"":10},{""batting_team"":""New Zealand"",""declared"":false,""forfeited"":false,""innings_number"":3,""legal_deliveries"":418,""runs"":255,""super_over"":false,""target_overs"":null,""target_runs"":null,""wickets"":10},{""batting_team"":""India"",""declared"":false,""forfeited"":false,""innings_number"":4,""legal_deliveries"":362,""runs"":245,""super_over"":false,""target_overs"":null,""target_runs"":null,""wickets"":10}]",OPPONENT_WIN,New Zealand,COMPLETED,Cricsheet,HISTORICAL_DATA
1439898,TEST,2024-11-01,2024/25,2024,"Wankhede Stadium, Mumbai",Mumbai,,New Zealand,India,True,New Zealand,New Zealand,bat,"[{""batting_team"":""New Zealand"",""declared"":false,""forfeited"":false,""innings_number"":1,""legal_deliveries"":394,""runs"":235,""super_over"":false,""target_overs"":null,""target_runs"":null,""wickets"":10},{""batting_team"":""India"",""declared"":false,""forfeited"":false,""innings_number"":2,""legal_deliveries"":358,""runs"":263,""super_over"":false,""target_overs"":null,""target_runs"":null,""wickets"":10},{""batting_team"":""New Zealand"",""declared"":false,""forfeited"":false,""innings_number"":3,""legal_deliveries"":275,""runs"":174,""super_over"":false,""target_overs"":null,""target_runs"":null,""wickets"":10},{""batting_team"":""India"",""declared"":false,""forfeited"":false,""innings_number"":4,""legal_deliveries"":175,""runs"":121,""super_over"":false,""target_overs"":null,""target_runs"":null,""wickets"":10}]",OPPONENT_WIN,New Zealand,COMPLETED,Cricsheet,HISTORICAL_DATA
1449301,T20I,2024-11-08,2024/25,2024,"Kingsmead, Durban",Durban,,India,South Africa,True,South Africa,South Africa,field,"[{""batting_team"":""India"",""declared"":false,""forfeited"":false,""innings_number"":1,""legal_deliveries"":120,""runs"":202,""super_over"":false,""target_overs"":null,""target_runs"":null,""wickets"":8},{""batting_team"":""South Africa"",""declared"":false,""forfeited"":false,""innings_number"":2,""legal_deliveries"":107,""runs"":141,""super_over"":false,""target_overs"":20,""target_runs"":203,""wickets"":10}]",INDIA_WIN,India,COMPLETED,Cricsheet,HISTORICAL_DATA
1449302,T20I,2024-11-10,2024/25,2024,"St George's Park, Gqeberha",Gqeberha,,India,South Africa,True,South Africa,South Africa,field,"[{""batting_team"":""India"",""declared"":false,""forfeited"":false,""innings_number"":1,""legal_deliveries"":120,""runs"":124,""super_over"":false,""target_overs"":null,""target_runs"":null,""wickets"":6},{""batting_team"":""South Africa"",""declared"":false,""forfeited"":false,""innings_number"":2,""legal_deliveries"":114,""runs"":128,""super_over"":false,""target_overs"":20,""target_runs"":125,""wickets"":7}]",OPPONENT_WIN,South Africa,COMPLETED,Cricsheet,HISTORICAL_DATA
1449303,T20I,2024-11-13,2024/25,2024,"SuperSport Park, Centurion",Centurion,,India,South Africa,True,South Africa,South Africa,field,"[{""batting_team"":""India"",""declared"":false,""forfeited"":false,""innings_number"":1,""legal_deliveries"":120,""runs"":219,""super_over"":false,""target_overs"":null,""target_runs"":null,""wickets"":6},{""batting_team"":""South Africa"",""declared"":false,""forfeited"":false,""innings_number"":2,""legal_deliveries"":120,""runs"":208,""super_over"":false,""target_overs"":20,""target_runs"":220,""wickets"":7}]",INDIA_WIN,India,COMPLETED,Cricsheet,HISTORICAL_DATA
1449304,T20I,2024-11-15,2024/25,2024,"The Wanderers Stadium, Johannesburg",Johannesburg,,India,South Africa,True,South Africa,India,bat,"[{""batting_team"":""India"",""declared"":false,""forfeited"":false,""innings_number"":1,""legal_deliveries"":120,""runs"":283,""super_over"":false,""target_overs"":null,""target_runs"":null,""wickets"":1},{""batting_team"":""South Africa"",""declared"":false,""forfeited"":false,""innings_number"":2,""legal_deliveries"":110,""runs"":148,""super_over"":false,""target_overs"":20,""target_runs"":284,""wickets"":10}]",INDIA_WIN,India,COMPLETED,Cricsheet,HISTORICAL_DATA
1426555,TEST,2024-11-22,2024/25,2024,Perth Stadium,Perth,,India,Australia,True,Australia,India,bat,"[{""batting_team"":""India"",""declared"":false,""forfeited"":false,""innings_number"":1,""legal_deliveries"":298,""runs"":150,""super_over"":false,""target_overs"":null,""target_runs"":null,""wickets"":10},{""batting_team"":""Australia"",""declared"":false,""forfeited"":false,""innings_number"":2,""legal_deliveries"":308,""runs"":104,""super_over"":false,""target_overs"":null,""target_runs"":null,""wickets"":10},{""batting_team"":""India"",""declared"":true,""forfeited"":false,""innings_number"":3,""legal_deliveries"":807,""runs"":487,""super_over"":false,""target_overs"":null,""target_runs"":null,""wickets"":6},{""batting_team"":""Australia"",""declared"":false,""forfeited"":false,""innings_number"":4,""legal_deliveries"":352,""runs"":238,""super_over"":false,""target_overs"":null,""target_runs"":null,""wickets"":10}]",INDIA_WIN,India,COMPLETED,Cricsheet,HISTORICAL_DATA
1426556,TEST,2024-12-06,2024/25,2024,Adelaide Oval,Adelaide,,India,Australia,True,Australia,India,bat,"[{""batting_team"":""India"",""declared"":false,""forfeited"":false,""innings_number"":1,""legal_deliveries"":265,""runs"":180,""super_over"":false,""target_overs"":null,""target_runs"":null,""wickets"":10},{""batting_team"":""Australia"",""declared"":false,""forfeited"":false,""innings_number"":2,""legal_deliveries"":525,""runs"":337,""super_over"":false,""target_overs"":null,""target_runs"":null,""wickets"":10},{""batting_team"":""India"",""declared"":false,""forfeited"":false,""innings_number"":3,""legal_deliveries"":221,""runs"":175,""super_over"":false,""target_overs"":null,""target_runs"":null,""wickets"":10},{""batting_team"":""Australia"",""declared"":false,""forfeited"":false,""innings_number"":4,""legal_deliveries"":20,""runs"":19,""super_over"":false,""target_overs"":null,""target_runs"":null,""wickets"":0}]",OPPONENT_WIN,Australia,COMPLETED,Cricsheet,HISTORICAL_DATA
1426557,TEST,2024-12-14,2024/25,2024,"Brisbane Cricket Ground, Woolloongabba, Brisbane",Brisbane,,Australia,India,True,Australia,India,field,"[{""batting_team"":""Australia"",""declared"":false,""forfeited"":false,""innings_number"":1,""legal_deliveries"":703,""runs"":445,""super_over"":false,""target_overs"":null,""target_runs"":null,""wickets"":10},{""batting_team"":""India"",""declared"":false,""forfeited"":false,""innings_number"":2,""legal_deliveries"":473,""runs"":260,""super_over"":false,""target_overs"":null,""target_runs"":null,""wickets"":10},{""batting_team"":""Australia"",""declared"":true,""forfeited"":false,""innings_number"":3,""legal_deliveries"":108,""runs"":89,""super_over"":false,""target_overs"":null,""target_runs"":null,""wickets"":7},{""batting_team"":""India"",""declared"":false,""forfeited"":false,""innings_number"":4,""legal_deliveries"":13,""runs"":8,""super_over"":false,""target_overs"":null,""target_runs"":null,""wickets"":0}]",DRAW,,DRAWN,Cricsheet,HISTORICAL_DATA
1426558,TEST,2024-12-26,2024/25,2024,Melbourne Cricket Ground,Melbourne,,Australia,India,True,Australia,Australia,bat,"[{""batting_team"":""Australia"",""declared"":false,""forfeited"":false,""innings_number"":1,""legal_deliveries"":736,""runs"":474,""super_over"":false,""target_overs"":null,""target_runs"":null,""wickets"":10},{""batting_team"":""India"",""declared"":false,""forfeited"":false,""innings_number"":2,""legal_deliveries"":717,""runs"":369,""super_over"":false,""target_overs"":null,""target_runs"":null,""wickets"":10},{""batting_team"":""Australia"",""declared"":false,""forfeited"":false,""innings_number"":3,""legal_deliveries"":502,""runs"":234,""super_over"":false,""target_overs"":null,""target_runs"":null,""wickets"":10},{""batting_team"":""India"",""declared"":false,""forfeited"":false,""innings_number"":4,""legal_deliveries"":475,""runs"":155,""super_over"":false,""target_overs"":null,""target_runs"":null,""wickets"":10}]",OPPONENT_WIN,Australia,COMPLETED,Cricsheet,HISTORICAL_DATA
1426559,TEST,2025-01-03,2024/25,2025,Sydney Cricket Ground,Sydney,,India,Australia,True,Australia,India,bat,"[{""batting_team"":""India"",""declared"":false,""forfeited"":false,""innings_number"":1,""legal_deliveries"":434,""runs"":185,""super_over"":false,""target_overs"":null,""target_runs"":null,""wickets"":10},{""batting_team"":""Australia"",""declared"":false,""forfeited"":false,""innings_number"":2,""legal_deliveries"":306,""runs"":181,""super_over"":false,""target_overs"":null,""target_runs"":null,""wickets"":10},{""batting_team"":""India"",""declared"":false,""forfeited"":false,""innings_number"":3,""legal_deliveries"":239,""runs"":157,""super_over"":false,""target_overs"":null,""target_runs"":null,""wickets"":10},{""batting_team"":""Australia"",""declared"":false,""forfeited"":false,""innings_number"":4,""legal_deliveries"":162,""runs"":162,""super_over"":false,""target_overs"":null,""target_runs"":null,""wickets"":4}]",OPPONENT_WIN,Australia,COMPLETED,Cricsheet,HISTORICAL_DATA
1439899,T20I,2025-01-22,2024/25,2025,"Eden Gardens, Kolkata",Kolkata,,England,India,True,England,India,field,"[{""batting_team"":""England"",""declared"":false,""forfeited"":false,""innings_number"":1,""legal_deliveries"":120,""runs"":132,""super_over"":false,""target_overs"":null,""target_runs"":null,""wickets"":10},{""batting_team"":""India"",""declared"":false,""forfeited"":false,""innings_number"":2,""legal_deliveries"":77,""runs"":133,""super_over"":false,""target_overs"":20,""target_runs"":133,""wickets"":3}]",INDIA_WIN,India,COMPLETED,Cricsheet,HISTORICAL_DATA
1439900,T20I,2025-01-25,2024/25,2025,"MA Chidambaram Stadium, Chepauk, Chennai",Chennai,,England,India,True,England,India,field,"[{""batting_team"":""England"",""declared"":false,""forfeited"":false,""innings_number"":1,""legal_deliveries"":120,""runs"":165,""super_over"":false,""target_overs"":null,""target_runs"":null,""wickets"":9},{""batting_team"":""India"",""declared"":false,""forfeited"":false,""innings_number"":2,""legal_deliveries"":116,""runs"":166,""super_over"":false,""target_overs"":20,""target_runs"":166,""wickets"":8}]",INDIA_WIN,India,COMPLETED,Cricsheet,HISTORICAL_DATA
1439901,T20I,2025-01-28,2024/25,2025,"Saurashtra Cricket Association Stadium, Rajkot",Rajkot,,England,India,True,England,India,field,"[{""batting_team"":""England"",""declared"":false,""forfeited"":false,""innings_number"":1,""legal_deliveries"":120,""runs"":171,""super_over"":false,""target_overs"":null,""target_runs"":null,""wickets"":9},{""batting_team"":""India"",""declared"":false,""forfeited"":false,""innings_number"":2,""legal_deliveries"":120,""runs"":145,""super_over"":false,""target_overs"":20,""target_runs"":172,""wickets"":9}]",OPPONENT_WIN,England,COMPLETED,Cricsheet,HISTORICAL_DATA
1439902,T20I,2025-01-31,2024/25,2025,"Maharashtra Cricket Association Stadium, Pune",Pune,,India,England,True,England,England,field,"[{""batting_team"":""India"",""declared"":false,""forfeited"":false,""innings_number"":1,""legal_deliveries"":120,""runs"":181,""super_over"":false,""target_overs"":null,""target_runs"":null,""wickets"":9},{""batting_team"":""England"",""declared"":false,""forfeited"":false,""innings_number"":2,""legal_deliveries"":118,""runs"":166,""super_over"":false,""target_overs"":20,""target_runs"":182,""wickets"":10}]",INDIA_WIN,India,COMPLETED,Cricsheet,HISTORICAL_DATA
1439903,T20I,2025-02-02,2024/25,2025,"Wankhede Stadium, Mumbai",Mumbai,,India,England,True,England,England,field,"[{""batting_team"":""India"",""declared"":false,""forfeited"":false,""innings_number"":1,""legal_deliveries"":120,""runs"":247,""super_over"":false,""target_overs"":null,""target_runs"":null,""wickets"":9},{""batting_team"":""England"",""declared"":false,""forfeited"":false,""innings_number"":2,""legal_deliveries"":63,""runs"":97,""super_over"":false,""target_overs"":20,""target_runs"":248,""wickets"":10}]",INDIA_WIN,India,COMPLETED,Cricsheet,HISTORICAL_DATA
1439904,ODI,2025-02-06,2024/25,2025,"Vidarbha Cricket Association Stadium, Jamtha, Nagpur",Nagpur,,England,India,True,England,England,bat,"[{""batting_team"":""England"",""declared"":false,""forfeited"":false,""innings_number"":1,""legal_deliveries"":286,""runs"":248,""super_over"":false,""target_overs"":null,""target_runs"":null,""wickets"":10},{""batting_team"":""India"",""declared"":false,""forfeited"":false,""innings_number"":2,""legal_deliveries"":232,""runs"":251,""super_over"":false,""target_overs"":50,""target_runs"":249,""wickets"":6}]",INDIA_WIN,India,COMPLETED,Cricsheet,HISTORICAL_DATA
1439905,ODI,2025-02-09,2024/25,2025,"Barabati Stadium, Cuttack",Cuttack,,England,India,True,England,England,bat,"[{""batting_team"":""England"",""declared"":false,""forfeited"":false,""innings_number"":1,""legal_deliveries"":299,""runs"":304,""super_over"":false,""target_overs"":null,""target_runs"":null,""wickets"":10},{""batting_team"":""India"",""declared"":false,""forfeited"":false,""innings_number"":2,""legal_deliveries"":267,""runs"":308,""super_over"":false,""target_overs"":50,""target_runs"":305,""wickets"":6}]",INDIA_WIN,India,COMPLETED,Cricsheet,HISTORICAL_DATA
1439906,ODI,2025-02-12,2024/25,2025,"Narendra Modi Stadium, Ahmedabad",Ahmedabad,,India,England,True,England,England,field,"[{""batting_team"":""India"",""declared"":false,""forfeited"":false,""innings_number"":1,""legal_deliveries"":300,""runs"":356,""super_over"":false,""target_overs"":null,""target_runs"":null,""wickets"":10},{""batting_team"":""England"",""declared"":false,""forfeited"":false,""innings_number"":2,""legal_deliveries"":206,""runs"":214,""super_over"":false,""target_overs"":50,""target_runs"":357,""wickets"":10}]",INDIA_WIN,India,COMPLETED,Cricsheet,HISTORICAL_DATA
1466415,ODI,2025-02-20,2024/25,2025,Dubai International Cricket Stadium,Dubai,,Bangladesh,India,True,Bangladesh,Bangladesh,bat,"[{""batting_team"":""Bangladesh"",""declared"":false,""forfeited"":false,""innings_number"":1,""legal_deliveries"":298,""runs"":228,""super_over"":false,""target_overs"":null,""target_runs"":null,""wickets"":10},{""batting_team"":""India"",""declared"":false,""forfeited"":false,""innings_number"":2,""legal_deliveries"":279,""runs"":231,""super_over"":false,""target_overs"":50,""target_runs"":229,""wickets"":4}]",INDIA_WIN,India,COMPLETED,Cricsheet,HISTORICAL_DATA
1466418,ODI,2025-02-23,2024/25,2025,Dubai International Cricket Stadium,Dubai,,Pakistan,India,True,Pakistan,Pakistan,bat,"[{""batting_team"":""Pakistan"",""declared"":false,""forfeited"":false,""innings_number"":1,""legal_deliveries"":298,""runs"":241,""super_over"":false,""target_overs"":null,""target_runs"":null,""wickets"":10},{""batting_team"":""India"",""declared"":false,""forfeited"":false,""innings_number"":2,""legal_deliveries"":255,""runs"":244,""super_over"":false,""target_overs"":50,""target_runs"":242,""wickets"":4}]",INDIA_WIN,India,COMPLETED,Cricsheet,HISTORICAL_DATA
1466425,ODI,2025-03-02,2024/25,2025,Dubai International Cricket Stadium,Dubai,,India,New Zealand,True,New Zealand,New Zealand,field,"[{""batting_team"":""India"",""declared"":false,""forfeited"":false,""innings_number"":1,""legal_deliveries"":300,""runs"":249,""super_over"":false,""target_overs"":null,""target_runs"":null,""wickets"":9},{""batting_team"":""New Zealand"",""declared"":false,""forfeited"":false,""innings_number"":2,""legal_deliveries"":273,""runs"":205,""super_over"":false,""target_overs"":50,""target_runs"":250,""wickets"":10}]",INDIA_WIN,India,COMPLETED,Cricsheet,HISTORICAL_DATA
1466426,ODI,2025-03-04,2024/25,2025,Dubai International Cricket Stadium,Dubai,,Australia,India,True,Australia,Australia,bat,"[{""batting_team"":""Australia"",""declared"":false,""forfeited"":false,""innings_number"":1,""legal_deliveries"":297,""runs"":264,""super_over"":false,""target_overs"":null,""target_runs"":null,""wickets"":10},{""batting_team"":""India"",""declared"":false,""forfeited"":false,""innings_number"":2,""legal_deliveries"":289,""runs"":267,""super_over"":false,""target_overs"":50,""target_runs"":265,""wickets"":6}]",INDIA_WIN,India,COMPLETED,Cricsheet,HISTORICAL_DATA
1466428,ODI,2025-03-09,2024/25,2025,Dubai International Cricket Stadium,Dubai,,New Zealand,India,True,New Zealand,New Zealand,bat,"[{""batting_team"":""New Zealand"",""declared"":false,""forfeited"":false,""innings_number"":1,""legal_deliveries"":300,""runs"":251,""super_over"":false,""target_overs"":null,""target_runs"":null,""wickets"":7},{""batting_team"":""India"",""declared"":false,""forfeited"":false,""innings_number"":2,""legal_deliveries"":294,""runs"":254,""super_over"":false,""target_overs"":50,""target_runs"":252,""wickets"":6}]",INDIA_WIN,India,COMPLETED,Cricsheet,HISTORICAL_DATA
1448349,TEST,2025-06-20,2025,2025,"Headingley, Leeds",Leeds,,India,England,True,England,England,field,"[{""batting_team"":""India"",""declared"":false,""forfeited"":false,""innings_number"":1,""legal_deliveries"":679,""runs"":471,""super_over"":false,""target_overs"":null,""target_runs"":null,""wickets"":10},{""batting_team"":""England"",""declared"":false,""forfeited"":false,""innings_number"":2,""legal_deliveries"":604,""runs"":465,""super_over"":false,""target_overs"":null,""target_runs"":null,""wickets"":10},{""batting_team"":""India"",""declared"":false,""forfeited"":false,""innings_number"":3,""legal_deliveries"":576,""runs"":364,""super_over"":false,""target_overs"":null,""target_runs"":null,""wickets"":10},{""batting_team"":""England"",""declared"":false,""forfeited"":false,""innings_number"":4,""legal_deliveries"":492,""runs"":373,""super_over"":false,""target_overs"":null,""target_runs"":null,""wickets"":5}]",OPPONENT_WIN,England,COMPLETED,Cricsheet,HISTORICAL_DATA
1448350,TEST,2025-07-02,2025,2025,"Edgbaston, Birmingham",Birmingham,,India,England,True,England,England,field,"[{""batting_team"":""India"",""declared"":false,""forfeited"":false,""innings_number"":1,""legal_deliveries"":906,""runs"":587,""super_over"":false,""target_overs"":null,""target_runs"":null,""wickets"":10},{""batting_team"":""England"",""declared"":false,""forfeited"":false,""innings_number"":2,""legal_deliveries"":537,""runs"":407,""super_over"":false,""target_overs"":null,""target_runs"":null,""wickets"":10},{""batting_team"":""India"",""declared"":true,""forfeited"":false,""innings_number"":3,""legal_deliveries"":498,""runs"":427,""super_over"":false,""target_overs"":null,""target_runs"":null,""wickets"":6},{""batting_team"":""England"",""declared"":false,""forfeited"":false,""innings_number"":4,""legal_deliveries"":409,""runs"":271,""super_over"":false,""target_overs"":null,""target_runs"":null,""wickets"":10}]",INDIA_WIN,India,COMPLETED,Cricsheet,HISTORICAL_DATA
1448351,TEST,2025-07-10,2025,2025,"Lord's, London",London,,England,India,True,England,England,bat,"[{""batting_team"":""England"",""declared"":false,""forfeited"":false,""innings_number"":1,""legal_deliveries"":675,""runs"":387,""super_over"":false,""target_overs"":null,""target_runs"":null,""wickets"":10},{""batting_team"":""India"",""declared"":false,""forfeited"":false,""innings_number"":2,""legal_deliveries"":716,""runs"":387,""super_over"":false,""target_overs"":null,""target_runs"":null,""wickets"":10},{""batting_team"":""England"",""declared"":false,""forfeited"":false,""innings_number"":3,""legal_deliveries"":373,""runs"":192,""super_over"":false,""target_overs"":null,""target_runs"":null,""wickets"":10},{""batting_team"":""India"",""declared"":false,""forfeited"":false,""innings_number"":4,""legal_deliveries"":449,""runs"":170,""super_over"":false,""target_overs"":null,""target_runs"":null,""wickets"":10}]",OPPONENT_WIN,England,COMPLETED,Cricsheet,HISTORICAL_DATA
1448352,TEST,2025-07-23,2025,2025,"Old Trafford, Manchester",Manchester,,India,England,True,England,England,field,"[{""batting_team"":""India"",""declared"":false,""forfeited"":false,""innings_number"":1,""legal_deliveries"":685,""runs"":358,""super_over"":false,""target_overs"":null,""target_runs"":null,""wickets"":10},{""batting_team"":""England"",""declared"":false,""forfeited"":false,""innings_number"":2,""legal_deliveries"":943,""runs"":669,""super_over"":false,""target_overs"":null,""target_runs"":null,""wickets"":10},{""batting_team"":""India"",""declared"":false,""forfeited"":false,""innings_number"":3,""legal_deliveries"":858,""runs"":425,""super_over"":false,""target_overs"":null,""target_runs"":null,""wickets"":4}]",DRAW,,DRAWN,Cricsheet,HISTORICAL_DATA
1448353,TEST,2025-07-31,2025,2025,"Kennington Oval, London",London,,India,England,True,England,England,field,"[{""batting_team"":""India"",""declared"":false,""forfeited"":false,""innings_number"":1,""legal_deliveries"":418,""runs"":224,""super_over"":false,""target_overs"":null,""target_runs"":null,""wickets"":10},{""batting_team"":""England"",""declared"":false,""forfeited"":false,""innings_number"":2,""legal_deliveries"":308,""runs"":247,""super_over"":false,""target_overs"":null,""target_runs"":null,""wickets"":9},{""batting_team"":""India"",""declared"":false,""forfeited"":false,""innings_number"":3,""legal_deliveries"":528,""runs"":396,""super_over"":false,""target_overs"":null,""target_runs"":null,""wickets"":10},{""batting_team"":""England"",""declared"":false,""forfeited"":false,""innings_number"":4,""legal_deliveries"":511,""runs"":367,""super_over"":false,""target_overs"":null,""target_runs"":null,""wickets"":10}]",INDIA_WIN,India,COMPLETED,Cricsheet,HISTORICAL_DATA
1496921,T20I,2025-09-10,2025,2025,Dubai International Cricket Stadium,Dubai,,United Arab Emirates,India,True,United Arab Emirates,India,field,"[{""batting_team"":""United Arab Emirates"",""declared"":false,""forfeited"":false,""innings_number"":1,""legal_deliveries"":79,""runs"":57,""super_over"":false,""target_overs"":null,""target_runs"":null,""wickets"":10},{""batting_team"":""India"",""declared"":false,""forfeited"":false,""innings_number"":2,""legal_deliveries"":27,""runs"":60,""super_over"":false,""target_overs"":20,""target_runs"":58,""wickets"":1}]",INDIA_WIN,India,COMPLETED,Cricsheet,HISTORICAL_DATA
1496925,T20I,2025-09-14,2025,2025,Dubai International Cricket Stadium,Dubai,,Pakistan,India,True,Pakistan,Pakistan,bat,"[{""batting_team"":""Pakistan"",""declared"":false,""forfeited"":false,""innings_number"":1,""legal_deliveries"":120,""runs"":127,""super_over"":false,""target_overs"":null,""target_runs"":null,""wickets"":9},{""batting_team"":""India"",""declared"":false,""forfeited"":false,""innings_number"":2,""legal_deliveries"":95,""runs"":131,""super_over"":false,""target_overs"":20,""target_runs"":128,""wickets"":3}]",INDIA_WIN,India,COMPLETED,Cricsheet,HISTORICAL_DATA
1496931,T20I,2025-09-19,2025,2025,"Zayed Cricket Stadium, Abu Dhabi",Abu Dhabi,,India,Oman,True,Oman,India,bat,"[{""batting_team"":""India"",""declared"":false,""forfeited"":false,""innings_number"":1,""legal_deliveries"":120,""runs"":188,""super_over"":false,""target_overs"":null,""target_runs"":null,""wickets"":8},{""batting_team"":""Oman"",""declared"":false,""forfeited"":false,""innings_number"":2,""legal_deliveries"":120,""runs"":167,""super_over"":false,""target_overs"":20,""target_runs"":189,""wickets"":4}]",INDIA_WIN,India,COMPLETED,Cricsheet,HISTORICAL_DATA
1496933,T20I,2025-09-21,2025,2025,Dubai International Cricket Stadium,Dubai,,Pakistan,India,True,Pakistan,India,field,"[{""batting_team"":""Pakistan"",""declared"":false,""forfeited"":false,""innings_number"":1,""legal_deliveries"":120,""runs"":171,""super_over"":false,""target_overs"":null,""target_runs"":null,""wickets"":5},{""batting_team"":""India"",""declared"":false,""forfeited"":false,""innings_number"":2,""legal_deliveries"":113,""runs"":174,""super_over"":false,""target_overs"":20,""target_runs"":172,""wickets"":4}]",INDIA_WIN,India,COMPLETED,Cricsheet,HISTORICAL_DATA
1496935,T20I,2025-09-24,2025,2025,Dubai International Cricket Stadium,Dubai,,India,Bangladesh,True,Bangladesh,Bangladesh,field,"[{""batting_team"":""India"",""declared"":false,""forfeited"":false,""innings_number"":1,""legal_deliveries"":120,""runs"":168,""super_over"":false,""target_overs"":null,""target_runs"":null,""wickets"":6},{""batting_team"":""Bangladesh"",""declared"":false,""forfeited"":false,""innings_number"":2,""legal_deliveries"":117,""runs"":127,""super_over"":false,""target_overs"":20,""target_runs"":169,""wickets"":10}]",INDIA_WIN,India,COMPLETED,Cricsheet,HISTORICAL_DATA
1496937,T20I,2025-09-26,2025,2025,Dubai International Cricket Stadium,Dubai,,India,Sri Lanka,True,Sri Lanka,Sri Lanka,field,"[{""batting_team"":""India"",""declared"":false,""forfeited"":false,""innings_number"":1,""legal_deliveries"":120,""runs"":202,""super_over"":false,""target_overs"":null,""target_runs"":null,""wickets"":5},{""batting_team"":""Sri Lanka"",""declared"":false,""forfeited"":false,""innings_number"":2,""legal_deliveries"":120,""runs"":202,""super_over"":false,""target_overs"":20,""target_runs"":203,""wickets"":5},{""batting_team"":""Sri Lanka"",""declared"":false,""forfeited"":false,""innings_number"":3,""legal_deliveries"":5,""runs"":2,""super_over"":true,""target_overs"":null,""target_runs"":null,""wickets"":2},{""batting_team"":""India"",""declared"":false,""forfeited"":false,""innings_number"":4,""legal_deliveries"":1,""runs"":3,""super_over"":true,""target_overs"":null,""target_runs"":null,""wickets"":0}]",INDIA_WIN,India,COMPLETED,Cricsheet,HISTORICAL_DATA
1496938,T20I,2025-09-28,2025,2025,Dubai International Cricket Stadium,Dubai,,Pakistan,India,True,Pakistan,India,field,"[{""batting_team"":""Pakistan"",""declared"":false,""forfeited"":false,""innings_number"":1,""legal_deliveries"":115,""runs"":146,""super_over"":false,""target_overs"":null,""target_runs"":null,""wickets"":10},{""batting_team"":""India"",""declared"":false,""forfeited"":false,""innings_number"":2,""legal_deliveries"":118,""runs"":150,""super_over"":false,""target_overs"":20,""target_runs"":147,""wickets"":5}]",INDIA_WIN,India,COMPLETED,Cricsheet,HISTORICAL_DATA
1479569,TEST,2025-10-02,2025/26,2025,"Narendra Modi Stadium, Ahmedabad",Ahmedabad,,West Indies,India,True,West Indies,West Indies,bat,"[{""batting_team"":""West Indies"",""declared"":false,""forfeited"":false,""innings_number"":1,""legal_deliveries"":265,""runs"":162,""super_over"":false,""target_overs"":null,""target_runs"":null,""wickets"":10},{""batting_team"":""India"",""declared"":true,""forfeited"":false,""innings_number"":2,""legal_deliveries"":768,""runs"":448,""super_over"":false,""target_overs"":null,""target_runs"":null,""wickets"":5},{""batting_team"":""West Indies"",""declared"":false,""forfeited"":false,""innings_number"":3,""legal_deliveries"":271,""runs"":146,""super_over"":false,""target_overs"":null,""target_runs"":null,""wickets"":10}]",INDIA_WIN,India,COMPLETED,Cricsheet,HISTORICAL_DATA
1479570,TEST,2025-10-10,2025/26,2025,"Arun Jaitley Stadium, Delhi",Delhi,,India,West Indies,True,West Indies,India,bat,"[{""batting_team"":""India"",""declared"":true,""forfeited"":false,""innings_number"":1,""legal_deliveries"":806,""runs"":518,""super_over"":false,""target_overs"":null,""target_runs"":null,""wickets"":5},{""batting_team"":""West Indies"",""declared"":false,""forfeited"":false,""innings_number"":2,""legal_deliveries"":491,""runs"":248,""super_over"":false,""target_overs"":null,""target_runs"":null,""wickets"":10},{""batting_team"":""West Indies"",""declared"":false,""forfeited"":false,""innings_number"":3,""legal_deliveries"":713,""runs"":390,""super_over"":false,""target_overs"":null,""target_runs"":null,""wickets"":10},{""batting_team"":""India"",""declared"":false,""forfeited"":false,""innings_number"":4,""legal_deliveries"":212,""runs"":124,""super_over"":false,""target_overs"":null,""target_runs"":null,""wickets"":3}]",INDIA_WIN,India,COMPLETED,Cricsheet,HISTORICAL_DATA
1478904,ODI,2025-10-19,2025/26,2025,Perth Stadium,Perth,,India,Australia,True,Australia,Australia,field,"[{""batting_team"":""India"",""declared"":false,""forfeited"":false,""innings_number"":1,""legal_deliveries"":156,""runs"":136,""super_over"":false,""target_overs"":null,""target_runs"":null,""wickets"":9},{""batting_team"":""Australia"",""declared"":false,""forfeited"":false,""innings_number"":2,""legal_deliveries"":127,""runs"":131,""super_over"":false,""target_overs"":26,""target_runs"":131,""wickets"":3}]",OPPONENT_WIN,Australia,COMPLETED,Cricsheet,HISTORICAL_DATA
1478905,ODI,2025-10-23,2025/26,2025,Adelaide Oval,Adelaide,,India,Australia,True,Australia,Australia,field,"[{""batting_team"":""India"",""declared"":false,""forfeited"":false,""innings_number"":1,""legal_deliveries"":300,""runs"":264,""super_over"":false,""target_overs"":null,""target_runs"":null,""wickets"":9},{""batting_team"":""Australia"",""declared"":false,""forfeited"":false,""innings_number"":2,""legal_deliveries"":278,""runs"":265,""super_over"":false,""target_overs"":50,""target_runs"":265,""wickets"":8}]",OPPONENT_WIN,Australia,COMPLETED,Cricsheet,HISTORICAL_DATA
1478906,ODI,2025-10-25,2025/26,2025,Sydney Cricket Ground,Sydney,,Australia,India,True,Australia,Australia,bat,"[{""batting_team"":""Australia"",""declared"":false,""forfeited"":false,""innings_number"":1,""legal_deliveries"":280,""runs"":236,""super_over"":false,""target_overs"":null,""target_runs"":null,""wickets"":10},{""batting_team"":""India"",""declared"":false,""forfeited"":false,""innings_number"":2,""legal_deliveries"":231,""runs"":237,""super_over"":false,""target_overs"":50,""target_runs"":237,""wickets"":1}]",INDIA_WIN,India,COMPLETED,Cricsheet,HISTORICAL_DATA
1478907,T20I,2025-10-29,2025/26,2025,"Manuka Oval, Canberra",Canberra,,India,Australia,True,Australia,Australia,field,"[{""batting_team"":""India"",""declared"":false,""forfeited"":false,""innings_number"":1,""legal_deliveries"":58,""runs"":97,""super_over"":false,""target_overs"":null,""target_runs"":null,""wickets"":1}]",,,NO_RESULT,Cricsheet,HISTORICAL_DATA
1478908,T20I,2025-10-31,2025/26,2025,Melbourne Cricket Ground,Melbourne,,India,Australia,True,Australia,Australia,field,"[{""batting_team"":""India"",""declared"":false,""forfeited"":false,""innings_number"":1,""legal_deliveries"":112,""runs"":125,""super_over"":false,""target_overs"":null,""target_runs"":null,""wickets"":10},{""batting_team"":""Australia"",""declared"":false,""forfeited"":false,""innings_number"":2,""legal_deliveries"":80,""runs"":126,""super_over"":false,""target_overs"":20,""target_runs"":126,""wickets"":6}]",OPPONENT_WIN,Australia,COMPLETED,Cricsheet,HISTORICAL_DATA
1478909,T20I,2025-11-02,2025/26,2025,"Bellerive Oval, Hobart",Hobart,,Australia,India,True,Australia,India,field,"[{""batting_team"":""Australia"",""declared"":false,""forfeited"":false,""innings_number"":1,""legal_deliveries"":120,""runs"":186,""super_over"":false,""target_overs"":null,""target_runs"":null,""wickets"":6},{""batting_team"":""India"",""declared"":false,""forfeited"":false,""innings_number"":2,""legal_deliveries"":111,""runs"":188,""super_over"":false,""target_overs"":20,""target_runs"":187,""wickets"":5}]",INDIA_WIN,India,COMPLETED,Cricsheet,HISTORICAL_DATA
1478910,T20I,2025-11-06,2025/26,2025,Carrara Oval,Carrara,,India,Australia,True,Australia,Australia,field,"[{""batting_team"":""India"",""declared"":false,""forfeited"":false,""innings_number"":1,""legal_deliveries"":120,""runs"":167,""super_over"":false,""target_overs"":null,""target_runs"":null,""wickets"":8},{""batting_team"":""Australia"",""declared"":false,""forfeited"":false,""innings_number"":2,""legal_deliveries"":110,""runs"":119,""super_over"":false,""target_overs"":20,""target_runs"":168,""wickets"":10}]",INDIA_WIN,India,COMPLETED,Cricsheet,HISTORICAL_DATA
1478911,T20I,2025-11-08,2025/26,2025,"Brisbane Cricket Ground, Woolloongabba, Brisbane",Brisbane,,India,Australia,True,Australia,Australia,field,"[{""batting_team"":""India"",""declared"":false,""forfeited"":false,""innings_number"":1,""legal_deliveries"":29,""runs"":52,""super_over"":false,""target_overs"":null,""target_runs"":null,""wickets"":0}]",,,NO_RESULT,Cricsheet,HISTORICAL_DATA
1479571,TEST,2025-11-14,2025/26,2025,"Eden Gardens, Kolkata",Kolkata,,South Africa,India,True,South Africa,South Africa,bat,"[{""batting_team"":""South Africa"",""declared"":false,""forfeited"":false,""innings_number"":1,""legal_deliveries"":330,""runs"":159,""super_over"":false,""target_overs"":null,""target_runs"":null,""wickets"":10},{""batting_team"":""India"",""declared"":false,""forfeited"":false,""innings_number"":2,""legal_deliveries"":374,""runs"":189,""super_over"":false,""target_overs"":null,""target_runs"":null,""wickets"":9},{""batting_team"":""South Africa"",""declared"":false,""forfeited"":false,""innings_number"":3,""legal_deliveries"":324,""runs"":153,""super_over"":false,""target_overs"":null,""target_runs"":null,""wickets"":10},{""batting_team"":""India"",""declared"":false,""forfeited"":false,""innings_number"":4,""legal_deliveries"":210,""runs"":93,""super_over"":false,""target_overs"":null,""target_runs"":null,""wickets"":9}]",OPPONENT_WIN,South Africa,COMPLETED,Cricsheet,HISTORICAL_DATA
1479572,TEST,2025-11-22,2025/26,2025,"Barsapara Cricket Stadium, Guwahati",Guwahati,,South Africa,India,True,South Africa,South Africa,bat,"[{""batting_team"":""South Africa"",""declared"":false,""forfeited"":false,""innings_number"":1,""legal_deliveries"":907,""runs"":489,""super_over"":false,""target_overs"":null,""target_runs"":null,""wickets"":10},{""batting_team"":""India"",""declared"":false,""forfeited"":false,""innings_number"":2,""legal_deliveries"":503,""runs"":201,""super_over"":false,""target_overs"":null,""target_runs"":null,""wickets"":10},{""batting_team"":""South Africa"",""declared"":true,""forfeited"":false,""innings_number"":3,""legal_deliveries"":471,""runs"":260,""super_over"":false,""target_overs"":null,""target_runs"":null,""wickets"":5},{""batting_team"":""India"",""declared"":false,""forfeited"":false,""innings_number"":4,""legal_deliveries"":383,""runs"":140,""super_over"":false,""target_overs"":null,""target_runs"":null,""wickets"":10}]",OPPONENT_WIN,South Africa,COMPLETED,Cricsheet,HISTORICAL_DATA
1479573,ODI,2025-11-30,2025/26,2025,"JSCA International Stadium Complex, Ranchi",Ranchi,,India,South Africa,True,South Africa,South Africa,field,"[{""batting_team"":""India"",""declared"":false,""forfeited"":false,""innings_number"":1,""legal_deliveries"":300,""runs"":349,""super_over"":false,""target_overs"":null,""target_runs"":null,""wickets"":8},{""batting_team"":""South Africa"",""declared"":false,""forfeited"":false,""innings_number"":2,""legal_deliveries"":296,""runs"":332,""super_over"":false,""target_overs"":50,""target_runs"":350,""wickets"":10}]",INDIA_WIN,India,COMPLETED,Cricsheet,HISTORICAL_DATA
1479574,ODI,2025-12-03,2025/26,2025,"Shaheed Veer Narayan Singh International Stadium, Raipur",Raipur,,India,South Africa,True,South Africa,South Africa,field,"[{""batting_team"":""India"",""declared"":false,""forfeited"":false,""innings_number"":1,""legal_deliveries"":300,""runs"":358,""super_over"":false,""target_overs"":null,""target_runs"":null,""wickets"":5},{""batting_team"":""South Africa"",""declared"":false,""forfeited"":false,""innings_number"":2,""legal_deliveries"":296,""runs"":362,""super_over"":false,""target_overs"":50,""target_runs"":359,""wickets"":6}]",OPPONENT_WIN,South Africa,COMPLETED,Cricsheet,HISTORICAL_DATA
1479575,ODI,2025-12-06,2025/26,2025,"Dr. Y.S. Rajasekhara Reddy ACA-VDCA Cricket Stadium, Visakhapatnam",Visakhapatnam,,South Africa,India,True,South Africa,India,field,"[{""batting_team"":""South Africa"",""declared"":false,""forfeited"":false,""innings_number"":1,""legal_deliveries"":287,""runs"":270,""super_over"":false,""target_overs"":null,""target_runs"":null,""wickets"":10},{""batting_team"":""India"",""declared"":false,""forfeited"":false,""innings_number"":2,""legal_deliveries"":239,""runs"":271,""super_over"":false,""target_overs"":50,""target_runs"":271,""wickets"":1}]",INDIA_WIN,India,COMPLETED,Cricsheet,HISTORICAL_DATA
1479576,T20I,2025-12-09,2025/26,2025,"Barabati Stadium, Cuttack",Cuttack,,India,South Africa,True,South Africa,South Africa,field,"[{""batting_team"":""India"",""declared"":false,""forfeited"":false,""innings_number"":1,""legal_deliveries"":120,""runs"":175,""super_over"":false,""target_overs"":null,""target_runs"":null,""wickets"":6},{""batting_team"":""South Africa"",""declared"":false,""forfeited"":false,""innings_number"":2,""legal_deliveries"":75,""runs"":74,""super_over"":false,""target_overs"":20,""target_runs"":176,""wickets"":10}]",INDIA_WIN,India,COMPLETED,Cricsheet,HISTORICAL_DATA
1479577,T20I,2025-12-11,2025/26,2025,"Maharaja Yadavindra Singh International Cricket Stadium, New Chandigarh",New Chandigarh,,South Africa,India,True,South Africa,India,field,"[{""batting_team"":""South Africa"",""declared"":false,""forfeited"":false,""innings_number"":1,""legal_deliveries"":120,""runs"":213,""super_over"":false,""target_overs"":null,""target_runs"":null,""wickets"":4},{""batting_team"":""India"",""declared"":false,""forfeited"":false,""innings_number"":2,""legal_deliveries"":115,""runs"":162,""super_over"":false,""target_overs"":20,""target_runs"":214,""wickets"":10}]",OPPONENT_WIN,South Africa,COMPLETED,Cricsheet,HISTORICAL_DATA
1479578,T20I,2025-12-14,2025/26,2025,"Himachal Pradesh Cricket Association Stadium, Dharamsala",Dharamsala,,South Africa,India,True,South Africa,India,field,"[{""batting_team"":""South Africa"",""declared"":false,""forfeited"":false,""innings_number"":1,""legal_deliveries"":120,""runs"":117,""super_over"":false,""target_overs"":null,""target_runs"":null,""wickets"":10},{""batting_team"":""India"",""declared"":false,""forfeited"":false,""innings_number"":2,""legal_deliveries"":95,""runs"":120,""super_over"":false,""target_overs"":20,""target_runs"":118,""wickets"":3}]",INDIA_WIN,India,COMPLETED,Cricsheet,HISTORICAL_DATA
1479580,T20I,2025-12-19,2025/26,2025,"Narendra Modi Stadium, Ahmedabad",Ahmedabad,,India,South Africa,True,South Africa,South Africa,field,"[{""batting_team"":""India"",""declared"":false,""forfeited"":false,""innings_number"":1,""legal_deliveries"":120,""runs"":231,""super_over"":false,""target_overs"":null,""target_runs"":null,""wickets"":5},{""batting_team"":""South Africa"",""declared"":false,""forfeited"":false,""innings_number"":2,""legal_deliveries"":120,""runs"":201,""super_over"":false,""target_overs"":20,""target_runs"":232,""wickets"":8}]",INDIA_WIN,India,COMPLETED,Cricsheet,HISTORICAL_DATA
1490231,ODI,2026-01-11,2025/26,2026,"Kotambi Stadium, Vadodara",Vadodara,,New Zealand,India,True,New Zealand,India,field,"[{""batting_team"":""New Zealand"",""declared"":false,""forfeited"":false,""innings_number"":1,""legal_deliveries"":300,""runs"":300,""super_over"":false,""target_overs"":null,""target_runs"":null,""wickets"":8},{""batting_team"":""India"",""declared"":false,""forfeited"":false,""innings_number"":2,""legal_deliveries"":294,""runs"":306,""super_over"":false,""target_overs"":50,""target_runs"":301,""wickets"":6}]",INDIA_WIN,India,COMPLETED,Cricsheet,HISTORICAL_DATA
1490232,ODI,2026-01-14,2025/26,2026,"Niranjan Shah Stadium, Rajkot",Rajkot,,India,New Zealand,True,New Zealand,New Zealand,field,"[{""batting_team"":""India"",""declared"":false,""forfeited"":false,""innings_number"":1,""legal_deliveries"":300,""runs"":284,""super_over"":false,""target_overs"":null,""target_runs"":null,""wickets"":7},{""batting_team"":""New Zealand"",""declared"":false,""forfeited"":false,""innings_number"":2,""legal_deliveries"":285,""runs"":286,""super_over"":false,""target_overs"":50,""target_runs"":285,""wickets"":3}]",OPPONENT_WIN,New Zealand,COMPLETED,Cricsheet,HISTORICAL_DATA
1490233,ODI,2026-01-18,2025/26,2026,"Holkar Cricket Stadium, Indore",Indore,,New Zealand,India,True,New Zealand,India,field,"[{""batting_team"":""New Zealand"",""declared"":false,""forfeited"":false,""innings_number"":1,""legal_deliveries"":300,""runs"":337,""super_over"":false,""target_overs"":null,""target_runs"":null,""wickets"":8},{""batting_team"":""India"",""declared"":false,""forfeited"":false,""innings_number"":2,""legal_deliveries"":276,""runs"":296,""super_over"":false,""target_overs"":50,""target_runs"":338,""wickets"":10}]",OPPONENT_WIN,New Zealand,COMPLETED,Cricsheet,HISTORICAL_DATA
1490234,T20I,2026-01-21,2025/26,2026,"Vidarbha Cricket Association Stadium, Jamtha, Nagpur",Nagpur,,India,New Zealand,True,New Zealand,New Zealand,field,"[{""batting_team"":""India"",""declared"":false,""forfeited"":false,""innings_number"":1,""legal_deliveries"":120,""runs"":238,""super_over"":false,""target_overs"":null,""target_runs"":null,""wickets"":7},{""batting_team"":""New Zealand"",""declared"":false,""forfeited"":false,""innings_number"":2,""legal_deliveries"":120,""runs"":190,""super_over"":false,""target_overs"":20,""target_runs"":239,""wickets"":7}]",INDIA_WIN,India,COMPLETED,Cricsheet,HISTORICAL_DATA
1490235,T20I,2026-01-23,2025/26,2026,"Shaheed Veer Narayan Singh International Stadium, Raipur",Raipur,,New Zealand,India,True,New Zealand,India,field,"[{""batting_team"":""New Zealand"",""declared"":false,""forfeited"":false,""innings_number"":1,""legal_deliveries"":120,""runs"":208,""super_over"":false,""target_overs"":null,""target_runs"":null,""wickets"":6},{""batting_team"":""India"",""declared"":false,""forfeited"":false,""innings_number"":2,""legal_deliveries"":92,""runs"":209,""super_over"":false,""target_overs"":20,""target_runs"":209,""wickets"":3}]",INDIA_WIN,India,COMPLETED,Cricsheet,HISTORICAL_DATA
1490236,T20I,2026-01-25,2025/26,2026,"Barsapara Cricket Stadium, Guwahati",Guwahati,,New Zealand,India,True,New Zealand,India,field,"[{""batting_team"":""New Zealand"",""declared"":false,""forfeited"":false,""innings_number"":1,""legal_deliveries"":120,""runs"":153,""super_over"":false,""target_overs"":null,""target_runs"":null,""wickets"":9},{""batting_team"":""India"",""declared"":false,""forfeited"":false,""innings_number"":2,""legal_deliveries"":60,""runs"":155,""super_over"":false,""target_overs"":20,""target_runs"":154,""wickets"":2}]",INDIA_WIN,India,COMPLETED,Cricsheet,HISTORICAL_DATA
1490237,T20I,2026-01-28,2025/26,2026,"Dr. Y.S. Rajasekhara Reddy ACA-VDCA Cricket Stadium, Visakhapatnam",Visakhapatnam,,New Zealand,India,True,New Zealand,India,field,"[{""batting_team"":""New Zealand"",""declared"":false,""forfeited"":false,""innings_number"":1,""legal_deliveries"":120,""runs"":215,""super_over"":false,""target_overs"":null,""target_runs"":null,""wickets"":7},{""batting_team"":""India"",""declared"":false,""forfeited"":false,""innings_number"":2,""legal_deliveries"":112,""runs"":165,""super_over"":false,""target_overs"":20,""target_runs"":216,""wickets"":10}]",OPPONENT_WIN,New Zealand,COMPLETED,Cricsheet,HISTORICAL_DATA
1490238,T20I,2026-01-31,2025/26,2026,"Greenfield International Stadium, Thiruvananthapuram",Thiruvananthapuram,,India,New Zealand,True,New Zealand,India,bat,"[{""batting_team"":""India"",""declared"":false,""forfeited"":false,""innings_number"":1,""legal_deliveries"":120,""runs"":271,""super_over"":false,""target_overs"":null,""target_runs"":null,""wickets"":5},{""batting_team"":""New Zealand"",""declared"":false,""forfeited"":false,""innings_number"":2,""legal_deliveries"":118,""runs"":225,""super_over"":false,""target_overs"":20,""target_runs"":272,""wickets"":10}]",INDIA_WIN,India,COMPLETED,Cricsheet,HISTORICAL_DATA
1512721,T20I,2026-02-07,2025/26,2026,"Wankhede Stadium, Mumbai",Mumbai,,India,United States of America,True,United States of America,United States of America,field,"[{""batting_team"":""India"",""declared"":false,""forfeited"":false,""innings_number"":1,""legal_deliveries"":120,""runs"":161,""super_over"":false,""target_overs"":null,""target_runs"":null,""wickets"":9},{""batting_team"":""United States of America"",""declared"":false,""forfeited"":false,""innings_number"":2,""legal_deliveries"":120,""runs"":132,""super_over"":false,""target_overs"":20,""target_runs"":162,""wickets"":8}]",INDIA_WIN,India,COMPLETED,Cricsheet,HISTORICAL_DATA
1512736,T20I,2026-02-12,2025/26,2026,"Arun Jaitley Stadium, Delhi",Delhi,,India,Namibia,True,Namibia,Namibia,field,"[{""batting_team"":""India"",""declared"":false,""forfeited"":false,""innings_number"":1,""legal_deliveries"":120,""runs"":209,""super_over"":false,""target_overs"":null,""target_runs"":null,""wickets"":9},{""batting_team"":""Namibia"",""declared"":false,""forfeited"":false,""innings_number"":2,""legal_deliveries"":110,""runs"":116,""super_over"":false,""target_overs"":20,""target_runs"":210,""wickets"":10}]",INDIA_WIN,India,COMPLETED,Cricsheet,HISTORICAL_DATA
1512745,T20I,2026-02-15,2025/26,2026,"R Premadasa Stadium, Colombo",Colombo,,India,Pakistan,True,Pakistan,Pakistan,field,"[{""batting_team"":""India"",""declared"":false,""forfeited"":false,""innings_number"":1,""legal_deliveries"":120,""runs"":175,""super_over"":false,""target_overs"":null,""target_runs"":null,""wickets"":7},{""batting_team"":""Pakistan"",""declared"":false,""forfeited"":false,""innings_number"":2,""legal_deliveries"":108,""runs"":114,""super_over"":false,""target_overs"":20,""target_runs"":176,""wickets"":10}]",INDIA_WIN,India,COMPLETED,Cricsheet,HISTORICAL_DATA
1512754,T20I,2026-02-18,2025/26,2026,"Narendra Modi Stadium, Ahmedabad",Ahmedabad,,India,Netherlands,True,Netherlands,India,bat,"[{""batting_team"":""India"",""declared"":false,""forfeited"":false,""innings_number"":1,""legal_deliveries"":120,""runs"":193,""super_over"":false,""target_overs"":null,""target_runs"":null,""wickets"":6},{""batting_team"":""Netherlands"",""declared"":false,""forfeited"":false,""innings_number"":2,""legal_deliveries"":120,""runs"":176,""super_over"":false,""target_overs"":20,""target_runs"":194,""wickets"":7}]",INDIA_WIN,India,COMPLETED,Cricsheet,HISTORICAL_DATA
1512761,T20I,2026-02-22,2025/26,2026,"Narendra Modi Stadium, Ahmedabad",Ahmedabad,,South Africa,India,True,South Africa,South Africa,bat,"[{""batting_team"":""South Africa"",""declared"":false,""forfeited"":false,""innings_number"":1,""legal_deliveries"":120,""runs"":187,""super_over"":false,""target_overs"":null,""target_runs"":null,""wickets"":7},{""batting_team"":""India"",""declared"":false,""forfeited"":false,""innings_number"":2,""legal_deliveries"":113,""runs"":111,""super_over"":false,""target_overs"":20,""target_runs"":188,""wickets"":10}]",OPPONENT_WIN,South Africa,COMPLETED,Cricsheet,HISTORICAL_DATA
1512766,T20I,2026-02-26,2025/26,2026,"MA Chidambaram Stadium, Chepauk, Chennai",Chennai,,India,Zimbabwe,True,Zimbabwe,Zimbabwe,field,"[{""batting_team"":""India"",""declared"":false,""forfeited"":false,""innings_number"":1,""legal_deliveries"":120,""runs"":256,""super_over"":false,""target_overs"":null,""target_runs"":null,""wickets"":4},{""batting_team"":""Zimbabwe"",""declared"":false,""forfeited"":false,""innings_number"":2,""legal_deliveries"":120,""runs"":184,""super_over"":false,""target_overs"":20,""target_runs"":257,""wickets"":6}]",INDIA_WIN,India,COMPLETED,Cricsheet,HISTORICAL_DATA
1512770,T20I,2026-03-01,2025/26,2026,"Eden Gardens, Kolkata",Kolkata,,West Indies,India,True,West Indies,India,field,"[{""batting_team"":""West Indies"",""declared"":false,""forfeited"":false,""innings_number"":1,""legal_deliveries"":120,""runs"":195,""super_over"":false,""target_overs"":null,""target_runs"":null,""wickets"":4},{""batting_team"":""India"",""declared"":false,""forfeited"":false,""innings_number"":2,""legal_deliveries"":116,""runs"":199,""super_over"":false,""target_overs"":20,""target_runs"":196,""wickets"":5}]",INDIA_WIN,India,COMPLETED,Cricsheet,HISTORICAL_DATA
1512772,T20I,2026-03-05,2025/26,2026,"Wankhede Stadium, Mumbai",Mumbai,,India,England,True,England,England,field,"[{""batting_team"":""India"",""declared"":false,""forfeited"":false,""innings_number"":1,""legal_deliveries"":120,""runs"":253,""super_over"":false,""target_overs"":null,""target_runs"":null,""wickets"":7},{""batting_team"":""England"",""declared"":false,""forfeited"":false,""innings_number"":2,""legal_deliveries"":120,""runs"":246,""super_over"":false,""target_overs"":20,""target_runs"":254,""wickets"":7}]",INDIA_WIN,India,COMPLETED,Cricsheet,HISTORICAL_DATA
1512773,T20I,2026-03-08,2025/26,2026,"Narendra Modi Stadium, Ahmedabad",Ahmedabad,,India,New Zealand,True,New Zealand,New Zealand,field,"[{""batting_team"":""India"",""declared"":false,""forfeited"":false,""innings_number"":1,""legal_deliveries"":120,""runs"":255,""super_over"":false,""target_overs"":null,""target_runs"":null,""wickets"":5},{""batting_team"":""New Zealand"",""declared"":false,""forfeited"":false,""innings_number"":2,""legal_deliveries"":114,""runs"":159,""super_over"":false,""target_overs"":20,""target_runs"":256,""wickets"":10}]",INDIA_WIN,India,COMPLETED,Cricsheet,HISTORICAL_DATA
1528548,T20I,2026-06-26,2026,2026,"Civil Service Cricket Club, Stormont, Belfast",Belfast,,Ireland,India,True,Ireland,India,field,"[{""batting_team"":""Ireland"",""declared"":false,""forfeited"":false,""innings_number"":1,""legal_deliveries"":120,""runs"":182,""super_over"":false,""target_overs"":null,""target_runs"":null,""wickets"":9},{""batting_team"":""India"",""declared"":false,""forfeited"":false,""innings_number"":2,""legal_deliveries"":113,""runs"":148,""super_over"":false,""target_overs"":20,""target_runs"":183,""wickets"":10}]",OPPONENT_WIN,Ireland,COMPLETED,Cricsheet,HISTORICAL_DATA
1528549,T20I,2026-06-28,2026,2026,"Civil Service Cricket Club, Stormont, Belfast",Belfast,,Ireland,India,True,Ireland,India,field,"[{""batting_team"":""Ireland"",""declared"":false,""forfeited"":false,""innings_number"":1,""legal_deliveries"":120,""runs"":154,""super_over"":false,""target_overs"":null,""target_runs"":null,""wickets"":8},{""batting_team"":""India"",""declared"":false,""forfeited"":false,""innings_number"":2,""legal_deliveries"":120,""runs"":153,""super_over"":false,""target_overs"":20,""target_runs"":155,""wickets"":9}]",OPPONENT_WIN,Ireland,COMPLETED,Cricsheet,HISTORICAL_DATA
1496574,T20I,2026-07-01,2026,2026,"Riverside Ground, Chester-le-Street",Chester-le-Street,,India,England,True,England,India,bat,"[{""batting_team"":""India"",""declared"":false,""forfeited"":false,""innings_number"":1,""legal_deliveries"":120,""runs"":189,""super_over"":false,""target_overs"":null,""target_runs"":null,""wickets"":7}]",,,NO_RESULT,Cricsheet,HISTORICAL_DATA
1496575,T20I,2026-07-04,2026,2026,"Old Trafford, Manchester",Manchester,,India,England,True,England,India,bat,"[{""batting_team"":""India"",""declared"":false,""forfeited"":false,""innings_number"":1,""legal_deliveries"":120,""runs"":190,""super_over"":false,""target_overs"":null,""target_runs"":null,""wickets"":7},{""batting_team"":""England"",""declared"":false,""forfeited"":false,""innings_number"":2,""legal_deliveries"":114,""runs"":191,""super_over"":false,""target_overs"":20,""target_runs"":191,""wickets"":6}]",OPPONENT_WIN,England,COMPLETED,Cricsheet,HISTORICAL_DATA
1496576,T20I,2026-07-07,2026,2026,"Trent Bridge, Nottingham",Nottingham,,England,India,True,England,India,field,"[{""batting_team"":""England"",""declared"":false,""forfeited"":false,""innings_number"":1,""legal_deliveries"":120,""runs"":201,""super_over"":false,""target_overs"":null,""target_runs"":null,""wickets"":7},{""batting_team"":""India"",""declared"":false,""forfeited"":false,""innings_number"":2,""legal_deliveries"":70,""runs"":76,""super_over"":false,""target_overs"":20,""target_runs"":202,""wickets"":10}]",OPPONENT_WIN,England,COMPLETED,Cricsheet,HISTORICAL_DATA
1496577,T20I,2026-07-09,2026,2026,"County Ground, Bristol",Bristol,,India,England,True,England,India,bat,"[{""batting_team"":""India"",""declared"":false,""forfeited"":false,""innings_number"":1,""legal_deliveries"":120,""runs"":158,""super_over"":false,""target_overs"":null,""target_runs"":null,""wickets"":7},{""batting_team"":""England"",""declared"":false,""forfeited"":false,""innings_number"":2,""legal_deliveries"":83,""runs"":159,""super_over"":false,""target_overs"":20,""target_runs"":159,""wickets"":1}]",OPPONENT_WIN,England,COMPLETED,Cricsheet,HISTORICAL_DATA
1496578,T20I,2026-07-11,2026,2026,"The Rose Bowl, Southampton",Southampton,,England,India,True,England,India,field,"[{""batting_team"":""England"",""declared"":false,""forfeited"":false,""innings_number"":1,""legal_deliveries"":120,""runs"":257,""super_over"":false,""target_overs"":null,""target_runs"":null,""wickets"":3},{""batting_team"":""India"",""declared"":false,""forfeited"":false,""innings_number"":2,""legal_deliveries"":120,""runs"":201,""super_over"":false,""target_overs"":20,""target_runs"":258,""wickets"":8}]",OPPONENT_WIN,England,COMPLETED,Cricsheet,HISTORICAL_DATA
1496579,ODI,2026-07-14,2026,2026,"Edgbaston, Birmingham",Birmingham,,England,India,True,England,England,bat,"[{""batting_team"":""England"",""declared"":false,""forfeited"":false,""innings_number"":1,""legal_deliveries"":287,""runs"":258,""super_over"":false,""target_overs"":null,""target_runs"":null,""wickets"":10},{""batting_team"":""India"",""declared"":false,""forfeited"":false,""innings_number"":2,""legal_deliveries"":272,""runs"":262,""super_over"":false,""target_overs"":50,""target_runs"":259,""wickets"":4}]",INDIA_WIN,India,COMPLETED,Cricsheet,HISTORICAL_DATA
1496580,ODI,2026-07-16,2026,2026,"Sophia Gardens, Cardiff",Cardiff,,India,England,True,England,England,field,"[{""batting_team"":""India"",""declared"":false,""forfeited"":false,""innings_number"":1,""legal_deliveries"":264,""runs"":233,""super_over"":false,""target_overs"":null,""target_runs"":null,""wickets"":10},{""batting_team"":""England"",""declared"":false,""forfeited"":false,""innings_number"":2,""legal_deliveries"":265,""runs"":235,""super_over"":false,""target_overs"":50,""target_runs"":234,""wickets"":6}]",OPPONENT_WIN,England,COMPLETED,Cricsheet,HISTORICAL_DATA
1496581,ODI,2026-07-19,2026,2026,"Lord's, London",London,,England,India,True,England,England,bat,"[{""batting_team"":""England"",""declared"":false,""forfeited"":false,""innings_number"":1,""legal_deliveries"":300,""runs"":387,""super_over"":false,""target_overs"":null,""target_runs"":null,""wickets"":3},{""batting_team"":""India"",""declared"":false,""forfeited"":false,""innings_number"":2,""legal_deliveries"":300,""runs"":360,""super_over"":false,""target_overs"":50,""target_runs"":388,""wickets"":7}]",OPPONENT_WIN,England,COMPLETED,Cricsheet,HISTORICAL_DATA
1530060,T20I,2026-07-23,2026,2026,Harare Sports Club,Harare,,Zimbabwe,India,True,Zimbabwe,India,field,"[{""batting_team"":""Zimbabwe"",""declared"":false,""forfeited"":false,""innings_number"":1,""legal_deliveries"":120,""runs"":125,""super_over"":false,""target_overs"":null,""target_runs"":null,""wickets"":7},{""batting_team"":""India"",""declared"":false,""forfeited"":false,""innings_number"":2,""legal_deliveries"":80,""runs"":126,""super_over"":false,""target_overs"":20,""target_runs"":126,""wickets"":3}]",INDIA_WIN,India,COMPLETED,Cricsheet,HISTORICAL_DATA
1530061,T20I,2026-07-25,2026,2026,Harare Sports Club,Harare,,India,Zimbabwe,True,Zimbabwe,Zimbabwe,field,"[{""batting_team"":""India"",""declared"":false,""forfeited"":false,""innings_number"":1,""legal_deliveries"":120,""runs"":219,""super_over"":false,""target_overs"":null,""target_runs"":null,""wickets"":5},{""batting_team"":""Zimbabwe"",""declared"":false,""forfeited"":false,""innings_number"":2,""legal_deliveries"":107,""runs"":129,""super_over"":false,""target_overs"":20,""target_runs"":220,""wickets"":10}]",INDIA_WIN,India,COMPLETED,Cricsheet,HISTORICAL_DATA
1530062,T20I,2026-07-26,2026,2026,Harare Sports Club,Harare,,India,Zimbabwe,True,Zimbabwe,India,bat,"[{""batting_team"":""India"",""declared"":false,""forfeited"":false,""innings_number"":1,""legal_deliveries"":120,""runs"":192,""super_over"":false,""target_overs"":null,""target_runs"":null,""wickets"":5},{""batting_team"":""Zimbabwe"",""declared"":false,""forfeited"":false,""innings_number"":2,""legal_deliveries"":120,""runs"":157,""super_over"":false,""target_overs"":20,""target_runs"":193,""wickets"":7}]",INDIA_WIN,India,COMPLETED,Cricsheet,HISTORICAL_DATA
1544001,TEST,2026-08-15,2026,2026,Galle International Stadium,Galle,,India,Sri Lanka,True,Sri Lanka,India,bat,"[{""batting_team"":""India"",""declared"":false,""forfeited"":false,""innings_number"":1,""legal_deliveries"":700,""runs"":462,""super_over"":false,""target_overs"":null,""target_runs"":null,""wickets"":10},{""batting_team"":""Sri Lanka"",""declared"":false,""forfeited"":false,""innings_number"":2,""legal_deliveries"":478,""runs"":284,""super_over"":false,""target_overs"":null,""target_runs"":null,""wickets"":10},{""batting_team"":""India"",""declared"":false,""forfeited"":false,""innings_number"":3,""legal_deliveries"":293,""runs"":193,""super_over"":false,""target_overs"":null,""target_runs"":null,""wickets"":10},{""batting_team"":""Sri Lanka"",""declared"":false,""forfeited"":false,""innings_number"":4,""legal_deliveries"":466,""runs"":206,""super_over"":false,""target_overs"":null,""target_runs"":null,""wickets"":10}]",INDIA_WIN,India,COMPLETED,Cricsheet,HISTORICAL_DATA
1544002,TEST,2026-08-23,2026,2026,"Sinhalese Sports Club Ground, Colombo",Colombo,,India,Sri Lanka,True,Sri Lanka,India,bat,"[{""batting_team"":""India"",""declared"":true,""forfeited"":false,""innings_number"":1,""legal_deliveries"":828,""runs"":503,""super_over"":false,""target_overs"":null,""target_runs"":null,""wickets"":9},{""batting_team"":""Sri Lanka"",""declared"":false,""forfeited"":false,""innings_number"":2,""legal_deliveries"":538,""runs"":290,""super_over"":false,""target_overs"":null,""target_runs"":null,""wickets"":10},{""batting_team"":""Sri Lanka"",""declared"":true,""forfeited"":false,""innings_number"":3,""legal_deliveries"":924,""runs"":429,""super_over"":false,""target_overs"":null,""target_runs"":null,""wickets"":9}]",DRAW,,DRAWN,Cricsheet,HISTORICAL_DATA
